{
	"credit": "Made with Blockbench",
	"textures": {
		"0": "block/base",
		"1": "block/sea_lantern",
		"particle": "block/base"
	},
	"elements": [
		{
			"from": [7, 8, 5],
			"to": [9, 8.125, 7],
			"rotation": {"angle": 0, "axis": "y", "origin": [8, 0, 6]},
			"faces": {
				"east": {"uv": [0, 0, 16, 1], "texture": "#0", "tintindex": 0},
				"west": {"uv": [0, 0, 16, 1], "texture": "#0", "tintindex": 0},
				"up": {"uv": [0, 0, 16, 16], "rotation": 180, "texture": "#0", "tintindex": 0},
				"down": {"uv": [0, 0, 16, 16], "rotation": 180, "texture": "#0", "tintindex": 0}
			}
		},
		{
			"from": [7, 8, 7],
			"to": [9, 8.125, 9],
			"rotation": {"angle": 0, "axis": "y", "origin": [8, 0, 6]},
			"faces": {
				"east": {"uv": [0, 0, 16, 1], "texture": "#0", "tintindex": 0},
				"west": {"uv": [0, 0, 16, 1], "texture": "#0", "tintindex": 0},
				"up": {"uv": [0, 0, 16, 16], "rotation": 180, "texture": "#0", "tintindex": 0},
				"down": {"uv": [0, 0, 16, 16], "rotation": 180, "texture": "#0", "tintindex": 0}
			}
		},
		{
			"from": [7, 8, 3],
			"to": [9, 8.125, 5],
			"rotation": {"angle": 0, "axis": "y", "origin": [8, 0, 6]},
			"faces": {
				"north": {"uv": [0, 0, 16, 1], "texture": "#0", "tintindex": 0},
				"east": {"uv": [0, 0, 16, 1], "texture": "#0", "tintindex": 0},
				"west": {"uv": [0, 0, 16, 1], "texture": "#0", "tintindex": 0},
				"up": {"uv": [0, 0, 16, 16], "rotation": 180, "texture": "#0", "tintindex": 0},
				"down": {"uv": [0, 0, 16, 16], "rotation": 180, "texture": "#0", "tintindex": 0}
			}
		},
		{
			"from": [7, 8, 9],
			"to": [9, 8.125, 11],
			"rotation": {"angle": 0, "axis": "y", "origin": [8, 0, 6]},
			"faces": {
				"east": {"uv": [0, 0, 16, 1], "texture": "#0", "tintindex": 0},
				"west": {"uv": [0, 0, 16, 1], "texture": "#0", "tintindex": 0},
				"up": {"uv": [0, 0, 16, 16], "rotation": 180, "texture": "#0", "tintindex": 0},
				"down": {"uv": [0, 0, 16, 16], "rotation": 180, "texture": "#0", "tintindex": 0}
			}
		},
		{
			"from": [7, 8, 11],
			"to": [9, 8.125, 13],
			"rotation": {"angle": 0, "axis": "y", "origin": [8, 0, 6]},
			"faces": {
				"east": {"uv": [0, 0, 16, 1], "texture": "#0", "tintindex": 0},
				"south": {"uv": [0, 0, 16, 1], "texture": "#0", "tintindex": 0},
				"west": {"uv": [0, 0, 16, 1], "texture": "#0", "tintindex": 0},
				"up": {"uv": [0, 0, 16, 16], "rotation": 180, "texture": "#0", "tintindex": 0},
				"down": {"uv": [0, 0, 16, 16], "rotation": 180, "texture": "#0", "tintindex": 0}
			}
		},
		{
			"from": [3, 0, 3],
			"to": [13, 0, 13],
			"faces": {
				"north": {"uv": [0, 0, 10, 0], "texture": "#missing"},
				"east": {"uv": [0, 0, 10, 0], "texture": "#missing"},
				"south": {"uv": [0, 0, 10, 0], "texture": "#missing"},
				"west": {"uv": [0, 0, 10, 0], "texture": "#missing"},
				"up": {"uv": [0, 0, 16, 16], "texture": "#1"},
				"down": {"uv": [0, 0, 10, 10], "texture": "#missing"}
			}
		}
	],
	"gui_light": "front",
	"display": {
		"thirdperson_righthand": {
			"scale": [1.5, 1.5, 1.5]
		},
		"firstperson_righthand": {
			"rotation": [90, 0, 25],
			"translation": [1.25, 5.75, 0]
		},
		"ground": {
			"translation": [0, 4.25, 0]
		},
		"gui": {
			"rotation": [90, 0, 0],
			"scale": [1.6, 1.6, 1.6]
		},
		"fixed": {
			"rotation": [-90, 0, 0],
			"translation": [0, 0, -16],
			"scale": [2, 2, 2]
		}
	}
}