{
	"credit": "Made with Blockbench by dragonmaster95",
	"parent": "costumes/head_template",
	"textures": {
		"0": "entity/allay/allay"
	},
	"elements": [
		{
			"name": "head",
			"from": [6.25, 4.01, 5.5],
			"to": [11.25, 9.01, 10.5],
			"rotation": {"angle": 0, "axis": "x", "origin": [9.75, 3, 9]},
			"faces": {
				"north": {"uv": [2.5, 2.5, 5, 5], "texture": "#0"},
				"east": {"uv": [0, 2.5, 2.5, 5], "texture": "#0"},
				"south": {"uv": [7.5, 2.5, 10, 5], "texture": "#0"},
				"west": {"uv": [5, 2.5, 7.5, 5], "texture": "#0"},
				"up": {"uv": [5, 2.5, 2.5, 0], "texture": "#0"},
				"down": {"uv": [7.5, 0, 5, 2.5], "texture": "#0"}
			}
		},
		{
			"name": "body",
			"from": [7.25, 0, 7],
			"to": [10.25, 4, 9],
			"rotation": {"angle": 0, "axis": "x", "origin": [9.75, 3, 9]},
			"faces": {
				"north": {"uv": [1, 6, 2.5, 8], "texture": "#0"},
				"east": {"uv": [0, 6, 1, 8], "texture": "#0"},
				"south": {"uv": [3.5, 6, 5, 8], "texture": "#0"},
				"west": {"uv": [2.5, 6, 3.5, 8], "texture": "#0"},
				"up": {"uv": [2.5, 6, 1, 5], "texture": "#0"},
				"down": {"uv": [4, 5, 2.5, 6], "texture": "#0"}
			}
		},
		{
			"name": "body",
			"from": [7.45, -0.8, 7.2],
			"to": [10.05, 3.8, 8.8],
			"rotation": {"angle": 0, "axis": "x", "origin": [9.75, 3, 9]},
			"faces": {
				"north": {"uv": [1, 9, 2.5, 11.5], "texture": "#0"},
				"east": {"uv": [0, 9, 1, 11.5], "texture": "#0"},
				"south": {"uv": [3.5, 9, 5, 11.5], "texture": "#0"},
				"west": {"uv": [2.5, 9, 3.5, 11.5], "texture": "#0"},
				"up": {"uv": [2.5, 9, 1, 8], "texture": "#0"},
				"down": {"uv": [4, 8, 2.5, 9], "texture": "#0"}
			}
		},
		{
			"name": "right_arm",
			"from": [10.25, 0, 7],
			"to": [11.25, 4, 9],
			"rotation": {"angle": 45, "axis": "z", "origin": [10.5, 3.5, 8]},
			"faces": {
				"north": {"uv": [12.5, 1, 13, 3], "texture": "#0"},
				"east": {"uv": [11.5, 1, 12.5, 3], "texture": "#0"},
				"south": {"uv": [14, 1, 14.5, 3], "texture": "#0"},
				"west": {"uv": [13, 1, 14, 3], "texture": "#0"},
				"up": {"uv": [13, 1, 12.5, 0], "texture": "#0"},
				"down": {"uv": [13.5, 0, 13, 1], "texture": "#0"}
			}
		},
		{
			"name": "left_arm",
			"from": [6.25, 0, 7],
			"to": [7.25, 4, 9],
			"rotation": {"angle": -45, "axis": "z", "origin": [7, 3.5, 8]},
			"faces": {
				"north": {"uv": [12.5, 4, 13, 6], "texture": "#0"},
				"east": {"uv": [11.5, 4, 12.5, 6], "texture": "#0"},
				"south": {"uv": [14, 4, 14.5, 6], "texture": "#0"},
				"west": {"uv": [13, 4, 14, 6], "texture": "#0"},
				"up": {"uv": [13, 4, 12.5, 3], "texture": "#0"},
				"down": {"uv": [13.5, 3, 13, 4], "texture": "#0"}
			}
		},
		{
			"name": "left_wing",
			"from": [0.25, -2, 9],
			"to": [8.25, 3, 9],
			"shade": false,
			"rotation": {"angle": -22.5, "axis": "z", "origin": [8.25, 3, 9]},
			"faces": {
				"north": {"uv": [12, 11, 8, 13.5], "texture": "#0"},
				"east": {"uv": [12, 11, 12, 13.5], "texture": "#0"},
				"south": {"uv": [8, 11, 12, 13.5], "texture": "#0"},
				"west": {"uv": [16, 11, 16, 13.5], "texture": "#0"},
				"up": {"uv": [12, 11, 12, 7], "rotation": 90, "texture": "#0"},
				"down": {"uv": [12, 7, 12, 11], "rotation": 270, "texture": "#0"}
			}
		},
		{
			"name": "right_wing",
			"from": [9.251, -2, 9.001],
			"to": [17.251, 3, 9.001],
			"rotation": {"angle": 22.5, "axis": "z", "origin": [9.251, 3, 9]},
			"faces": {
				"north": {"uv": [8, 11, 12, 13.5], "texture": "#0"},
				"east": {"uv": [16, 11, 16, 13.5], "texture": "#0"},
				"south": {"uv": [12, 11, 8, 13.5], "texture": "#0"},
				"west": {"uv": [12, 11, 12, 13.5], "texture": "#0"},
				"up": {"uv": [12, 11, 12, 7], "rotation": 270, "texture": "#0"},
				"down": {"uv": [12, 7, 12, 11], "rotation": 90, "texture": "#0"}
			}
		}
	],
	"groups": [
		{
			"name": "root",
			"origin": [0, 0, 0],
			"color": 0,
			"children": [
				{
					"name": "head",
					"origin": [0, 4, 0],
					"color": 0,
					"children": [0]
				},
				{
					"name": "body",
					"origin": [0, 4, 0],
					"color": 0,
					"children": [
						1,
						2,
						{
							"name": "rightItem",
							"origin": [0, -1, -2],
							"color": 0,
							"children": []
						},
						{
							"name": "right_arm",
							"origin": [1.75, 3.5, 0],
							"color": 0,
							"children": [3]
						},
						{
							"name": "left_arm",
							"origin": [-1.75, 3.5, 0],
							"color": 0,
							"children": [4]
						},
						{
							"name": "left_wing",
							"origin": [-0.5, 3, 1],
							"color": 0,
							"children": [5]
						},
						{
							"name": "right_wing",
							"origin": [0.5, 3, 1],
							"color": 0,
							"children": [6]
						}
					]
				}
			]
		}
	]
}