{
	"credit": "Made with Blockbench by dragonmaster95",
	"texture_size": [32, 32],
	"textures": {
		"3": "costumes/arch_illager_head"
	},
	"elements": [
		{
			"from": [7, -1, 4],
			"to": [9, 3, 5],
			"faces": {
				"north": {"uv": [11, 10, 12, 12], "texture": "#3"},
				"east": {"uv": [7, 11.5, 7.5, 13.5], "texture": "#3"},
				"south": {"uv": [6, 11.5, 7, 13.5], "texture": "#3"},
				"west": {"uv": [7.5, 11.5, 8, 13.5], "texture": "#3"},
				"up": {"uv": [13, 2.5, 12, 2], "texture": "#3"},
				"down": {"uv": [13, 2.5, 12, 3], "texture": "#3"}
			}
		},
		{
			"from": [2, 0, 5],
			"to": [14, 7, 11],
			"faces": {
				"north": {"uv": [0, 0, 6, 3.5], "texture": "#3"},
				"east": {"uv": [8, 6, 11, 9.5], "texture": "#3"},
				"south": {"uv": [0, 3.5, 6, 7], "texture": "#3"},
				"west": {"uv": [8, 9.5, 11, 13], "texture": "#3"},
				"up": {"uv": [12, 3, 6, 0], "texture": "#3"},
				"down": {"uv": [12, 3, 6, 6], "texture": "#3"}
			}
		},
		{
			"name": "cube inverted",
			"from": [10, 18.01, 10],
			"to": [6, 7.01, 6],
			"faces": {
				"north": {"uv": [2, 12.5, 4, 7], "texture": "#3"},
				"east": {"uv": [4, 12.5, 6, 7], "texture": "#3"},
				"south": {"uv": [6, 11.5, 8, 6], "texture": "#3"},
				"west": {"uv": [0, 12.5, 2, 7], "texture": "#3"},
				"up": {"uv": [11, 6, 13, 8], "texture": "#3"}
			}
		},
		{
			"from": [6, 7.01, 6],
			"to": [10, 18.01, 10],
			"faces": {
				"north": {"uv": [6, 6, 8, 11.5], "texture": "#3"},
				"east": {"uv": [0, 7, 2, 12.5], "texture": "#3"},
				"south": {"uv": [2, 7, 4, 12.5], "texture": "#3"},
				"west": {"uv": [4, 7, 6, 12.5], "texture": "#3"},
				"down": {"uv": [13, 6, 11, 8], "texture": "#3"}
			}
		}
	],
	"display": {
		"gui": {
			"rotation": [15, 150, 0]
		},
		"head": {
			"translation": [0, 12, 0],
			"scale": [2.41, 2.41, 2.41]
		}
	}
}