{
	"credit": "Made with Blockbench by dragonmaster95",
	"parent": "block/block",
	"textures": {
		"0": "entity/axolotl/axolotl_lucy"
	},
	"elements": [
		{
			"name": "body",
			"from": [4, 0, 1.75],
			"to": [12, 4, 11.75],
			"rotation": {"angle": 0, "axis": "y", "origin": [8, 0, -1.25]},
			"faces": {
				"north": {"uv": [2.5, 5.25, 4.5, 6.25], "texture": "#0"},
				"east": {"uv": [0, 5.25, 2.5, 6.25], "texture": "#0"},
				"south": {"uv": [7, 5.25, 9, 6.25], "texture": "#0"},
				"west": {"uv": [4.5, 5.25, 7, 6.25], "texture": "#0"},
				"up": {"uv": [4.5, 5.25, 2.5, 2.75], "texture": "#0"},
				"down": {"uv": [6.5, 2.75, 4.5, 5.25], "texture": "#0"}
			}
		},
		{
			"name": "body",
			"from": [8, 0, 1.75],
			"to": [8, 5, 10.75],
			"rotation": {"angle": 0, "axis": "y", "origin": [8, 0, -1.25]},
			"faces": {
				"north": {"uv": [2.75, 6.5, 2.75, 7.75], "texture": "#0"},
				"east": {"uv": [0.5, 6.5, 2.75, 7.75], "texture": "#0"},
				"south": {"uv": [5, 6.5, 5, 7.75], "texture": "#0"},
				"west": {"uv": [2.75, 6.5, 0.5, 7.75], "texture": "#0"},
				"up": {"uv": [2.75, 6.5, 2.75, 4.25], "texture": "#0"},
				"down": {"uv": [2.75, 4.25, 2.75, 6.5], "texture": "#0"}
			}
		},
		{
			"name": "left_leg",
			"from": [-1.75, -0.75, 8.75],
			"to": [3.25, -0.75, 11.75],
			"rotation": {"angle": 45, "axis": "z", "origin": [1.5, 1, 6.25]},
			"faces": {
				"north": {"uv": [0.5, 3.25, 0.5, 4.5], "rotation": 270, "texture": "#0"},
				"east": {"uv": [1.25, 3.25, 0.5, 3.25], "texture": "#0"},
				"south": {"uv": [1.25, 3.25, 1.25, 4.5], "rotation": 90, "texture": "#0"},
				"west": {"uv": [2, 3.25, 1.25, 3.25], "rotation": 180, "texture": "#0"},
				"up": {"uv": [0.5, 3.25, 1.25, 4.5], "rotation": 90, "texture": "#0"},
				"down": {"uv": [1.25, 3.25, 2, 4.5], "rotation": 90, "texture": "#0"}
			}
		},
		{
			"name": "left_leg",
			"from": [-1.75, -0.75, 0.75],
			"to": [3.25, -0.75, 3.75],
			"rotation": {"angle": 45, "axis": "z", "origin": [1.5, 1, 6.25]},
			"faces": {
				"north": {"uv": [1.25, 4.5, 1.25, 3.25], "rotation": 90, "texture": "#0"},
				"east": {"uv": [0.5, 3.25, 1.25, 3.25], "texture": "#0"},
				"south": {"uv": [0.5, 4.5, 0.5, 3.25], "rotation": 270, "texture": "#0"},
				"west": {"uv": [1.25, 3.25, 2, 3.25], "rotation": 180, "texture": "#0"},
				"up": {"uv": [1.25, 3.25, 0.5, 4.5], "rotation": 90, "texture": "#0"},
				"down": {"uv": [2, 3.25, 1.25, 4.5], "rotation": 90, "texture": "#0"}
			}
		},
		{
			"name": "left_leg",
			"from": [12.75, -0.75, 8.75],
			"to": [17.75, -0.75, 11.75],
			"rotation": {"angle": -45, "axis": "z", "origin": [14.5, 1, 6.25]},
			"faces": {
				"north": {"uv": [0.5, 4.5, 0.5, 3.25], "rotation": 270, "texture": "#0"},
				"east": {"uv": [1.25, 3.25, 2, 3.25], "rotation": 180, "texture": "#0"},
				"south": {"uv": [1.25, 4.5, 1.25, 3.25], "rotation": 90, "texture": "#0"},
				"west": {"uv": [0.5, 3.25, 1.25, 3.25], "texture": "#0"},
				"up": {"uv": [0.5, 4.5, 1.25, 3.25], "rotation": 90, "texture": "#0"},
				"down": {"uv": [1.25, 4.5, 2, 3.25], "rotation": 90, "texture": "#0"}
			}
		},
		{
			"name": "left_leg",
			"from": [12.75, -0.75, 0.75],
			"to": [17.75, -0.75, 3.75],
			"rotation": {"angle": -45, "axis": "z", "origin": [14.5, 1, 6.25]},
			"faces": {
				"north": {"uv": [1.25, 3.25, 1.25, 4.5], "rotation": 90, "texture": "#0"},
				"east": {"uv": [2, 3.25, 1.25, 3.25], "rotation": 180, "texture": "#0"},
				"south": {"uv": [0.5, 3.25, 0.5, 4.5], "rotation": 270, "texture": "#0"},
				"west": {"uv": [1.25, 3.25, 0.5, 3.25], "texture": "#0"},
				"up": {"uv": [1.25, 4.5, 0.5, 3.25], "rotation": 90, "texture": "#0"},
				"down": {"uv": [2, 4.5, 1.25, 3.25], "rotation": 90, "texture": "#0"}
			}
		},
		{
			"name": "tail",
			"from": [8, 0, 10.75],
			"to": [8, 5, 22.75],
			"rotation": {"angle": 0, "axis": "y", "origin": [8, 0, -1.25]},
			"faces": {
				"north": {"uv": [3.5, 7.75, 3.5, 9], "texture": "#0"},
				"east": {"uv": [0.5, 7.75, 3.5, 9], "texture": "#0"},
				"south": {"uv": [6.5, 7.75, 6.5, 9], "texture": "#0"},
				"west": {"uv": [3.5, 7.75, 0.5, 9], "texture": "#0"},
				"up": {"uv": [3.5, 7.75, 3.5, 4.75], "texture": "#0"},
				"down": {"uv": [3.5, 4.75, 3.5, 7.75], "texture": "#0"}
			}
		},
		{
			"name": "head",
			"from": [4, 0, -3.25],
			"to": [12, 5, 1.75],
			"rotation": {"angle": 0, "axis": "y", "origin": [8, 0, -1.25]},
			"faces": {
				"north": {"uv": [1.25, 1.5, 3.25, 2.75], "texture": "#0"},
				"east": {"uv": [0, 1.5, 1.25, 2.75], "texture": "#0"},
				"south": {"uv": [4.5, 1.5, 6.5, 2.75], "texture": "#0"},
				"west": {"uv": [3.25, 1.5, 4.5, 2.75], "texture": "#0"},
				"up": {"uv": [3.25, 1.5, 1.25, 0.25], "texture": "#0"},
				"down": {"uv": [5.25, 0.25, 3.25, 1.5], "texture": "#0"}
			}
		},
		{
			"name": "left_gills",
			"from": [1, 0, 0.75],
			"to": [4, 7, 0.75],
			"rotation": {"angle": 0, "axis": "y", "origin": [8, 0, -1.25]},
			"faces": {
				"north": {"uv": [2.75, 10, 3.5, 11.75], "texture": "#0"},
				"east": {"uv": [2.75, 10, 2.75, 11.75], "texture": "#0"},
				"south": {"uv": [3.5, 10, 4.25, 11.75], "texture": "#0"},
				"west": {"uv": [3.5, 10, 3.5, 11.75], "texture": "#0"},
				"up": {"uv": [3.5, 10, 2.75, 10], "texture": "#0"},
				"down": {"uv": [4.25, 10, 3.5, 10], "texture": "#0"}
			}
		},
		{
			"name": "right_gills",
			"from": [12, 0, 0.75],
			"to": [15, 7, 0.75],
			"rotation": {"angle": 0, "axis": "y", "origin": [8, 0, -1.25]},
			"faces": {
				"north": {"uv": [0, 10, 0.75, 11.75], "texture": "#0"},
				"east": {"uv": [0, 10, 0, 11.75], "texture": "#0"},
				"south": {"uv": [0.75, 10, 1.5, 11.75], "texture": "#0"},
				"west": {"uv": [0.75, 10, 0.75, 11.75], "texture": "#0"},
				"up": {"uv": [0.75, 10, 0, 10], "texture": "#0"},
				"down": {"uv": [1.5, 10, 0.75, 10], "texture": "#0"}
			}
		},
		{
			"name": "top_gills",
			"from": [4, 5, 0.75],
			"to": [12, 8, 0.75],
			"rotation": {"angle": 0, "axis": "y", "origin": [8, 0, -1.25]},
			"faces": {
				"north": {"uv": [0.75, 9.25, 2.75, 10], "texture": "#0"},
				"east": {"uv": [0.75, 9.25, 0.75, 10], "texture": "#0"},
				"south": {"uv": [2.75, 9.25, 4.75, 10], "texture": "#0"},
				"west": {"uv": [2.75, 9.25, 2.75, 10], "texture": "#0"},
				"up": {"uv": [2.75, 9.25, 0.75, 9.25], "texture": "#0"},
				"down": {"uv": [4.75, 9.25, 2.75, 9.25], "texture": "#0"}
			}
		}
	],
	"display": {
		"gui": {
			"rotation": [15, 150, 0],
			"translation": [1.15, 6.25, 0]
		}
	},
	"groups": [
		{
			"name": "root",
			"origin": [8, -4, -1.25],
			"color": 0,
			"children": [
				{
					"name": "body",
					"origin": [8, 3, 2.75],
					"color": 0,
					"children": [
						0,
						1,
						2,
						3,
						4,
						5,
						{
							"name": "tail",
							"origin": [8, 2, 2.75],
							"color": 0,
							"children": [6]
						},
						{
							"name": "head",
							"origin": [8, 2, -6.25],
							"color": 0,
							"reset": true,
							"children": [
								7,
								{
									"name": "left_gills",
									"origin": [4, 2, -7.25],
									"color": 0,
									"children": [8]
								},
								{
									"name": "right_gills",
									"origin": [12, 2, -7.25],
									"color": 0,
									"children": [9]
								},
								{
									"name": "top_gills",
									"origin": [8, 5, -7.25],
									"color": 0,
									"children": [10]
								}
							]
						}
					]
				}
			]
		}
	]
}