{
	"credit": "Made with Blockbench by dragonmaster95",
	"parent": "costumes/bat",
	"texture_size": [64, 64],
	"textures": {
		"0": "entity/bat"
	},
	"elements": [
		{
			"name": "head",
			"from": [5, 21, 5],
			"to": [11, 27, 11],
			"rotation": {"angle": 22.5, "axis": "x", "origin": [8, 21, 11]},
			"faces": {
				"north": {"uv": [1.5, 1.5, 3, 3], "texture": "#0"},
				"east": {"uv": [0, 1.5, 1.5, 3], "texture": "#0"},
				"south": {"uv": [4.5, 1.5, 6, 3], "texture": "#0"},
				"west": {"uv": [3, 1.5, 4.5, 3], "texture": "#0"},
				"up": {"uv": [3, 1.5, 1.5, 0], "texture": "#0"},
				"down": {"uv": [4.5, 0, 3, 1.5], "texture": "#0"}
			}
		},
		{
			"name": "rightEar",
			"from": [9, 26, 6],
			"to": [12, 30, 7],
			"rotation": {"angle": 22.5, "axis": "x", "origin": [8, 21, 11]},
			"faces": {
				"north": {"uv": [6.25, 0.25, 7, 1.25], "texture": "#0"},
				"east": {"uv": [6, 0.25, 6.25, 1.25], "texture": "#0"},
				"south": {"uv": [7.25, 0.25, 8, 1.25], "texture": "#0"},
				"west": {"uv": [7, 0.25, 7.25, 1.25], "texture": "#0"},
				"up": {"uv": [7, 0.25, 6.25, 0], "texture": "#0"},
				"down": {"uv": [7.75, 0, 7, 0.25], "texture": "#0"}
			}
		},
		{
			"name": "leftEar",
			"from": [4, 26, 6],
			"to": [7, 30, 7],
			"shade": false,
			"rotation": {"angle": 22.5, "axis": "x", "origin": [8, 21, 11]},
			"faces": {
				"north": {"uv": [7, 0.25, 6.25, 1.25], "texture": "#0"},
				"east": {"uv": [7.25, 0.25, 7, 1.25], "texture": "#0"},
				"south": {"uv": [8, 0.25, 7.25, 1.25], "texture": "#0"},
				"west": {"uv": [6.25, 0.25, 6, 1.25], "texture": "#0"},
				"up": {"uv": [6.25, 0.25, 7, 0], "texture": "#0"},
				"down": {"uv": [7, 0, 7.75, 0.25], "texture": "#0"}
			}
		},
		{
			"name": "body",
			"from": [5, 9.09808, 6.90192],
			"to": [11, 21.09808, 12.90192],
			"rotation": {"angle": 0, "axis": "y", "origin": [8, 1.09808, 9.90192]},
			"faces": {
				"north": {"uv": [1.5, 5.5, 3, 8.5], "texture": "#0"},
				"east": {"uv": [0, 5.5, 1.5, 8.5], "texture": "#0"},
				"south": {"uv": [4.5, 5.5, 6, 8.5], "texture": "#0"},
				"west": {"uv": [3, 5.5, 4.5, 8.5], "texture": "#0"},
				"up": {"uv": [3, 5.5, 1.5, 4], "texture": "#0"},
				"down": {"uv": [4.5, 4, 3, 5.5], "texture": "#0"}
			}
		},
		{
			"name": "body",
			"from": [3, -6.90192, 9.90192],
			"to": [13, 9.09808, 9.90192],
			"rotation": {"angle": 0, "axis": "x", "origin": [8, 9.09808, 9.90192]},
			"faces": {
				"north": {"uv": [0.25, 8.75, 2.75, 12.75], "texture": "#0"},
				"south": {"uv": [2.75, 8.75, 0.25, 12.75], "texture": "#0"}
			}
		},
		{
			"name": "rightWing",
			"from": [-4, 8.09808, 10.40192],
			"to": [6, 24.09808, 10.40192],
			"rotation": {"angle": 22.5, "axis": "y", "origin": [8, 25.0981, 8.90192]},
			"faces": {
				"north": {"uv": [13.25, 0.25, 10.75, 4.25], "texture": "#0"},
				"south": {"uv": [10.75, 0.25, 13.25, 4.25], "texture": "#0"}
			}
		},
		{
			"name": "rightWingTip",
			"from": [-12, 11.09808, 10.40192],
			"to": [-4, 23.09808, 10.40192],
			"rotation": {"angle": 22.5, "axis": "y", "origin": [8, 25.0981, 8.90192]},
			"faces": {
				"north": {"uv": [8.25, 4.25, 6.25, 7.25], "texture": "#0"},
				"south": {"uv": [6.25, 4.25, 8.25, 7.25], "texture": "#0"}
			}
		},
		{
			"name": "rightWing",
			"from": [10, 8.09808, 10.40192],
			"to": [20, 24.09808, 10.40192],
			"rotation": {"angle": -22.5, "axis": "y", "origin": [8, 25.0981, 8.90192]},
			"faces": {
				"north": {"uv": [10.75, 0.25, 13.25, 4.25], "texture": "#0"},
				"south": {"uv": [13.25, 0.25, 10.75, 4.25], "texture": "#0"}
			}
		},
		{
			"name": "rightWingTip",
			"from": [20, 11.09808, 10.40192],
			"to": [28, 23.09808, 10.40192],
			"rotation": {"angle": -22.5, "axis": "y", "origin": [8, 25.0981, 8.90192]},
			"faces": {
				"north": {"uv": [6.25, 4.25, 8.25, 7.25], "texture": "#0"},
				"south": {"uv": [8.25, 4.25, 6.25, 7.25], "texture": "#0"}
			}
		}
	],
	"display": {
		"gui": {
			"rotation": [-130, 30, 160],
			"translation": [-1.25, -3.75, 0],
			"scale": [0.5, 0.5, 0.5]
		},
		"head": {
			"translation": [0, -38.55, 0],
			"scale": [2.41, 2.41, 2.41]
		}
	},
	"groups": [
		{
			"name": "head",
			"origin": [0, 21, 3],
			"color": 0,
			"children": [0, 1, 2]
		},
		{
			"name": "body",
			"origin": [0, 21, 3],
			"color": 0,
			"children": [3, 4, 5, 6, 7, 8]
		}
	]
}