{
	"credit": "Made with Blockbench by dragonmaster95",
	"texture_size": [64, 64],
	"textures": {
		"0": "entity/guardian"
	},
	"elements": [
		{
			"name": "head",
			"from": [4.0001, 0.0001, 2.6668],
			"to": [11.9999, 7.9999, 13.3332],
			"rotation": {"angle": 0, "axis": "y", "origin": [8, -1.3332, 8]},
			"faces": {
				"north": {"uv": [4, 4, 7, 7], "texture": "#0"},
				"east": {"uv": [0, 4, 4, 7], "texture": "#0"},
				"south": {"uv": [11, 4, 14, 7], "texture": "#0"},
				"west": {"uv": [7, 4, 11, 7], "texture": "#0"},
				"up": {"uv": [7, 4, 4, 0], "texture": "#0"},
				"down": {"uv": [10, 0, 7, 4], "texture": "#0"}
			}
		},
		{
			"name": "head",
			"from": [11.9999, 0.0001, 4.0001],
			"to": [13.3332, 7.9999, 11.9999],
			"rotation": {"angle": 0, "axis": "y", "origin": [8, -1.3332, 8]},
			"faces": {
				"north": {"uv": [3, 10, 3.5, 13], "texture": "#0"},
				"east": {"uv": [0, 10, 3, 13], "texture": "#0"},
				"south": {"uv": [6.5, 10, 7, 13], "texture": "#0"},
				"west": {"uv": [3.5, 10, 6.5, 13], "texture": "#0"},
				"up": {"uv": [3.5, 10, 3, 7], "texture": "#0"},
				"down": {"uv": [4, 7, 3.5, 10], "texture": "#0"}
			}
		},
		{
			"name": "head",
			"from": [2.6668, 0.0001, 4.0001],
			"to": [4.0001, 7.9999, 11.9999],
			"shade": false,
			"rotation": {"angle": 0, "axis": "y", "origin": [8, -1.3332, 8]},
			"faces": {
				"north": {"uv": [3.5, 10, 3, 13], "texture": "#0"},
				"east": {"uv": [6.5, 10, 3.5, 13], "texture": "#0"},
				"south": {"uv": [7, 10, 6.5, 13], "texture": "#0"},
				"west": {"uv": [3, 10, 0, 13], "texture": "#0"},
				"up": {"uv": [3, 10, 3.5, 7], "texture": "#0"},
				"down": {"uv": [3.5, 7, 4, 10], "texture": "#0"}
			}
		},
		{
			"name": "head",
			"from": [4.0001, 7.9999, 4.0001],
			"to": [11.9999, 9.3332, 11.9999],
			"shade": false,
			"rotation": {"angle": 0, "axis": "y", "origin": [8, -1.3332, 8]},
			"faces": {
				"north": {"uv": [10, 13, 7, 13.5], "texture": "#0"},
				"east": {"uv": [13, 13, 10, 13.5], "texture": "#0"},
				"south": {"uv": [16, 13, 13, 13.5], "texture": "#0"},
				"west": {"uv": [7, 13, 4, 13.5], "texture": "#0"},
				"up": {"uv": [7, 13, 10, 10], "texture": "#0"},
				"down": {"uv": [10, 10, 13, 13], "texture": "#0"}
			}
		},
		{
			"name": "head",
			"from": [4.0001, -1.3332, 4.0001],
			"to": [11.9999, 0.0001, 11.9999],
			"shade": false,
			"rotation": {"angle": 0, "axis": "y", "origin": [8, -1.3332, 8]},
			"faces": {
				"north": {"uv": [10, 13, 7, 13.5], "texture": "#0"},
				"east": {"uv": [13, 13, 10, 13.5], "texture": "#0"},
				"south": {"uv": [16, 13, 13, 13.5], "texture": "#0"},
				"west": {"uv": [7, 13, 4, 13.5], "texture": "#0"},
				"up": {"uv": [7, 13, 10, 10], "texture": "#0"},
				"down": {"uv": [10, 10, 13, 13], "texture": "#0"}
			}
		},
		{
			"name": "eye",
			"from": [7.33335, 3.33335, 2.50014],
			"to": [8.66665, 4.66665, 3.16679],
			"rotation": {"angle": 0, "axis": "y", "origin": [8, -1.3332, 8]},
			"faces": {
				"north": {"uv": [2.25, 0.25, 2.75, 0.75], "texture": "#0"},
				"east": {"uv": [2, 0.25, 2.25, 0.75], "texture": "#0"},
				"south": {"uv": [3, 0.25, 3.5, 0.75], "texture": "#0"},
				"west": {"uv": [2.75, 0.25, 3, 0.75], "texture": "#0"},
				"up": {"uv": [2.75, 0.25, 2.25, 0], "texture": "#0"},
				"down": {"uv": [3.25, 0, 2.75, 0.25], "texture": "#0"}
			}
		},
		{
			"name": "y45",
			"from": [-1.12803, 3.33335, 13.46146],
			"to": [4.87182, 4.66665, 14.79476],
			"rotation": {"angle": 45, "axis": "y", "origin": [1.87189, 4, 14.12811]},
			"faces": {
				"north": {"uv": [0, 2.75, 0.5, 0.5], "rotation": 270, "texture": "#0"},
				"east": {"uv": [1, 0, 1.5, 0.5], "rotation": 180, "texture": "#0"},
				"south": {"uv": [1, 2.75, 1.5, 0.5], "rotation": 90, "texture": "#0"},
				"west": {"uv": [0.5, 0.5, 1, 0], "texture": "#0"},
				"up": {"uv": [1, 0.5, 0.5, 2.75], "rotation": 270, "texture": "#0"},
				"down": {"uv": [2, 0.5, 1.5, 2.75], "rotation": 270, "texture": "#0"}
			}
		},
		{
			"name": "z45",
			"from": [3.60468, 10.10442, 7.33335],
			"to": [4.93798, 16.10427, 8.66665],
			"rotation": {"angle": 45, "axis": "z", "origin": [8, 9.3332, 8]},
			"faces": {
				"north": {"uv": [0.5, 0.5, 1, 2.75], "texture": "#0"},
				"east": {"uv": [0, 0.5, 0.5, 2.75], "texture": "#0"},
				"south": {"uv": [1.5, 0.5, 2, 2.75], "texture": "#0"},
				"west": {"uv": [1, 0.5, 1.5, 2.75], "texture": "#0"},
				"up": {"uv": [1, 0.5, 0.5, 0], "texture": "#0"},
				"down": {"uv": [1.5, 0, 1, 0.5], "texture": "#0"}
			}
		},
		{
			"name": "z-45",
			"from": [11.06202, 10.10442, 7.33335],
			"to": [12.39532, 16.10427, 8.66665],
			"rotation": {"angle": -45, "axis": "z", "origin": [8, 9.3332, 8]},
			"faces": {
				"north": {"uv": [0.5, 0.5, 1, 2.75], "texture": "#0"},
				"east": {"uv": [0, 0.5, 0.5, 2.75], "texture": "#0"},
				"south": {"uv": [1.5, 0.5, 2, 2.75], "texture": "#0"},
				"west": {"uv": [1, 0.5, 1.5, 2.75], "texture": "#0"},
				"up": {"uv": [1, 0.5, 0.5, 0], "texture": "#0"},
				"down": {"uv": [1.5, 0, 1, 0.5], "texture": "#0"}
			}
		},
		{
			"name": "x-45",
			"from": [7.33335, 10.10442, 3.60468],
			"to": [8.66665, 16.10427, 4.93798],
			"rotation": {"angle": -45, "axis": "x", "origin": [8, 9.3332, 8]},
			"faces": {
				"north": {"uv": [0.5, 0.5, 1, 2.75], "texture": "#0"},
				"east": {"uv": [0, 0.5, 0.5, 2.75], "texture": "#0"},
				"south": {"uv": [1.5, 0.5, 2, 2.75], "texture": "#0"},
				"west": {"uv": [1, 0.5, 1.5, 2.75], "texture": "#0"},
				"up": {"uv": [1, 0.5, 0.5, 0], "texture": "#0"},
				"down": {"uv": [1.5, 0, 1, 0.5], "texture": "#0"}
			}
		},
		{
			"name": "x45",
			"from": [7.33335, 10.10442, 11.22868],
			"to": [8.66665, 16.10427, 12.56198],
			"rotation": {"angle": 45, "axis": "x", "origin": [8, 9.3332, 8]},
			"faces": {
				"north": {"uv": [0.5, 0.5, 1, 2.75], "texture": "#0"},
				"east": {"uv": [0, 0.5, 0.5, 2.75], "texture": "#0"},
				"south": {"uv": [1.5, 0.5, 2, 2.75], "texture": "#0"},
				"west": {"uv": [1, 0.5, 1.5, 2.75], "texture": "#0"},
				"up": {"uv": [1, 0.5, 0.5, 0], "texture": "#0"},
				"down": {"uv": [1.5, 0, 1, 0.5], "texture": "#0"}
			}
		},
		{
			"name": "z45",
			"from": [1.02327, 1.62569, 7.33335],
			"to": [7.02312, 2.95899, 8.66665],
			"rotation": {"angle": 45, "axis": "z", "origin": [7.79434, -1.4788, 8]},
			"faces": {
				"north": {"uv": [0.5, 0.5, 1, 2.75], "rotation": 90, "texture": "#0"},
				"east": {"uv": [1.5, 0, 1, 0.5], "rotation": 270, "texture": "#0"},
				"south": {"uv": [1.5, 0.5, 2, 2.75], "rotation": 270, "texture": "#0"},
				"west": {"uv": [1, 0.5, 0.5, 0], "rotation": 270, "texture": "#0"},
				"up": {"uv": [0, 0.5, 0.5, 2.75], "rotation": 270, "texture": "#0"},
				"down": {"uv": [1, 0.5, 1.5, 2.75], "rotation": 270, "texture": "#0"}
			}
		},
		{
			"name": "z-45",
			"from": [8.85641, 1.91654, 7.33335],
			"to": [14.85626, 3.24984, 8.66665],
			"rotation": {"angle": -45, "axis": "z", "origin": [7.79434, -1.4788, 8]},
			"faces": {
				"north": {"uv": [0.5, 0.5, 1, 2.75], "rotation": 270, "texture": "#0"},
				"east": {"uv": [1, 0.5, 0.5, 0], "rotation": 90, "texture": "#0"},
				"south": {"uv": [1.5, 0.5, 2, 2.75], "rotation": 90, "texture": "#0"},
				"west": {"uv": [1.5, 0, 1, 0.5], "rotation": 90, "texture": "#0"},
				"up": {"uv": [1, 0.5, 1.5, 2.75], "rotation": 90, "texture": "#0"},
				"down": {"uv": [0, 0.5, 0.5, 2.75], "rotation": 90, "texture": "#0"}
			}
		},
		{
			"name": "x-45",
			"from": [7.33335, 1.77112, 0.41686],
			"to": [8.66665, 3.10442, 6.41671],
			"rotation": {"angle": -45, "axis": "x", "origin": [7.79434, -1.4788, 8]},
			"faces": {
				"north": {"uv": [1, 0.5, 0.5, 0], "rotation": 180, "texture": "#0"},
				"east": {"uv": [0, 0.5, 0.5, 2.75], "rotation": 90, "texture": "#0"},
				"south": {"uv": [1.5, 0, 1, 0.5], "texture": "#0"},
				"west": {"uv": [1, 0.5, 1.5, 2.75], "rotation": 270, "texture": "#0"},
				"up": {"uv": [1.5, 0.5, 2, 2.75], "texture": "#0"},
				"down": {"uv": [0.5, 0.5, 1, 2.75], "rotation": 180, "texture": "#0"}
			}
		},
		{
			"name": "x45",
			"from": [7.33335, 1.77112, 8.91664],
			"to": [8.66665, 3.10442, 14.91649],
			"rotation": {"angle": 45, "axis": "x", "origin": [7.79434, -1.4788, 8]},
			"faces": {
				"north": {"uv": [1.5, 0, 1, 0.5], "rotation": 180, "texture": "#0"},
				"east": {"uv": [0, 0.5, 0.5, 2.75], "rotation": 270, "texture": "#0"},
				"south": {"uv": [1, 0.5, 0.5, 0], "texture": "#0"},
				"west": {"uv": [1, 0.5, 1.5, 2.75], "rotation": 90, "texture": "#0"},
				"up": {"uv": [0.5, 0.5, 1, 2.75], "rotation": 180, "texture": "#0"},
				"down": {"uv": [1.5, 0.5, 2, 2.75], "texture": "#0"}
			}
		},
		{
			"name": "y45",
			"from": [4.97639, 3.33335, 0.43403],
			"to": [6.30969, 4.66665, 6.43388],
			"rotation": {"angle": 45, "axis": "y", "origin": [1.87189, 4, 7.20509]},
			"faces": {
				"north": {"uv": [1, 0.5, 0.5, 0], "rotation": 180, "texture": "#0"},
				"east": {"uv": [0, 0.5, 0.5, 2.75], "rotation": 90, "texture": "#0"},
				"south": {"uv": [1.5, 0, 1, 0.5], "texture": "#0"},
				"west": {"uv": [1, 0.5, 1.5, 2.75], "rotation": 270, "texture": "#0"},
				"up": {"uv": [1.5, 0.5, 2, 2.75], "texture": "#0"},
				"down": {"uv": [0.5, 0.5, 1, 2.75], "rotation": 180, "texture": "#0"}
			}
		},
		{
			"name": "y45",
			"from": [11.12818, 3.33335, 1.20524],
			"to": [17.12803, 4.66665, 2.53854],
			"rotation": {"angle": 45, "axis": "y", "origin": [14.12811, 4, 1.87189]},
			"faces": {
				"north": {"uv": [1, 2.75, 1.5, 0.5], "rotation": 90, "texture": "#0"},
				"east": {"uv": [0.5, 0.5, 1, 0], "texture": "#0"},
				"south": {"uv": [0, 2.75, 0.5, 0.5], "rotation": 270, "texture": "#0"},
				"west": {"uv": [1, 0, 1.5, 0.5], "rotation": 180, "texture": "#0"},
				"up": {"uv": [1, 0.5, 0.5, 2.75], "rotation": 90, "texture": "#0"},
				"down": {"uv": [2, 0.5, 1.5, 2.75], "rotation": 90, "texture": "#0"}
			}
		},
		{
			"name": "y45",
			"from": [13.46146, 3.33335, 11.12818],
			"to": [14.79476, 4.66665, 17.12803],
			"rotation": {"angle": 45, "axis": "y", "origin": [14.12811, 4, 14.12811]},
			"faces": {
				"north": {"uv": [1, 0, 1.5, 0.5], "rotation": 180, "texture": "#0"},
				"east": {"uv": [1, 2.75, 1.5, 0.5], "rotation": 90, "texture": "#0"},
				"south": {"uv": [0.5, 0.5, 1, 0], "texture": "#0"},
				"west": {"uv": [0, 2.75, 0.5, 0.5], "rotation": 270, "texture": "#0"},
				"up": {"uv": [1, 0.5, 0.5, 2.75], "rotation": 180, "texture": "#0"},
				"down": {"uv": [2, 0.5, 1.5, 2.75], "texture": "#0"}
			}
		},
		{
			"name": "tailpart1",
			"from": [6.6667, -9.4333, 9.0332],
			"to": [9.3333, -6.7667, 14.3664],
			"rotation": {"angle": 45, "axis": "x", "origin": [8, -8.1, 11.6998]},
			"faces": {
				"north": {"uv": [12, 2, 13, 3], "texture": "#0"},
				"east": {"uv": [10, 2, 12, 3], "texture": "#0"},
				"south": {"uv": [15, 2, 16, 3], "texture": "#0"},
				"west": {"uv": [13, 2, 15, 3], "texture": "#0"},
				"up": {"uv": [13, 2, 12, 0], "texture": "#0"},
				"down": {"uv": [14, 0, 13, 2], "texture": "#0"}
			}
		},
		{
			"name": "tailpart2",
			"from": [6.6767, -6.8566, 7.7765],
			"to": [9.3233, -1.5434, 10.4231],
			"rotation": {"angle": -22.5, "axis": "x", "origin": [8, -4.2, 9.0998]},
			"faces": {
				"north": {"uv": [14, 0, 13, 2], "rotation": 180, "texture": "#0"},
				"east": {"uv": [10, 2, 12, 3], "rotation": 270, "texture": "#0"},
				"south": {"uv": [13, 2, 12, 0], "texture": "#0"},
				"west": {"uv": [13, 2, 15, 3], "rotation": 90, "texture": "#0"},
				"up": {"uv": [12, 2, 13, 3], "rotation": 180, "texture": "#0"},
				"down": {"uv": [15, 2, 16, 3], "texture": "#0"}
			}
		},
		{
			"name": "tailpart3",
			"from": [6.6667, -2.3666, 6.9165],
			"to": [9.3333, 2.9666, 9.5831],
			"rotation": {"angle": 0, "axis": "x", "origin": [8, 0.3, 8.2498]},
			"faces": {
				"north": {"uv": [14, 0, 13, 2], "rotation": 180, "texture": "#0"},
				"east": {"uv": [10, 2, 12, 3], "rotation": 270, "texture": "#0"},
				"south": {"uv": [13, 2, 12, 0], "texture": "#0"},
				"west": {"uv": [13, 2, 15, 3], "rotation": 90, "texture": "#0"},
				"up": {"uv": [12, 2, 13, 3], "rotation": 180, "texture": "#0"},
				"down": {"uv": [15, 2, 16, 3], "texture": "#0"}
			}
		},
		{
			"name": "tailpart2",
			"from": [7.00003, -12.66665, 12.6664],
			"to": [8.99997, -10.6667, 17.33295],
			"rotation": {"angle": 22.5, "axis": "x", "origin": [8, -12.0832, 17.5]},
			"faces": {
				"north": {"uv": [1.75, 15.25, 2.5, 16], "texture": "#0"},
				"east": {"uv": [0, 15.25, 1.75, 16], "texture": "#0"},
				"south": {"uv": [4.25, 15.25, 5, 16], "texture": "#0"},
				"west": {"uv": [2.5, 15.25, 4.25, 16], "texture": "#0"},
				"up": {"uv": [2.5, 15.25, 1.75, 13.5], "texture": "#0"},
				"down": {"uv": [3.25, 13.5, 2.5, 15.25], "texture": "#0"}
			}
		},
		{
			"name": "tailpart3",
			"from": [8, -14.33327, 19.3329],
			"to": [8, -8.33342, 25.33275],
			"rotation": {"angle": 0, "axis": "y", "origin": [8, -17.3332, 2]},
			"faces": {
				"east": {"uv": [6.25, 7, 8.5, 9.25], "texture": "#0"},
				"west": {"uv": [8.5, 7, 6.25, 9.25], "texture": "#0"}
			}
		},
		{
			"name": "tailpart3",
			"from": [7.33335, -12, 17.33295],
			"to": [8.66665, -10.6667, 21.33285],
			"rotation": {"angle": 0, "axis": "y", "origin": [8, -17.3332, 2]},
			"faces": {
				"north": {"uv": [11.75, 9.5, 12.25, 10], "texture": "#0"},
				"east": {"uv": [10.25, 9.5, 11.75, 10], "texture": "#0"},
				"south": {"uv": [13.75, 9.5, 14.25, 10], "texture": "#0"},
				"west": {"uv": [12.25, 9.5, 13.75, 10], "texture": "#0"},
				"up": {"uv": [12.25, 9.5, 11.75, 8], "texture": "#0"},
				"down": {"uv": [12.75, 8, 12.25, 9.5], "texture": "#0"}
			}
		}
	],
	"display": {},
	"groups": [
		{
			"name": "head",
			"origin": [8, 0, -3],
			"color": 0,
			"shade": false,
			"children": [
				0,
				1,
				2,
				3,
				4,
				{
					"name": "eye",
					"origin": [8, 24, -3],
					"color": 0,
					"children": [5]
				},
				{
					"name": "spikes",
					"origin": [17.19239, 8, 6.19239],
					"color": 0,
					"children": [6, 7, 8, 9, 10, 11, 12, 13, 14, 15, 16, 17]
				}
			]
		},
		{
			"name": "tail",
			"origin": [8, -1.3332, 8],
			"color": 0,
			"children": [18, 19, 20, 21, 22, 23]
		}
	]
}