{
	"credit": "Made with Blockbench by dragonmaster95",
	"parent": "costumes/hoglin",
	"textures": {
		"0": "entity/hoglin/hoglin"
	},
	"elements": [
		{
			"name": "left_ear",
			"from": [3.30729, 18.8967, 16.15228],
			"to": [9.30729, 19.8967, 20.15228],
			"rotation": {"angle": 45, "axis": "z", "origin": [8, 8.68991, 18.01104]},
			"faces": {
				"north": {"uv": [0.625, 2.5, 1.375, 2.75], "texture": "#0"},
				"east": {"uv": [0.125, 2.5, 0.625, 2.75], "texture": "#0"},
				"south": {"uv": [1.875, 2.5, 2.625, 2.75], "texture": "#0"},
				"west": {"uv": [1.375, 2.5, 1.875, 2.75], "texture": "#0"},
				"up": {"uv": [1.375, 2.5, 0.625, 1.5], "texture": "#0"},
				"down": {"uv": [2.125, 1.5, 1.375, 2.5], "texture": "#0"}
			}
		},
		{
			"name": "right_ear",
			"from": [6.69271, 18.8967, 16.15228],
			"to": [12.69271, 19.8967, 20.15228],
			"rotation": {"angle": -45, "axis": "z", "origin": [8, 8.68991, 18.01104]},
			"faces": {
				"north": {"uv": [0.625, 1.25, 1.375, 1.5], "texture": "#0"},
				"east": {"uv": [0.125, 1.25, 0.625, 1.5], "texture": "#0"},
				"south": {"uv": [1.875, 1.25, 2.625, 1.5], "texture": "#0"},
				"west": {"uv": [1.375, 1.25, 1.875, 1.5], "texture": "#0"},
				"up": {"uv": [1.375, 1.25, 0.625, 0.25], "texture": "#0"},
				"down": {"uv": [2.125, 0.25, 1.375, 1.25], "texture": "#0"}
			}
		},
		{
			"name": "head",
			"from": [0, 12.53871, 7.15228],
			"to": [2, 23.53871, 9.15228],
			"rotation": {"angle": 0, "axis": "y", "origin": [8, 8.68991, 18.01104]},
			"faces": {
				"north": {"uv": [0.375, 3.75, 0.625, 6.5], "texture": "#0"},
				"east": {"uv": [0.125, 3.75, 0.375, 6.5], "texture": "#0"},
				"south": {"uv": [0.875, 3.75, 1.125, 6.5], "texture": "#0"},
				"west": {"uv": [0.625, 3.75, 0.875, 6.5], "texture": "#0"},
				"up": {"uv": [0.625, 3.75, 0.375, 3.25], "texture": "#0"},
				"down": {"uv": [0.875, 3.25, 0.625, 3.75], "texture": "#0"}
			}
		},
		{
			"name": "head",
			"from": [14, 12.53871, 7.15228],
			"to": [16, 23.53871, 9.15228],
			"rotation": {"angle": 0, "axis": "y", "origin": [8, 8.68991, 18.01104]},
			"faces": {
				"north": {"uv": [0.375, 3.75, 0.625, 6.5], "texture": "#0"},
				"east": {"uv": [0.125, 3.75, 0.375, 6.5], "texture": "#0"},
				"south": {"uv": [0.875, 3.75, 1.125, 6.5], "texture": "#0"},
				"west": {"uv": [0.625, 3.75, 0.875, 6.5], "texture": "#0"},
				"up": {"uv": [0.625, 3.75, 0.375, 3.25], "texture": "#0"},
				"down": {"uv": [0.875, 3.25, 0.625, 3.75], "texture": "#0"}
			}
		},
		{
			"name": "head",
			"from": [1, 11.53871, 2.15228],
			"to": [15, 17.53871, 21.15228],
			"rotation": {"angle": 0, "axis": "y", "origin": [8, 8.68991, 18.01104]},
			"faces": {
				"north": {"uv": [10, 5, 11.75, 6.5], "texture": "#0"},
				"east": {"uv": [7.625, 5, 10, 6.5], "texture": "#0"},
				"south": {"uv": [14.125, 5, 15.875, 6.5], "texture": "#0"},
				"west": {"uv": [11.75, 5, 14.125, 6.5], "texture": "#0"},
				"up": {"uv": [11.75, 5, 10, 0.25], "texture": "#0"},
				"down": {"uv": [13.5, 0.25, 11.75, 5], "texture": "#0"}
			}
		},
		{
			"name": "body",
			"from": [7.98, 4.03622, 18.5661],
			"to": [8.02, 17.07622, 28.6061],
			"rotation": {"angle": 0, "axis": "x", "origin": [8, 5.91009, 18.01104]},
			"faces": {
				"north": {"uv": [13.625, 13, 13.625, 8.25], "rotation": 180, "texture": "#0"},
				"east": {"uv": [12.875, 13, 11.25, 15.5], "rotation": 270, "texture": "#0"},
				"south": {"uv": [13.625, 8.25, 13.625, 13], "texture": "#0"},
				"west": {"uv": [16, 13, 14.375, 15.5], "rotation": 90, "texture": "#0"},
				"up": {"uv": [16, 15.5, 16, 13], "texture": "#0"},
				"down": {"uv": [13.625, 15.5, 13.625, 13], "rotation": 180, "texture": "#0"}
			}
		},
		{
			"name": "body",
			"from": [7.99, 4.93378, 19.5761],
			"to": [8.01, 12.95378, 29.5961],
			"rotation": {"angle": 45, "axis": "x", "origin": [8, 10.08991, 18.01104]},
			"faces": {
				"north": {"uv": [13.625, 8.25, 13.625, 13], "rotation": 180, "texture": "#0"},
				"east": {"uv": [12.625, 13, 13.625, 15.5], "rotation": 270, "texture": "#0"},
				"south": {"uv": [13.625, 13, 13.625, 8.25], "texture": "#0"},
				"west": {"uv": [13.625, 13, 14.625, 15.5], "rotation": 90, "texture": "#0"},
				"up": {"uv": [13.625, 13, 13.625, 15.5], "rotation": 180, "texture": "#0"},
				"down": {"uv": [16, 13, 16, 15.5], "texture": "#0"}
			}
		},
		{
			"name": "body",
			"from": [2.98, 4.92378, 12.5661],
			"to": [13.02, 14.96378, 22.6061],
			"rotation": {"angle": 45, "axis": "x", "origin": [8, 10.08991, 18.01104]},
			"faces": {
				"north": {"uv": [7, 4.25, 5.75, 6.75], "rotation": 180, "texture": "#0"},
				"east": {"uv": [2.5, 6.75, 3.75, 9.25], "rotation": 270, "texture": "#0"},
				"south": {"uv": [5, 4.25, 3.75, 6.75], "texture": "#0"},
				"west": {"uv": [5, 6.75, 6.25, 9.25], "rotation": 90, "texture": "#0"},
				"up": {"uv": [5, 1.75, 3.75, 4.25], "texture": "#0"},
				"down": {"uv": [6.375, 7.5, 7.625, 10], "texture": "#0"}
			}
		}
	]
}