{
	"credit": "Made with Blockbench by dragonmaster95",
	"parent": "costumes/turtle",
	"texture_size": [128, 64],
	"textures": {
		"0": "entity/turtle/big_sea_turtle"
	},
	"elements": [
		{
			"name": "head",
			"from": [5.975, 0.675, -2.8],
			"to": [10.025, 4.05, 1.25],
			"rotation": {"angle": 0, "axis": "y", "origin": [2.6, 1.85625, 4.625]},
			"faces": {
				"north": {"uv": [1.125, 1.5, 1.875, 2.75], "texture": "#0"},
				"east": {"uv": [0.375, 1.5, 1.125, 2.75], "texture": "#0"},
				"south": {"uv": [2.625, 1.5, 3.375, 2.75], "texture": "#0"},
				"west": {"uv": [1.875, 1.5, 2.625, 2.75], "texture": "#0"},
				"up": {"uv": [1.875, 1.5, 1.125, 0], "texture": "#0"},
				"down": {"uv": [2.625, 0, 1.875, 1.5], "texture": "#0"}
			}
		},
		{
			"name": "leg0",
			"from": [9.0125, 0.675, 13.4],
			"to": [11.7125, 1.35, 20.15],
			"rotation": {"angle": 0, "axis": "y", "origin": [2.6, 1.85625, 4.625]},
			"faces": {
				"north": {"uv": [1.375, 8.25, 1.875, 8.5], "texture": "#0"},
				"east": {"uv": [0.125, 8.25, 1.375, 8.5], "texture": "#0"},
				"south": {"uv": [3.125, 8.25, 3.625, 8.5], "texture": "#0"},
				"west": {"uv": [1.875, 8.25, 3.125, 8.5], "texture": "#0"},
				"up": {"uv": [1.875, 8.25, 1.375, 5.75], "texture": "#0"},
				"down": {"uv": [2.375, 5.75, 1.875, 8.25], "texture": "#0"}
			}
		},
		{
			"name": "leg1",
			"from": [4.2875, 0.675, 13.4],
			"to": [6.9875, 1.35, 20.15],
			"rotation": {"angle": 0, "axis": "y", "origin": [2.6, 1.85625, 4.625]},
			"faces": {
				"north": {"uv": [1.375, 5.5, 1.875, 5.75], "texture": "#0"},
				"east": {"uv": [0.125, 5.5, 1.375, 5.75], "texture": "#0"},
				"south": {"uv": [3.125, 5.5, 3.625, 5.75], "texture": "#0"},
				"west": {"uv": [1.875, 5.5, 3.125, 5.75], "texture": "#0"},
				"up": {"uv": [1.875, 5.5, 1.375, 3], "texture": "#0"},
				"down": {"uv": [2.375, 3, 1.875, 5.5], "texture": "#0"}
			}
		},
		{
			"name": "leg3",
			"from": [-2.8, 1.35, 2.825],
			"to": [5.975, 2.025, 6.2],
			"rotation": {"angle": 22.5, "axis": "y", "origin": [1.5875, 1.6875, 4.5125]},
			"faces": {
				"north": {"uv": [4, 7.25, 5.625, 7.5], "texture": "#0"},
				"east": {"uv": [3.375, 7.25, 4, 7.5], "texture": "#0"},
				"south": {"uv": [6.25, 7.25, 7.875, 7.5], "texture": "#0"},
				"west": {"uv": [5.625, 7.25, 6.25, 7.5], "texture": "#0"},
				"up": {"uv": [5.625, 7.25, 4, 6], "texture": "#0"},
				"down": {"uv": [7.25, 6, 5.625, 7.25], "texture": "#0"}
			}
		},
		{
			"name": "leg4",
			"from": [10.025, 1.35, 2.825],
			"to": [18.8, 2.025, 6.2],
			"rotation": {"angle": -22.5, "axis": "y", "origin": [14.4125, 1.6875, 4.5125]},
			"faces": {
				"north": {"uv": [5.625, 7.25, 4, 7.5], "texture": "#0"},
				"east": {"uv": [6.25, 7.25, 5.625, 7.5], "texture": "#0"},
				"south": {"uv": [7.875, 7.25, 6.25, 7.5], "texture": "#0"},
				"west": {"uv": [4, 7.25, 3.375, 7.5], "texture": "#0"},
				"up": {"uv": [4, 7.25, 5.625, 6], "texture": "#0"},
				"down": {"uv": [5.625, 6, 7.25, 7.25], "texture": "#0"}
			}
		},
		{
			"name": "body",
			"from": [1.5875, 2.025, 1.25],
			"to": [14.4125, 6.075, 14.75],
			"rotation": {"angle": 0, "axis": "x", "origin": [2.6, 1.85625, 4.625]},
			"faces": {
				"north": {"uv": [4, 10.75, 1.625, 9.25], "rotation": 180, "texture": "#0"},
				"east": {"uv": [0.875, 10.75, 1.625, 15.75], "rotation": 90, "texture": "#0"},
				"south": {"uv": [6.375, 9.25, 4, 10.75], "texture": "#0"},
				"west": {"uv": [4, 10.75, 4.75, 15.75], "rotation": 270, "texture": "#0"},
				"up": {"uv": [4.75, 10.75, 7.125, 15.75], "texture": "#0"},
				"down": {"uv": [1.625, 10.75, 4, 15.75], "rotation": 180, "texture": "#0"}
			}
		},
		{
			"name": "body",
			"from": [4.2875, 0, 1.25],
			"to": [11.7125, 2.025, 13.4],
			"rotation": {"angle": 0, "axis": "x", "origin": [2.6, 1.85625, 4.625]},
			"faces": {
				"north": {"uv": [5.625, 1, 4.25, 0.25], "rotation": 180, "texture": "#0"},
				"east": {"uv": [3.875, 1, 4.25, 5.5], "rotation": 90, "texture": "#0"},
				"south": {"uv": [7, 0.25, 5.625, 1], "texture": "#0"},
				"west": {"uv": [5.625, 1, 6, 5.5], "rotation": 270, "texture": "#0"},
				"up": {"uv": [6, 1, 7.375, 5.5], "texture": "#0"},
				"down": {"uv": [4.25, 1, 5.625, 5.5], "rotation": 180, "texture": "#0"}
			}
		},
		{
			"name": "eggbelly",
			"from": [4.9625, -0.675, 1.25],
			"to": [11.0375, 0, 13.4],
			"rotation": {"angle": 0, "axis": "x", "origin": [2.6, 1.85625, 4.625]},
			"faces": {
				"north": {"uv": [10, 8.5, 8.875, 8.25], "rotation": 180, "texture": "#0"},
				"east": {"uv": [8.75, 8.5, 8.875, 13], "rotation": 90, "texture": "#0"},
				"south": {"uv": [11.125, 8.25, 10, 8.5], "texture": "#0"},
				"west": {"uv": [10, 8.5, 10.125, 13], "rotation": 270, "texture": "#0"},
				"up": {"uv": [10.125, 8.5, 11.25, 13], "texture": "#0"},
				"down": {"uv": [8.875, 8.5, 10, 13], "rotation": 180, "texture": "#0"}
			}
		}
	]
}