{
	"credit": "Made with Blockbench",
	"texture_size": [32, 32],
	"textures": {
		"1": "block/bell_body"
	},
	"elements": [
		{
			"name": "body",
			"from": [5, 2, 5],
			"to": [11, 9, 11],
			"faces": {
				"north": {"uv": [3, 3, 6, 6.5], "texture": "#1"},
				"east": {"uv": [0, 3, 3, 6.5], "texture": "#1"},
				"south": {"uv": [9, 3, 12, 6.5], "texture": "#1"},
				"west": {"uv": [6, 3, 9, 6.5], "texture": "#1"},
				"up": {"uv": [6, 3, 3, 0], "texture": "#1"},
				"down": {"uv": [9, 0, 6, 3], "texture": "#1"}
			}
		},
		{
			"name": "body",
			"from": [4, 0, 4],
			"to": [12, 2, 12],
			"faces": {
				"north": {"uv": [4, 10.5, 8, 11.5], "texture": "#1"},
				"east": {"uv": [0, 10.5, 4, 11.5], "texture": "#1"},
				"south": {"uv": [12, 10.5, 16, 11.5], "texture": "#1"},
				"west": {"uv": [8, 10.5, 12, 11.5], "texture": "#1"},
				"up": {"uv": [8, 10.5, 4, 6.5], "texture": "#1"},
				"down": {"uv": [12, 6.5, 8, 10.5], "texture": "#1"}
			}
		}
	],
	"groups": [
		{
			"name": "body",
			"origin": [0, 12, 0],
			"color": 0,
			"children": [0, 1]
		}
	]
}