{
    "variants": {
        "facing=north,half=top,open=false": { "model": "block/iron_trapdoor_top" },
        "facing=south,half=top,open=false": { "model": "block/iron_trapdoor_top" },
        "facing=east,half=top,open=false": { "model": "block/iron_trapdoor_top" },
        "facing=west,half=top,open=false": { "model": "block/iron_trapdoor_top" },
        "facing=north,half=top,open=true": [ { "model": "block/gravestone", "y": 180 },
		{ "model": "block/gravestone1", "y": 180  },
		{ "model": "block/gravestone2", "y": 180  },
		{ "model": "block/gravestone3", "y": 180  } ],
        "facing=south,half=top,open=true": [ { "model": "block/gravestone"},
		{ "model": "block/gravestone1"},
		{ "model": "block/gravestone2"},
		{ "model": "block/gravestone3"} ],
        "facing=east,half=top,open=true": [ { "model": "block/gravestone", "y": 270 },
		{ "model": "block/gravestone1", "y": 270 },
		{ "model": "block/gravestone2", "y": 270 },
		{ "model": "block/gravestone3", "y": 270 } ],
        "facing=west,half=top,open=true": [ { "model": "block/gravestone", "y": 90 },
		{ "model": "block/gravestone1", "y": 90 },
		{ "model": "block/gravestone2", "y": 90 },
		{ "model": "block/gravestone3", "y": 90 } ],
        "facing=north,half=bottom,open=false,powered=false": { "model": "block/fake_door", "y": 90 },
        "facing=south,half=bottom,open=false,powered=false": { "model": "block/fake_door", "y": 270 },
        "facing=east,half=bottom,open=false,powered=false": { "model": "block/fake_door", "y": 180 },
        "facing=west,half=bottom,open=false,powered=false": { "model": "block/fake_door", "y": 0 },
        "facing=north,half=bottom,open=true,powered=true": { "model": "block/fake_door_open", "y": 0 },
        "facing=south,half=bottom,open=true,powered=true": { "model": "block/fake_door_open", "y": 180 },
        "facing=east,half=bottom,open=true,powered=true": { "model": "block/fake_door_open", "y": 90 },
        "facing=west,half=bottom,open=true,powered=true": { "model": "block/fake_door_open", "y": 270 }
    }
}
