{
	"credit": "Made with Blockbench",
	"texture_size": [32, 32],
	"textures": {
		"3": "item/ai_ultimate",
		"particle": "item/ai_ultimate"
	},
	"elements": [
		{
			"from": [4, 0, 4],
			"to": [12, 8, 12],
			"faces": {
				"north": {"uv": [12, 4, 16, 8], "texture": "#3"},
				"east": {"uv": [8, 4, 12, 8], "texture": "#3"},
				"south": {"uv": [4, 4, 8, 8], "texture": "#3"},
				"west": {"uv": [0, 4, 4, 8], "texture": "#3"},
				"up": {"uv": [4, 0, 8, 4], "texture": "#3"},
				"down": {"uv": [8, 0, 12, 4], "texture": "#3"}
			}
		},
		{
			"from": [3.5, -0.5625, 3.5],
			"to": [12.5, 8.4375, 12.5],
			"faces": {
				"north": {"uv": [12, 12, 16, 16], "texture": "#3"},
				"east": {"uv": [8, 12, 12, 16], "texture": "#3"},
				"south": {"uv": [4, 12, 8, 16], "texture": "#3"},
				"west": {"uv": [0, 12, 4, 16], "texture": "#3"},
				"up": {"uv": [4, 8, 8, 12], "texture": "#3"},
				"down": {"uv": [8, 8, 12, 12], "texture": "#3"}
			}
		},
		{
			"from": [12.5, 8.4375, 12.5],
			"to": [3.5, -0.5625, 3.5],
			"faces": {
				"north": {"uv": [4, 12, 8, 16], "rotation": 180, "texture": "#3"},
				"east": {"uv": [8, 12, 12, 16], "rotation": 180, "texture": "#3"},
				"south": {"uv": [16, 12, 12, 16], "rotation": 180, "texture": "#3"},
				"west": {"uv": [0, 11.96875, 4, 16], "rotation": 180, "texture": "#3"},
				"up": {"uv": [8, 8, 12, 12], "texture": "#3"},
				"down": {"uv": [4, 8, 8, 12], "texture": "#3"}
			}
		}
	]
}