{
    "parent": "item/generated",
  "overrides": [
	{ "predicate": { "custom_model_data": 1 }, "model": "item/pieces/p01" },
	{ "predicate": { "custom_model_data": 2 }, "model": "item/pieces/p02" },
	{ "predicate": { "custom_model_data": 3 }, "model": "item/pieces/p03" },
	{ "predicate": { "custom_model_data": 4 }, "model": "item/pieces/p04" },
	{ "predicate": { "custom_model_data": 5 }, "model": "item/pieces/p05" },
	{ "predicate": { "custom_model_data": 6 }, "model": "item/pieces/p06" },
	{ "predicate": { "custom_model_data": 7 }, "model": "item/pieces/p07" },
	{ "predicate": { "custom_model_data": 8 }, "model": "item/pieces/p08" },
	{ "predicate": { "custom_model_data": 9 }, "model": "item/pieces/p09" },
	{ "predicate": { "custom_model_data": 10 }, "model": "item/pieces/p10" },
	{ "predicate": { "custom_model_data": 11 }, "model": "item/pieces/p11" },
	{ "predicate": { "custom_model_data": 12 }, "model": "item/pieces/p12" },
	{ "predicate": { "custom_model_data": 13 }, "model": "item/pieces/p13" },
	{ "predicate": { "custom_model_data": 14 }, "model": "item/pieces/p14" },
	{ "predicate": { "custom_model_data": 15 }, "model": "item/pieces/p15" },
	{ "predicate": { "custom_model_data": 16 }, "model": "item/pieces/p16" },
	{ "predicate": { "custom_model_data": 17 }, "model": "item/pieces/p17" },
	{ "predicate": { "custom_model_data": 18 }, "model": "item/pieces/p18" },
	{ "predicate": { "custom_model_data": 19 }, "model": "item/pieces/p19" },
	{ "predicate": { "custom_model_data": 20 }, "model": "item/pieces/p20" },
	{ "predicate": { "custom_model_data": 21 }, "model": "item/pieces/p21" },
	{ "predicate": { "custom_model_data": 100 }, "model": "item/pieces/selected/p01" },
	{ "predicate": { "custom_model_data": 101 }, "model": "item/pieces/selected/p02" },
	{ "predicate": { "custom_model_data": 102 }, "model": "item/pieces/selected/p03" },
	{ "predicate": { "custom_model_data": 103 }, "model": "item/pieces/selected/p04" },
	{ "predicate": { "custom_model_data": 104 }, "model": "item/pieces/selected/p05" },
	{ "predicate": { "custom_model_data": 105 }, "model": "item/pieces/selected/p06" },
	{ "predicate": { "custom_model_data": 106 }, "model": "item/pieces/selected/p07" },
	{ "predicate": { "custom_model_data": 107 }, "model": "item/pieces/selected/p08" },
	{ "predicate": { "custom_model_data": 108 }, "model": "item/pieces/selected/p09" },
	{ "predicate": { "custom_model_data": 109 }, "model": "item/pieces/selected/p10" },
	{ "predicate": { "custom_model_data": 1010 }, "model": "item/pieces/selected/p11" },
	{ "predicate": { "custom_model_data": 1011 }, "model": "item/pieces/selected/p12" },
	{ "predicate": { "custom_model_data": 1012 }, "model": "item/pieces/selected/p13" },
	{ "predicate": { "custom_model_data": 1013 }, "model": "item/pieces/selected/p14" },
	{ "predicate": { "custom_model_data": 1014 }, "model": "item/pieces/selected/p15" },
	{ "predicate": { "custom_model_data": 1015 }, "model": "item/pieces/selected/p16" },
	{ "predicate": { "custom_model_data": 1016 }, "model": "item/pieces/selected/p17" },
	{ "predicate": { "custom_model_data": 1017 }, "model": "item/pieces/selected/p18" },
	{ "predicate": { "custom_model_data": 1018 }, "model": "item/pieces/selected/p19" },
	{ "predicate": { "custom_model_data": 1019 }, "model": "item/pieces/selected/p20" },
	{ "predicate": { "custom_model_data": 1020 }, "model": "item/pieces/selected/p21" }
  ],
    "textures": {
        "layer0": "item/empty_tiny",
        "layer1": "item/empty_tiny"
    }
}
