{
  "parent": "minecraft:item/generated",
  "textures": {
    "layer0": "minecraft:item/leather_horse_armor"
    },
  "overrides": [	
	{ "predicate": { "custom_model_data": 1 }, "model": "item/ai_easy" },
	{ "predicate": { "custom_model_data": 2 }, "model": "item/ai_moderate" },
	{ "predicate": { "custom_model_data": 3 }, "model": "item/ai_hard" },
	{ "predicate": { "custom_model_data": 4 }, "model": "item/ai_ultimate" },
	{ "predicate": { "custom_model_data": 5 }, "model": "item/ai_random" },
	{ "predicate": { "custom_model_data": 6 }, "model": "item/player_random" },
	{ "predicate": { "custom_model_data": 7 }, "model": "item/logo_item" }
  ]
}