{
	"credit": "Made with Blockbench",
	"texture_size": [888, 248],
	"textures": {
		"45": "item/cornered_logo"
	},
	"elements": [
		{
			"from": [-7.6, 1, 6.9],
			"to": [-6, 3.4, 9.1],
			"rotation": {"angle": 0, "axis": "y", "origin": [8, 0, 8]},
			"faces": {
				"north": {"uv": [13.65777, 4.13065, 12.50424, 10.32258], "texture": "#45"},
				"south": {"uv": [12.50424, 4.13065, 13.65777, 10.32258], "texture": "#45"},
				"up": {"uv": [11.91452, 16, 11.33307, 10.32339], "rotation": 180, "texture": "#45"},
				"down": {"uv": [14.23885, 16, 13.6574, 10.32339], "rotation": 180, "texture": "#45"}
			}
		},
		{
			"from": [-7.8, 2.8, 6.7],
			"to": [-7, 3.6, 9.3],
			"rotation": {"angle": 0, "axis": "y", "origin": [8, 0, 8]},
			"faces": {
				"east": {"uv": [15.63964, 0.00968, 15.65564, 0.05968], "texture": "#45"},
				"down": {"uv": [15.63964, 0.00968, 15.65564, 0.05968], "rotation": 180, "texture": "#45"}
			}
		},
		{
			"from": [-7.8, 0.8, 6.7],
			"to": [-7, 1.6, 9.3],
			"rotation": {"angle": 0, "axis": "y", "origin": [8, 0, 8]},
			"faces": {
				"east": {"uv": [15.63964, 0.00968, 15.65564, 0.05968], "texture": "#45"},
				"up": {"uv": [15.63964, 0.00968, 15.65564, 0.05968], "rotation": 180, "texture": "#45"}
			}
		},
		{
			"from": [-5.8, 3.6, 9.3],
			"to": [-7.8, 0.8, 6.7],
			"rotation": {"angle": 0, "axis": "y", "origin": [8, 0, 8]},
			"faces": {
				"north": {"uv": [15.99995, 1.8, 15.63964, 0.00484], "texture": "#45"},
				"east": {"uv": [15.92793, 1.80645, 16, 0], "texture": "#45"},
				"south": {"uv": [15.85581, 1.8, 15.4955, 0.00484], "texture": "#45"},
				"west": {"uv": [15.63964, 0.06452, 15.65766, 0], "texture": "#45"},
				"up": {"uv": [15.4955, 1.80645, 15.85586, 1.54839], "rotation": 180, "texture": "#45"},
				"down": {"uv": [15.4955, 0.25806, 15.85586, 0], "rotation": 180, "texture": "#45"}
			}
		},
		{
			"from": [-4.8, 0.2, 6.9],
			"to": [-2, 4.2, 9.1],
			"rotation": {"angle": 0, "axis": "y", "origin": [8, 0, 8]},
			"faces": {
				"north": {"uv": [6.08924, 0.00783, 4.07207, 10.32584], "texture": "#45"},
				"south": {"uv": [4.07207, 0, 6.08924, 10.32388], "texture": "#45"},
				"up": {"uv": [8.12646, 16, 6.10811, 10.32258], "rotation": 180, "texture": "#45"},
				"down": {"uv": [6.09043, 16, 4.07207, 10.32258], "rotation": 180, "texture": "#45"}
			}
		},
		{
			"from": [-3.4, 1.2, 6.7],
			"to": [-1.8, 3.2, 9.3],
			"rotation": {"angle": 0, "axis": "y", "origin": [8, 0, 8]},
			"faces": {
				"west": {"uv": [15.47546, 0, 15.40541, 0.24355], "texture": "#45"},
				"up": {"uv": [15.47546, 0, 15.40541, 0.24355], "rotation": 180, "texture": "#45"},
				"down": {"uv": [15.47546, 0, 15.40541, 0.24355], "rotation": 180, "texture": "#45"}
			}
		},
		{
			"from": [-1.8, 4.4, 9.3],
			"to": [-5, 0, 6.7],
			"rotation": {"angle": 0, "axis": "y", "origin": [8, 0, 8]},
			"faces": {
				"north": {"uv": [15.22344, 0, 15.08108, 2.8379], "texture": "#45"},
				"east": {"uv": [15.40541, 0.00968, 15.47546, 0.25323], "texture": "#45"},
				"south": {"uv": [15.22344, 0, 15.08108, 2.8379], "texture": "#45"},
				"west": {"uv": [15.22344, 0.00968, 15.15315, 2.83387], "texture": "#45"},
				"up": {"uv": [15.40541, 0.00968, 15.47546, 0.25323], "rotation": 180, "texture": "#45"},
				"down": {"uv": [15.40541, 0.00968, 15.47546, 0.25323], "rotation": 180, "texture": "#45"}
			}
		},
		{
			"from": [-1.6, 0.2, 6.9],
			"to": [1.2, 4.2, 9.1],
			"rotation": {"angle": 0, "axis": "y", "origin": [8, 0, 8]},
			"faces": {
				"north": {"uv": [8.12528, 0.00783, 6.10811, 10.32584], "texture": "#45"},
				"south": {"uv": [6.10811, 0, 8.12528, 10.32388], "texture": "#45"},
				"up": {"uv": [8.12646, 16, 6.10811, 10.32258], "rotation": 180, "texture": "#45"},
				"down": {"uv": [6.09043, 16, 4.07207, 10.32258], "rotation": 180, "texture": "#45"}
			}
		},
		{
			"from": [1.4, 4.4, 9.3],
			"to": [-1.8, 0, 6.7],
			"rotation": {"angle": 0, "axis": "y", "origin": [8, 0, 8]},
			"faces": {
				"north": {"uv": [15.40541, 0, 15.47546, 0.24355], "texture": "#45"},
				"east": {"uv": [15.40541, 0, 15.47546, 0.24355], "texture": "#45"},
				"south": {"uv": [15.40541, 0, 15.47546, 0.24355], "texture": "#45"},
				"west": {"uv": [15.40541, 0, 15.47546, 0.24355], "texture": "#45"},
				"up": {"uv": [15.40541, 0, 15.47546, 0.24355], "rotation": 180, "texture": "#45"},
				"down": {"uv": [15.40541, 0, 15.47546, 0.24355], "rotation": 180, "texture": "#45"}
			}
		},
		{
			"from": [1.6, 0.2, 6.9],
			"to": [4.4, 4.2, 9.1],
			"rotation": {"angle": 0, "axis": "y", "origin": [8, 0, 8]},
			"faces": {
				"north": {"uv": [10.16131, 0.00783, 8.14414, 10.32584], "texture": "#45"},
				"south": {"uv": [8.14414, 0, 10.16131, 10.32388], "texture": "#45"},
				"up": {"uv": [8.12646, 16, 6.10811, 10.32258], "rotation": 180, "texture": "#45"},
				"down": {"uv": [10.1625, 16, 8.14414, 10.32258], "rotation": 180, "texture": "#45"}
			}
		},
		{
			"from": [4.6, 4.4, 9.3],
			"to": [1.4, 0, 6.7],
			"rotation": {"angle": 0, "axis": "y", "origin": [8, 0, 8]},
			"faces": {
				"north": {"uv": [15.40541, 0.25806, 15.47748, 0], "texture": "#45"},
				"east": {"uv": [15.40541, 0.25806, 15.47748, 0], "texture": "#45"},
				"south": {"uv": [15.40541, 0.25806, 15.47748, 0], "texture": "#45"},
				"west": {"uv": [15.40541, 0.25806, 15.47748, 0], "texture": "#45"},
				"up": {"uv": [15.40541, 0.25806, 15.47748, 0], "rotation": 180, "texture": "#45"},
				"down": {"uv": [15.40541, 0.25806, 15.47748, 0], "rotation": 180, "texture": "#45"}
			}
		},
		{
			"from": [4.8, 0.2, 6.9],
			"to": [8, 4.2, 9.1],
			"rotation": {"angle": 0, "axis": "y", "origin": [8, 0, 8]},
			"faces": {
				"north": {"uv": [12.48564, 0.00783, 10.18018, 10.32584], "texture": "#45"},
				"south": {"uv": [10.18018, 0, 12.48564, 10.32388], "texture": "#45"},
				"up": {"uv": [12.48682, 16, 10.18018, 10.32258], "rotation": 180, "texture": "#45"},
				"down": {"uv": [14.81115, 16, 12.5045, 10.32258], "rotation": 180, "texture": "#45"}
			}
		},
		{
			"from": [6.2, 3.6, 6.7],
			"to": [6.6, 4.4, 9.3],
			"rotation": {"angle": 0, "axis": "y", "origin": [8, 0, 8]},
			"faces": {
				"east": {"uv": [15.40541, 0, 15.47546, 0.24355], "texture": "#45"},
				"west": {"uv": [15.40541, 0, 15.47546, 0.24355], "texture": "#45"},
				"down": {"uv": [15.40541, 0, 15.47546, 0.24355], "rotation": 180, "texture": "#45"}
			}
		},
		{
			"from": [6.2, 0, 6.7],
			"to": [6.6, 1, 9.3],
			"rotation": {"angle": 0, "axis": "y", "origin": [8, 0, 8]},
			"faces": {
				"east": {"uv": [15.40541, 0, 15.47546, 0.24355], "texture": "#45"},
				"west": {"uv": [15.40541, 0, 15.47546, 0.24355], "texture": "#45"},
				"up": {"uv": [15.40541, 0, 15.47546, 0.24355], "rotation": 180, "texture": "#45"}
			}
		},
		{
			"from": [8.2, 4.4, 9.3],
			"to": [4.6, 0, 6.7],
			"rotation": {"angle": 0, "axis": "y", "origin": [8, 0, 8]},
			"faces": {
				"north": {"uv": [15.3513, 8.57742, 16, 2.90484], "texture": "#45"},
				"east": {"uv": [15.40541, 0, 15.47546, 0.24355], "texture": "#45"},
				"south": {"uv": [15.3513, 8.57742, 16, 2.90484], "texture": "#45"},
				"west": {"uv": [15.40541, 0, 15.47546, 0.24355], "texture": "#45"},
				"up": {"uv": [15.35129, 3.93226, 16, 2.90484], "rotation": 180, "texture": "#45"},
				"down": {"uv": [15.35129, 3.93226, 16, 2.90484], "rotation": 180, "texture": "#45"}
			}
		},
		{
			"from": [8.4, 0.2, 6.9],
			"to": [11.2, 4.2, 9.1],
			"rotation": {"angle": 0, "axis": "y", "origin": [8, 0, 8]},
			"faces": {
				"north": {"uv": [4.05373, 0, 2.03662, 10.3198], "texture": "#45"},
				"south": {"uv": [2.03662, 0, 4.05373, 10.3198], "texture": "#45"},
				"up": {"uv": [8.12646, 16, 6.10811, 10.32258], "rotation": 180, "texture": "#45"},
				"down": {"uv": [6.09043, 16, 4.07207, 10.32258], "rotation": 180, "texture": "#45"}
			}
		},
		{
			"from": [9.8, 2.8, 6.7],
			"to": [11.4, 3.2, 9.3],
			"rotation": {"angle": 0, "axis": "y", "origin": [8, 0, 8]},
			"faces": {
				"west": {"uv": [15.40742, 0, 15.47748, 0.24355], "texture": "#45"},
				"up": {"uv": [15.40742, 0, 15.47748, 0.24355], "rotation": 180, "texture": "#45"},
				"down": {"uv": [15.40742, 0, 15.47748, 0.24355], "rotation": 180, "texture": "#45"}
			}
		},
		{
			"from": [9.8, 1.2, 6.7],
			"to": [11.4, 1.6, 9.3],
			"rotation": {"angle": 0, "axis": "y", "origin": [8, 0, 8]},
			"faces": {
				"west": {"uv": [15.40541, 0, 15.47748, 0.25806], "texture": "#45"},
				"up": {"uv": [15.40541, 0, 15.47748, 0.25806], "rotation": 180, "texture": "#45"},
				"down": {"uv": [15.40541, 0, 15.47748, 0.25806], "rotation": 180, "texture": "#45"}
			}
		},
		{
			"from": [11.4, 4.4, 9.3],
			"to": [8.2, 0, 6.7],
			"rotation": {"angle": 0, "axis": "y", "origin": [8, 0, 8]},
			"faces": {
				"north": {"uv": [15.38739, 0, 15.24324, 2.83871], "texture": "#45"},
				"east": {"uv": [15.40541, 0, 15.47748, 0.25806], "texture": "#45"},
				"south": {"uv": [15.24324, 0, 15.38739, 2.83871], "texture": "#45"},
				"west": {"uv": [15.31532, 0, 15.24324, 2.83871], "texture": "#45"},
				"up": {"uv": [15.40541, 0, 15.47748, 0.25806], "rotation": 180, "texture": "#45"},
				"down": {"uv": [15.40541, 0, 15.47748, 0.25806], "rotation": 180, "texture": "#45"}
			}
		},
		{
			"from": [11.6, 0.2, 6.9],
			"to": [14.4, 4.2, 9.1],
			"rotation": {"angle": 0, "axis": "y", "origin": [8, 0, 8]},
			"faces": {
				"north": {"uv": [10.16131, 0.00783, 8.14414, 10.32584], "texture": "#45"},
				"south": {"uv": [8.14414, 0, 10.16131, 10.32388], "texture": "#45"},
				"up": {"uv": [8.12646, 16, 6.10811, 10.32258], "rotation": 180, "texture": "#45"},
				"down": {"uv": [10.1625, 16, 8.14414, 10.32258], "rotation": 180, "texture": "#45"}
			}
		},
		{
			"from": [14.6, 4.4, 9.3],
			"to": [11.4, 0, 6.7],
			"rotation": {"angle": 0, "axis": "y", "origin": [8, 0, 8]},
			"faces": {
				"north": {"uv": [15.40541, 0.25806, 15.47748, 0], "texture": "#45"},
				"east": {"uv": [15.40541, 0.25806, 15.47748, 0], "texture": "#45"},
				"south": {"uv": [15.40541, 0.25806, 15.47748, 0], "texture": "#45"},
				"west": {"uv": [15.40541, 0.25806, 15.47748, 0], "texture": "#45"},
				"up": {"uv": [15.40541, 0.25806, 15.47748, 0], "rotation": 180, "texture": "#45"},
				"down": {"uv": [15.40541, 0.25806, 15.47748, 0], "rotation": 180, "texture": "#45"}
			}
		},
		{
			"from": [14.8, 0.2, 6.9],
			"to": [17.6, 4.2, 9.1],
			"rotation": {"angle": 0, "axis": "y", "origin": [8, 0, 8]},
			"faces": {
				"north": {"uv": [4.05373, 0, 2.03662, 10.3198], "texture": "#45"},
				"south": {"uv": [2.03662, 0, 4.05373, 10.3198], "texture": "#45"},
				"up": {"uv": [8.12646, 16, 6.10811, 10.32258], "rotation": 180, "texture": "#45"},
				"down": {"uv": [6.09043, 16, 4.07207, 10.32258], "rotation": 180, "texture": "#45"}
			}
		},
		{
			"from": [16.2, 2.8, 6.7],
			"to": [17.8, 3.2, 9.3],
			"rotation": {"angle": 0, "axis": "y", "origin": [8, 0, 8]},
			"faces": {
				"west": {"uv": [15.40541, 0, 15.47748, 0.25806], "texture": "#45"},
				"up": {"uv": [15.40541, 0, 15.47748, 0.25806], "rotation": 180, "texture": "#45"},
				"down": {"uv": [15.40541, 0, 15.47748, 0.25806], "rotation": 180, "texture": "#45"}
			}
		},
		{
			"from": [16.2, 1.2, 6.7],
			"to": [17.8, 1.6, 9.3],
			"rotation": {"angle": 0, "axis": "y", "origin": [8, 0, 8]},
			"faces": {
				"west": {"uv": [15.40541, 0, 15.47748, 0.25806], "texture": "#45"},
				"up": {"uv": [15.40541, 0, 15.47748, 0.25806], "rotation": 180, "texture": "#45"},
				"down": {"uv": [15.40541, 0, 15.47748, 0.25806], "rotation": 180, "texture": "#45"}
			}
		},
		{
			"from": [17.8, 4.4, 9.3],
			"to": [14.6, 0, 6.7],
			"rotation": {"angle": 0, "axis": "y", "origin": [8, 0, 8]},
			"faces": {
				"north": {"uv": [15.38739, 0, 15.24324, 2.83871], "texture": "#45"},
				"east": {"uv": [15.40541, 0, 15.47748, 0.25806], "texture": "#45"},
				"south": {"uv": [15.24324, 0, 15.38739, 2.83871], "texture": "#45"},
				"west": {"uv": [15.31532, 0, 15.24324, 2.83871], "texture": "#45"},
				"up": {"uv": [15.40541, 0, 15.47748, 0.25806], "rotation": 180, "texture": "#45"},
				"down": {"uv": [15.40541, 0, 15.47748, 0.25806], "rotation": 180, "texture": "#45"}
			}
		},
		{
			"from": [18, 0.2, 6.9],
			"to": [20.8, 4.2, 9.1],
			"rotation": {"angle": 0, "axis": "y", "origin": [8, 0, 8]},
			"faces": {
				"north": {"uv": [2.01717, 0.00783, 0, 10.32584], "texture": "#45"},
				"south": {"uv": [0, 0, 2.01717, 10.32388], "texture": "#45"},
				"up": {"uv": [4.05439, 16, 2.03604, 10.32258], "rotation": 180, "texture": "#45"},
				"down": {"uv": [2.01835, 16, 0, 10.32258], "rotation": 180, "texture": "#45"}
			}
		},
		{
			"from": [21, 4, 9.3],
			"to": [20.6, 0.4, 6.7],
			"rotation": {"angle": 0, "axis": "y", "origin": [8, 0, 8]},
			"faces": {
				"north": {"uv": [15.63964, 0.06452, 15.65766, 0], "texture": "#45"},
				"south": {"uv": [15.63964, 0.06452, 15.65766, 0], "texture": "#45"},
				"west": {"uv": [15.63964, 0.06452, 15.65766, 0], "texture": "#45"},
				"up": {"uv": [15.63964, 0.06452, 15.65766, 0], "rotation": 180, "texture": "#45"},
				"down": {"uv": [15.63964, 0.06452, 15.65766, 0], "rotation": 180, "texture": "#45"}
			}
		},
		{
			"from": [20.6, 4.4, 9.3],
			"to": [17.8, 0, 6.7],
			"rotation": {"angle": 0, "axis": "y", "origin": [8, 0, 8]},
			"faces": {
				"north": {"uv": [15.40541, 0.25806, 15.47748, 0], "texture": "#45"},
				"east": {"uv": [15.40541, 0.25806, 15.47748, 0], "texture": "#45"},
				"south": {"uv": [15.40541, 0.25806, 15.47748, 0], "texture": "#45"},
				"west": {"uv": [15.40541, 2.83871, 15.47748, 0], "texture": "#45"},
				"up": {"uv": [15.40541, 0.25806, 15.47748, 0], "rotation": 180, "texture": "#45"},
				"down": {"uv": [15.40541, 0.25806, 15.47748, 0], "rotation": 180, "texture": "#45"}
			}
		},
		{
			"from": [22, 1, 6.9],
			"to": [23.6, 3.4, 9.1],
			"rotation": {"angle": 0, "axis": "y", "origin": [8, 0, 8]},
			"faces": {
				"north": {"uv": [14.82865, 4.12661, 13.67625, 10.32258], "texture": "#45"},
				"south": {"uv": [13.67625, 4.12661, 14.82865, 10.32258], "texture": "#45"},
				"up": {"uv": [11.33795, 16, 10.7565, 10.32339], "rotation": 180, "texture": "#45"},
				"down": {"uv": [13.66227, 16, 13.08082, 10.32339], "rotation": 180, "texture": "#45"}
			}
		},
		{
			"from": [23, 2.8, 6.7],
			"to": [23.8, 3.6, 9.3],
			"rotation": {"angle": 0, "axis": "y", "origin": [8, 0, 8]},
			"faces": {
				"west": {"uv": [15.63964, 0.00968, 15.65564, 0.05968], "texture": "#45"},
				"down": {"uv": [15.63964, 0.00968, 15.65564, 0.05968], "rotation": 180, "texture": "#45"}
			}
		},
		{
			"from": [23, 0.8, 6.7],
			"to": [23.8, 1.6, 9.3],
			"rotation": {"angle": 0, "axis": "y", "origin": [8, 0, 8]},
			"faces": {
				"west": {"uv": [15.63964, 0, 15.65564, 0.05], "texture": "#45"},
				"up": {"uv": [15.63964, 0, 15.65564, 0.05], "rotation": 180, "texture": "#45"}
			}
		},
		{
			"from": [23.8, 3.6, 9.3],
			"to": [21.8, 0.8, 6.7],
			"rotation": {"angle": 0, "axis": "y", "origin": [8, 0, 8]},
			"faces": {
				"north": {"uv": [15.85581, 1.8, 15.4955, 0.00484], "texture": "#45"},
				"east": {"uv": [15.63964, 0.06452, 15.65766, 0], "texture": "#45"},
				"south": {"uv": [16, 1.8, 15.63968, 0.00484], "texture": "#45"},
				"west": {"uv": [15.92793, 1.80645, 16, 0], "texture": "#45"},
				"up": {"uv": [15.63964, 1.80645, 16, 1.54839], "rotation": 180, "texture": "#45"},
				"down": {"uv": [15.63964, 0.25806, 16, 0], "rotation": 180, "texture": "#45"}
			}
		}
	],
	"groups": [
		{
			"name": "_cornered_",
			"origin": [8, 0, 8],
			"color": 0,
			"children": [
				{
					"name": "",
					"origin": [8, 0, 8],
					"color": 0,
					"children": [
						{
							"name": "open_terminator",
							"origin": [8, 0, 8],
							"color": 0,
							"children": [0, 1, 2, 3]
						}
					]
				},
				{
					"name": "cornered",
					"origin": [8, 0, 8],
					"color": 0,
					"children": [
						{
							"name": "c",
							"origin": [8, 0, 8],
							"color": 0,
							"children": [4, 5, 6]
						},
						{
							"name": "o",
							"origin": [8, 0, 8],
							"color": 0,
							"children": [7, 8]
						},
						{
							"name": "r",
							"origin": [8, 0, 8],
							"color": 0,
							"children": [9, 10]
						},
						{
							"name": "n",
							"origin": [8, 0, 8],
							"color": 0,
							"children": [11, 12, 13, 14]
						},
						{
							"name": "e",
							"origin": [8, 0, 8],
							"color": 0,
							"children": [15, 16, 17, 18]
						},
						{
							"name": "r",
							"origin": [8, 0, 8],
							"color": 0,
							"children": [19, 20]
						},
						{
							"name": "e",
							"origin": [8, 0, 8],
							"color": 0,
							"children": [21, 22, 23, 24]
						},
						{
							"name": "d",
							"origin": [8, 0, 8],
							"color": 0,
							"children": [25, 26, 27]
						}
					]
				},
				{
					"name": "",
					"origin": [8, 0, 8],
					"color": 0,
					"children": [
						{
							"name": "close_terminator",
							"origin": [8, 0, 8],
							"color": 0,
							"children": [28, 29, 30, 31]
						}
					]
				}
			]
		}
	]
}