{
	"credit": "Made with Blockbench by dragonmaster95",
	"ambientocclusion": false,
	"textures": {
		"bottom": "block/dark_oak_door_bottom",
		"particle": "block/dark_oak_door_top",
		"top": "block/dark_oak_door_top"
	},
	"elements": [
		{
			"from": [0, 0, 0],
			"to": [3, 16, 16],
			"faces": {
				"north": {"uv": [3, 0, 0, 16], "texture": "#bottom", "cullface": "north"},
				"east": {"uv": [0, 0, 16, 16], "texture": "#bottom"},
				"south": {"uv": [0, 0, 3, 16], "texture": "#bottom", "cullface": "south"},
				"west": {"uv": [16, 0, 0, 16], "texture": "#bottom", "cullface": "west"},
				"down": {"uv": [13, 16, 16, 0], "texture": "#bottom", "cullface": "down"}
			}
		},
		{
			"from": [0, 16, 0],
			"to": [3, 32, 16],
			"faces": {
				"north": {"uv": [3, 0, 0, 16], "texture": "#top", "cullface": "north"},
				"east": {"uv": [0, 0, 16, 16], "texture": "#top", "cullface": "up"},
				"south": {"uv": [0, 0, 3, 16], "texture": "#top", "cullface": "up"},
				"west": {"uv": [16, 0, 0, 16], "texture": "#top", "cullface": "west"},
				"up": {"uv": [13, 16, 16, 0], "texture": "#bottom", "cullface": "up"}
			}
		}
	]
}