{
	"credit": "Made with Blockbench, a free, modern block model editor by JannisX11",
	"textures": {
		"0": "block/diorite",
		"1": "block/water_purple",
		"particle": "block/diorite"
	},
	"elements": [
		{
			"name": "cube",
			"from": [5, 0, 5],
			"to": [6, 6, 11],
			"faces": {
				"north": {"uv": [10, 10, 11, 16], "texture": "#0"},
				"east": {"uv": [5, 10, 11, 16], "texture": "#0"},
				"south": {"uv": [5, 10, 6, 16], "texture": "#0"},
				"west": {"uv": [5, 10, 11, 16], "texture": "#0"},
				"up": {"uv": [5, 5, 6, 11], "texture": "#0", "rotation": 180},
				"down": {"uv": [5, 5, 6, 11], "texture": "#0", "rotation": 180}
			}
		},
		{
			"name": "cube",
			"from": [10, 0, 5],
			"to": [11, 6, 11],
			"faces": {
				"north": {"uv": [5, 10, 6, 16], "texture": "#0"},
				"east": {"uv": [5, 10, 11, 16], "texture": "#0"},
				"south": {"uv": [10, 10, 11, 16], "texture": "#0"},
				"west": {"uv": [5, 10, 11, 16], "texture": "#0"},
				"up": {"uv": [10, 5, 11, 11], "texture": "#0", "rotation": 180},
				"down": {"uv": [10, 5, 11, 11], "texture": "#0", "rotation": 180}
			}
		},
		{
			"name": "cube",
			"from": [6, 0, 5],
			"to": [10, 6, 6],
			"faces": {
				"north": {"uv": [6, 10, 10, 16], "texture": "#0"},
				"east": {"uv": [10, 10, 11, 16], "texture": "#0"},
				"south": {"uv": [6, 10, 10, 16], "texture": "#0"},
				"west": {"uv": [5, 10, 6, 16], "texture": "#0"},
				"up": {"uv": [6, 5, 10, 6], "texture": "#0", "rotation": 180},
				"down": {"uv": [6, 10, 10, 11], "texture": "#0", "rotation": 180}
			}
		},
		{
			"name": "cube",
			"from": [6, 0, 10],
			"to": [10, 6, 11],
			"faces": {
				"north": {"uv": [6, 10, 10, 16], "texture": "#0"},
				"east": {"uv": [5, 10, 6, 16], "texture": "#0"},
				"south": {"uv": [6, 10, 10, 16], "texture": "#0"},
				"west": {"uv": [10, 10, 11, 16], "texture": "#0"},
				"up": {"uv": [6, 10, 10, 11], "texture": "#0", "rotation": 180},
				"down": {"uv": [6, 5, 10, 6], "texture": "#0", "rotation": 180}
			}
		},
		{
			"name": "cube",
			"from": [6, 0, 6],
			"to": [10, 5, 10],
			"faces": {
				"north": {"uv": [6, 11, 10, 16], "texture": "#0"},
				"east": {"uv": [6, 11, 10, 16], "texture": "#0"},
				"south": {"uv": [6, 11, 10, 16], "texture": "#0"},
				"west": {"uv": [6, 11, 10, 16], "texture": "#0"},
				"up": {"uv": [6, 6, 10, 10], "texture": "#1", "rotation": 180},
				"down": {"uv": [6, 6, 10, 10], "texture": "#0", "rotation": 180}
			}
		},
		{
			"name": "cube",
			"from": [2.8, 1.3749999999999991, 7.45],
			"to": [3.8999999999999995, 4.675, 8.55],
			"faces": {
				"north": {"uv": [12.100000000000001, 11.325, 13.2, 14.625], "texture": "#0"},
				"east": {"uv": [7.5, 11.25, 8.5, 14.25], "texture": "#0"},
				"south": {"uv": [3, 11.25, 4, 14.25], "texture": "#0"},
				"west": {"uv": [7.5, 11.25, 8.5, 14.25], "texture": "#0"},
				"up": {"uv": [3, 7.5, 4, 8.5], "texture": "#0", "rotation": 180},
				"down": {"uv": [3, 7.5, 4, 8.5], "texture": "#0", "rotation": 180}
			}
		},
		{
			"name": "cube",
			"from": [3.3499999999999996, 4.125, 7.45],
			"to": [4.999999999999999, 5.225, 8.55],
			"faces": {
				"north": {"uv": [11, 10.775, 12.65, 11.875], "texture": "#0"},
				"south": {"uv": [3.5, 10.75, 5, 11.75], "texture": "#0"},
				"west": {"uv": [7.5, 10.75, 8.5, 11.75], "texture": "#0"},
				"up": {"uv": [3.5, 7.5, 5, 8.5], "texture": "#0", "rotation": 180},
				"down": {"uv": [3.5, 7.5, 5, 8.5], "texture": "#0", "rotation": 180}
			}
		},
		{
			"name": "cube",
			"from": [3.3499999999999996, 0.8249999999999993, 7.45],
			"to": [4.999999999999999, 1.9249999999999998, 8.55],
			"faces": {
				"north": {"uv": [11, 14.075, 12.65, 15.175], "texture": "#0"},
				"south": {"uv": [3.5, 13.75, 5, 14.75], "texture": "#0"},
				"west": {"uv": [7.5, 13.75, 8.5, 14.75], "texture": "#0"},
				"up": {"uv": [3.5, 7.5, 5, 8.5], "texture": "#0", "rotation": 180},
				"down": {"uv": [3.5, 7.5, 5, 8.5], "texture": "#0", "rotation": 180}
			}
		}
	],
	"ambientocclusion": false
}