{
	"credit": "Made with Blockbench by dragonmaster95",
	"parent": "costumes/head_template",
	"textures": {
		"0": "entity/allay/allay"
	},
	"elements": [
		{
			"name": "head",
			"from": [4, 0.016, 4],
			"to": [12, 8.016, 12],
			"rotation": {"angle": 0, "axis": "y", "origin": [-4.8, 0, -4.8]},
			"faces": {
				"north": {"uv": [2.5, 2.5, 5, 5], "texture": "#0"},
				"east": {"uv": [0, 2.5, 2.5, 5], "texture": "#0"},
				"south": {"uv": [7.5, 2.5, 10, 5], "texture": "#0"},
				"west": {"uv": [5, 2.5, 7.5, 5], "texture": "#0"},
				"up": {"uv": [5, 2.5, 2.5, 0], "texture": "#0"},
				"down": {"uv": [7.5, 0, 5, 2.5], "texture": "#0"}
			}
		},
		{
			"name": "left_wing",
			"from": [-5.65, -9.6, 10.7],
			"to": [7.15, -1.6, 10.7],
			"shade": false,
			"rotation": {"angle": 22.5, "axis": "y", "origin": [7.25, -2, 8.5]},
			"faces": {
				"north": {"uv": [12, 11, 8, 13.5], "texture": "#0"},
				"east": {"uv": [12, 11, 12, 13.5], "texture": "#0"},
				"south": {"uv": [8, 11, 12, 13.5], "texture": "#0"},
				"west": {"uv": [16, 11, 16, 13.5], "texture": "#0"},
				"up": {"uv": [12, 11, 12, 7], "rotation": 90, "texture": "#0"},
				"down": {"uv": [12, 7, 12, 11], "rotation": 270, "texture": "#0"}
			}
		},
		{
			"name": "right_wing",
			"from": [8.85, -9.6, 10.7],
			"to": [21.65, -1.6, 10.7],
			"rotation": {"angle": -22.5, "axis": "y", "origin": [8.75, -2, 8.5]},
			"faces": {
				"north": {"uv": [8, 11, 12, 13.5], "texture": "#0"},
				"east": {"uv": [16, 11, 16, 13.5], "texture": "#0"},
				"south": {"uv": [12, 11, 8, 13.5], "texture": "#0"},
				"west": {"uv": [12, 11, 12, 13.5], "texture": "#0"},
				"up": {"uv": [12, 11, 12, 7], "rotation": 270, "texture": "#0"},
				"down": {"uv": [12, 7, 12, 11], "rotation": 90, "texture": "#0"}
			}
		}
	]
}