{
	"credit": "Made with Blockbench by dragonmaster95",
	"parent": "costumes/head_template",
	"textures": {
		"0": "entity/axolotl/axolotl_lucy"
	},
	"elements": [
		{
			"name": "body",
			"from": [8, 2, 4.25],
			"to": [8, 10, 9.25],
			"rotation": {"angle": 0, "axis": "x", "origin": [8, 2.5, 12.75]},
			"faces": {
				"north": {"uv": [2.75, 4.25, 2.75, 6.5], "rotation": 180, "texture": "#0"},
				"east": {"uv": [0.5, 6.5, 2.75, 7.75], "rotation": 270, "texture": "#0"},
				"south": {"uv": [2.75, 6.5, 2.75, 4.25], "texture": "#0"},
				"west": {"uv": [2.5, 6.5, 0.5, 7.75], "rotation": 90, "texture": "#0"},
				"up": {"uv": [2.75, 6.5, 2.75, 7.75], "rotation": 180, "texture": "#0"},
				"down": {"uv": [5, 6.5, 5, 7.75], "texture": "#0"}
			}
		},
		{
			"name": "tail",
			"from": [8, -10, 4.25],
			"to": [8, 2, 9.25],
			"rotation": {"angle": 0, "axis": "x", "origin": [8, 2.5, 12.75]},
			"faces": {
				"north": {"uv": [3.5, 4.75, 3.5, 7.75], "rotation": 180, "texture": "#0"},
				"east": {"uv": [0.5, 7.75, 3.5, 9], "rotation": 270, "texture": "#0"},
				"south": {"uv": [3.5, 7.75, 3.5, 4.75], "texture": "#0"},
				"west": {"uv": [3.5, 7.75, 0.5, 9], "rotation": 90, "texture": "#0"},
				"up": {"uv": [3.5, 7.75, 3.5, 9], "rotation": 180, "texture": "#0"},
				"down": {"uv": [6.5, 7.75, 6.5, 9], "texture": "#0"}
			}
		},
		{
			"name": "tail",
			"from": [8, 10, 4.25],
			"to": [8, 17, 9.25],
			"rotation": {"angle": 0, "axis": "x", "origin": [8, 13.5, 12.75]},
			"faces": {
				"north": {"uv": [3.5, 7.75, 3.5, 4.75], "rotation": 180, "texture": "#0"},
				"east": {"uv": [3.5, 7.75, 0.5, 9], "rotation": 270, "texture": "#0"},
				"south": {"uv": [3.5, 4.75, 3.5, 7.75], "texture": "#0"},
				"west": {"uv": [0.5, 7.75, 2.25, 9], "rotation": 90, "texture": "#0"},
				"up": {"uv": [6.5, 9, 6.5, 7.75], "texture": "#0"},
				"down": {"uv": [3.5, 9, 3.5, 7.75], "rotation": 180, "texture": "#0"}
			}
		},
		{
			"name": "head",
			"from": [4, 13, 3],
			"to": [12, 18, 6],
			"faces": {
				"north": {"uv": [6.5, 1.5, 4.5, 2.75], "texture": "#0"},
				"east": {"uv": [7.5, 6.25, 6.25, 5.25], "rotation": 90, "texture": "#0"},
				"south": {"uv": [2.5, 3.5, 4.5, 4.75], "texture": "#0"},
				"west": {"uv": [7.5, 5.25, 6.25, 6.25], "rotation": 90, "texture": "#0"},
				"up": {"uv": [2.5, 2.75, 4.5, 3.5], "texture": "#0"},
				"down": {"uv": [5.25, 1.5, 3.25, 0.25], "texture": "#0"}
			}
		},
		{
			"name": "top_gills",
			"from": [4, 18, 2],
			"to": [12, 21, 2],
			"faces": {
				"north": {"uv": [0.75, 9.25, 2.75, 10], "texture": "#0"},
				"east": {"uv": [0.75, 9.25, 0.75, 10], "texture": "#0"},
				"south": {"uv": [2.75, 9.25, 0.75, 10], "texture": "#0"},
				"west": {"uv": [2.75, 9.25, 2.75, 10], "texture": "#0"},
				"up": {"uv": [2.75, 9.25, 0.75, 9.25], "texture": "#0"},
				"down": {"uv": [4.75, 9.25, 2.75, 9.25], "texture": "#0"}
			}
		},
		{
			"name": "left_gills",
			"from": [1, 13, 2],
			"to": [4, 20, 2],
			"faces": {
				"north": {"uv": [2.75, 10, 3.5, 11.75], "texture": "#0"},
				"east": {"uv": [2.75, 10, 2.75, 11.75], "texture": "#0"},
				"south": {"uv": [3.5, 10, 2.75, 11.75], "texture": "#0"},
				"west": {"uv": [3.5, 10, 3.5, 11.75], "texture": "#0"},
				"up": {"uv": [3.5, 10, 2.75, 10], "texture": "#0"},
				"down": {"uv": [4.25, 10, 3.5, 10], "texture": "#0"}
			}
		},
		{
			"name": "head",
			"from": [4, 13, -2],
			"to": [12, 18, 3],
			"faces": {
				"north": {"uv": [1.25, 1.5, 3.25, 2.75], "texture": "#0"},
				"east": {"uv": [0, 1.5, 1.25, 2.75], "texture": "#0"},
				"south": {"uv": [4.5, 1.5, 6.5, 2.75], "texture": "#0"},
				"west": {"uv": [3.25, 1.5, 4.5, 2.75], "texture": "#0"},
				"up": {"uv": [3.25, 1.5, 1.25, 0.25], "texture": "#0"},
				"down": {"uv": [5.25, 0.25, 3.25, 1.5], "texture": "#0"}
			}
		},
		{
			"name": "right_gills",
			"from": [12, 13, 2],
			"to": [15, 20, 2],
			"faces": {
				"north": {"uv": [0, 10, 0.75, 11.75], "texture": "#0"},
				"east": {"uv": [0, 10, 0, 11.75], "texture": "#0"},
				"south": {"uv": [0.75, 10, 0, 11.75], "texture": "#0"},
				"west": {"uv": [0.75, 10, 0.75, 11.75], "texture": "#0"},
				"up": {"uv": [0.75, 10, 0, 10], "texture": "#0"},
				"down": {"uv": [1.5, 10, 0.75, 10], "texture": "#0"}
			}
		},
		{
			"name": "head",
			"from": [4, 10, 2],
			"to": [12, 13, 6],
			"rotation": {"angle": 0, "axis": "y", "origin": [0, 16, 0]},
			"faces": {
				"north": {"uv": [6.5, 2.75, 4.5, 1.5], "texture": "#0"},
				"east": {"uv": [1, 6.25, 0.25, 5.25], "rotation": 90, "texture": "#0"},
				"south": {"uv": [4.5, 4.25, 2.5, 5], "texture": "#0"},
				"west": {"uv": [1, 5.25, 0.25, 6.25], "rotation": 90, "texture": "#0"},
				"up": {"uv": [5.25, 0.25, 3.25, 1.5], "texture": "#0"},
				"down": {"uv": [3.25, 1.5, 1.25, 0.25], "texture": "#0"}
			}
		},
		{
			"name": "left_arm",
			"from": [3.5, 9, -1.5],
			"to": [3.5, 14, 1.5],
			"rotation": {"angle": -22.5, "axis": "z", "origin": [3.5, 11.5, 0]},
			"faces": {
				"north": {"uv": [0.5, 3.25, 0.5, 4.5], "texture": "#0"},
				"east": {"uv": [1.25, 3.25, 2, 4.5], "texture": "#0"},
				"south": {"uv": [1.25, 3.25, 1.25, 4.5], "texture": "#0"},
				"west": {"uv": [0.5, 3.25, 1.25, 4.5], "texture": "#0"},
				"up": {"uv": [1.25, 3.25, 0.5, 3.25], "rotation": 270, "texture": "#0"},
				"down": {"uv": [2, 3.25, 1.25, 3.25], "rotation": 90, "texture": "#0"}
			}
		},
		{
			"name": "left_arm",
			"from": [12.5, 9, -1.5],
			"to": [12.5, 14, 1.5],
			"rotation": {"angle": 22.5, "axis": "z", "origin": [12.5, 11.5, 0]},
			"faces": {
				"north": {"uv": [0.5, 3.25, 0.5, 4.5], "texture": "#0"},
				"east": {"uv": [1.25, 3.25, 0.5, 4.5], "texture": "#0"},
				"south": {"uv": [1.25, 3.25, 1.25, 4.5], "texture": "#0"},
				"west": {"uv": [2, 3.25, 1.25, 4.5], "texture": "#0"},
				"up": {"uv": [1.25, 3.25, 0.5, 3.25], "rotation": 270, "texture": "#0"},
				"down": {"uv": [2, 3.25, 1.25, 3.25], "rotation": 90, "texture": "#0"}
			}
		},
		{
			"name": "left_leg",
			"from": [3, -4, 4],
			"to": [6, 1, 4],
			"rotation": {"angle": -22.5, "axis": "z", "origin": [4.5, -1.5, 4]},
			"faces": {
				"north": {"uv": [0.5, 3.25, 1.25, 4.5], "texture": "#0"},
				"east": {"uv": [0.5, 3.25, 0.5, 4.5], "texture": "#0"},
				"south": {"uv": [1.25, 3.25, 2, 4.5], "texture": "#0"},
				"west": {"uv": [1.25, 3.25, 1.25, 4.5], "texture": "#0"},
				"up": {"uv": [1.25, 3.25, 0.5, 3.25], "texture": "#0"},
				"down": {"uv": [2, 3.25, 1.25, 3.25], "texture": "#0"}
			}
		},
		{
			"name": "right_leg",
			"from": [10, -4, 4],
			"to": [13, 1, 4],
			"rotation": {"angle": 22.5, "axis": "z", "origin": [11.5, -1.5, 4]},
			"faces": {
				"north": {"uv": [0.5, 3.25, 1.25, 4.5], "texture": "#0"},
				"east": {"uv": [0.5, 3.25, 0.5, 4.5], "texture": "#0"},
				"south": {"uv": [1.25, 3.25, 2, 4.5], "texture": "#0"},
				"west": {"uv": [1.25, 3.25, 1.25, 4.5], "texture": "#0"},
				"up": {"uv": [1.25, 3.25, 0.5, 3.25], "texture": "#0"},
				"down": {"uv": [2, 3.25, 1.25, 3.25], "texture": "#0"}
			}
		},
		{
			"name": "body",
			"from": [4, 0, 2],
			"to": [12, 10, 6],
			"faces": {
				"north": {"uv": [6.5, 2.75, 4.5, 5.25], "rotation": 180, "texture": "#0"},
				"east": {"uv": [0, 5.25, 2.5, 6.25], "rotation": 270, "texture": "#0"},
				"south": {"uv": [4.5, 5.25, 2.5, 2.75], "texture": "#0"},
				"west": {"uv": [4.5, 5.25, 7, 6.25], "rotation": 90, "texture": "#0"},
				"up": {"uv": [2.5, 5.25, 4.5, 6.25], "rotation": 180, "texture": "#0"},
				"down": {"uv": [7, 5.25, 9, 6.25], "texture": "#0"}
			}
		}
	],
	"display": {
		"head": {
			"translation": [0, -10.85, 10.85],
			"scale": [1.81, 1.81, 1.81]
		}
	},
	"groups": [
		{
			"name": "fin",
			"origin": [8, 2.5, 12.75],
			"color": 0,
			"children": [0, 1, 2]
		},
		{
			"name": "head",
			"origin": [0, 16, 0],
			"color": 0,
			"children": [3, 4, 5, 6, 7, 8]
		},
		{
			"name": "feet",
			"origin": [0, 0, 0],
			"color": 0,
			"children": [9, 10, 11, 12]
		},
		13
	]
}