{
	"credit": "Made with Blockbench by dragonmaster95",
	"parent": "costumes/head_template",
	"texture_size": [64, 64],
	"textures": {
		"0": "entity/bat",
		"1": "costumes/bat",
		"particle": "costumes/bat"
	},
	"elements": [
		{
			"name": "head",
			"from": [5, 21, 5],
			"to": [11, 27, 11],
			"rotation": {"angle": 0, "axis": "x", "origin": [8, 21, 11]},
			"faces": {
				"north": {"uv": [0, 0, 6, 6], "texture": "#1"},
				"east": {"uv": [0, 1.5, 1.5, 3], "texture": "#0"},
				"south": {"uv": [6, 6, 12, 12], "texture": "#1"},
				"west": {"uv": [3, 1.5, 4.5, 3], "texture": "#0"},
				"up": {"uv": [1.5, 1.5, 3, 0], "texture": "#0"},
				"down": {"uv": [12, 0, 6, 6], "texture": "#1"}
			}
		},
		{
			"name": "rightEar",
			"from": [9, 26, 6],
			"to": [12, 30, 7],
			"rotation": {"angle": 0, "axis": "x", "origin": [8, 21, 11]},
			"faces": {
				"north": {"uv": [6.25, 0.25, 7, 1.25], "texture": "#0"},
				"east": {"uv": [6, 0.25, 6.25, 1.25], "texture": "#0"},
				"south": {"uv": [7.25, 0.25, 8, 1.25], "texture": "#0"},
				"west": {"uv": [7, 0.25, 7.25, 1.25], "texture": "#0"},
				"up": {"uv": [7, 0.25, 6.25, 0], "texture": "#0"},
				"down": {"uv": [7.75, 0, 7, 0.25], "texture": "#0"}
			}
		},
		{
			"name": "leftEar",
			"from": [4, 26, 6],
			"to": [7, 30, 7],
			"shade": false,
			"rotation": {"angle": 0, "axis": "x", "origin": [8, 21, 11]},
			"faces": {
				"north": {"uv": [7, 0.25, 6.25, 1.25], "texture": "#0"},
				"east": {"uv": [7.25, 0.25, 7, 1.25], "texture": "#0"},
				"south": {"uv": [8, 0.25, 7.25, 1.25], "texture": "#0"},
				"west": {"uv": [6.25, 0.25, 6, 1.25], "texture": "#0"},
				"up": {"uv": [6.25, 0.25, 7, 0], "texture": "#0"},
				"down": {"uv": [7, 0, 7.75, 0.25], "texture": "#0"}
			}
		},
		{
			"name": "body",
			"from": [5.5, 6.59809, 9.65192],
			"to": [10.5, 14.59809, 9.65192],
			"rotation": {"angle": -22.5, "axis": "x", "origin": [8, 14.59809, 9.65192]},
			"faces": {
				"north": {"uv": [0.25, 8.75, 2.75, 12.75], "texture": "#0"},
				"south": {"uv": [2.75, 8.75, 0.25, 12.75], "texture": "#0"}
			}
		},
		{
			"name": "rightWing",
			"from": [2.75, 14.09809, 9.40192],
			"to": [7.75, 22.09809, 9.40192],
			"rotation": {"angle": 22.5, "axis": "y", "origin": [8, 22.5981, 8.65192]},
			"faces": {
				"north": {"uv": [13.25, 0, 10.75, 4], "texture": "#0"},
				"south": {"uv": [10.75, 0, 13.25, 4], "texture": "#0"}
			}
		},
		{
			"name": "rightWingTip",
			"from": [-1.25, 15.59809, 9.40192],
			"to": [2.75, 21.59809, 9.40192],
			"rotation": {"angle": 22.5, "axis": "y", "origin": [8, 22.5981, 8.65192]},
			"faces": {
				"north": {"uv": [8.25, 4, 6.25, 7], "texture": "#0"},
				"south": {"uv": [6.25, 4, 8.25, 7], "texture": "#0"}
			}
		},
		{
			"name": "rightWing",
			"from": [8.25, 14.09809, 9.40192],
			"to": [13.25, 22.09809, 9.40192],
			"rotation": {"angle": -22.5, "axis": "y", "origin": [8, 22.5981, 8.65192]},
			"faces": {
				"north": {"uv": [10.75, 0, 13.25, 4], "texture": "#0"},
				"south": {"uv": [13.25, 0, 10.75, 4], "texture": "#0"}
			}
		},
		{
			"name": "rightWingTip",
			"from": [13.25, 15.59809, 9.40192],
			"to": [17.25, 21.59809, 9.40192],
			"rotation": {"angle": -22.5, "axis": "y", "origin": [8, 22.5981, 8.65192]},
			"faces": {
				"north": {"uv": [6.25, 4, 8.25, 7], "texture": "#0"},
				"south": {"uv": [8.25, 4, 6.25, 7], "texture": "#0"}
			}
		}
	],
	"display": {
		"head": {
			"translation": [0, -38.55, 0],
			"scale": [2.41, 2.41, 2.41]
		}
	},
	"groups": [
		{
			"name": "head",
			"origin": [0, 21, 3],
			"color": 0,
			"children": [0, 1, 2]
		},
		{
			"name": "body",
			"origin": [0, 21, 3],
			"color": 0,
			"children": [
				3,
				{
					"name": "group",
					"origin": [8, 25.0981, 8.90192],
					"color": 0,
					"children": [4, 5, 6, 7]
				}
			]
		}
	]
}