{
	"credit": "Made with Blockbench by dragonmaster95",
	"parent": "costumes/head_template",
	"texture_size": [64, 64],
	"textures": {
		"2": "entity/bee/bee",
		"8": "costumes/bee_face"
	},
	"elements": [
		{
			"name": "Helmet",
			"from": [3.365, -0.00003, 1.94538],
			"to": [12.635, 9.26997, 14.30538],
			"rotation": {"angle": 0, "axis": "y", "origin": [-12.36, -23.88508, 0.12475]},
			"faces": {
				"north": {"uv": [0, 0, 7, 7], "texture": "#8"},
				"east": {"uv": [0, 2.5, 2.5, 4.25], "texture": "#2"},
				"south": {"uv": [6.75, 2.5, 8.5, 4.25], "texture": "#2"},
				"west": {"uv": [4.25, 2.5, 6.75, 4.25], "texture": "#2"},
				"up": {"uv": [4.25, 2.5, 2.5, 0], "texture": "#2"},
				"down": {"uv": [6, 0, 4.25, 2.5], "texture": "#2"}
			}
		},
		{
			"name": "left_antenna",
			"from": [6.00901, 6.62596, -2.02775],
			"to": [6.00901, 9.27471, 1.94538],
			"rotation": {"angle": 0, "axis": "y", "origin": [-16.90207, -35.62463, 2.74978]},
			"faces": {
				"north": {"uv": [1.25, 0.75, 1.5, 1.25], "texture": "#2"},
				"east": {"uv": [0.5, 0.75, 1.25, 1.25], "texture": "#2"},
				"south": {"uv": [2.25, 0.75, 2.5, 1.25], "texture": "#2"},
				"west": {"uv": [1.5, 1.5, 2.25, 2], "texture": "#2"},
				"up": {"uv": [1.5, 0.75, 1.25, 0], "texture": "#2"},
				"down": {"uv": [1.75, 0, 1.5, 0.75], "texture": "#2"}
			}
		},
		{
			"name": "right_antenna",
			"from": [9.99099, 6.62596, -2.02775],
			"to": [9.99099, 9.27471, 1.94538],
			"rotation": {"angle": 0, "axis": "y", "origin": [-16.90207, -35.62463, 2.74978]},
			"faces": {
				"north": {"uv": [1.25, 1.5, 1.5, 2], "texture": "#2"},
				"east": {"uv": [0.5, 0.75, 1.25, 1.25], "texture": "#2"},
				"south": {"uv": [2.25, 1.5, 2.5, 2], "texture": "#2"},
				"west": {"uv": [1.5, 1.5, 2.25, 2], "texture": "#2"},
				"up": {"uv": [1.5, 1.5, 1.25, 0.75], "texture": "#2"},
				"down": {"uv": [1.75, 0.75, 1.5, 1.5], "texture": "#2"}
			}
		},
		{
			"name": "Helmet inverted",
			"from": [12.635, 9.26997, 14.30538],
			"to": [3.365, -0.00003, 1.94538],
			"rotation": {"angle": 0, "axis": "y", "origin": [-12.36, -23.88508, 0.12475]},
			"faces": {
				"north": {"uv": [6.75, 4.25, 8.5, 2.5], "texture": "#2"},
				"east": {"uv": [4.25, 4.25, 6.75, 2.5], "texture": "#2"},
				"south": {"uv": [0, 7, 7, 0], "texture": "#8"},
				"west": {"uv": [0, 4.25, 2.5, 2.5], "texture": "#2"},
				"up": {"uv": [4.25, 0, 6, 2.5], "texture": "#2"},
				"down": {"uv": [2.5, 2.5, 4.25, 0], "texture": "#2"}
			}
		}
	],
	"groups": [
		{
			"name": "armor1",
			"origin": [0, -23, 0],
			"color": 0,
			"children": [
				{
					"name": "Head",
					"origin": [-12, 1, 0],
					"color": 0,
					"children": [0, 1, 2, 3]
				}
			]
		}
	]
}