{
	"credit": "Made with Blockbench by dragonmaster95",
	"parent": "costumes/head_template",
	"texture_size": [64, 32],
	"textures": {
		"0": "entity/blaze"
	},
	"elements": [
		{
			"name": "head",
			"from": [4, 5, 4],
			"to": [12, 13, 12],
			"rotation": {"angle": 0, "axis": "y", "origin": [8, -15, 8]},
			"faces": {
				"north": {"uv": [2, 4, 4, 8], "texture": "#0"},
				"east": {"uv": [0, 4, 2, 8], "texture": "#0"},
				"south": {"uv": [6, 4, 8, 8], "texture": "#0"},
				"west": {"uv": [4, 4, 6, 8], "texture": "#0"},
				"up": {"uv": [4, 4, 2, 0], "texture": "#0"},
				"down": {"uv": [6, 0, 4, 4], "texture": "#0"}
			}
		},
		{
			"name": "upperBodyParts7",
			"from": [0, 11.9, 5.9],
			"to": [3, 12.1, 6.1],
			"rotation": {"angle": -22.5, "axis": "y", "origin": [8, 9, 8]},
			"faces": {
				"north": {"uv": [3.3125, 5.625, 3.4375, 5.875], "texture": "#0"},
				"east": {"uv": [3.3125, 5.625, 3.4375, 5.875], "texture": "#0"},
				"south": {"uv": [3.3125, 5.625, 3.4375, 5.875], "texture": "#0"},
				"west": {"uv": [3.3125, 5.625, 3.4375, 5.875], "texture": "#0"},
				"up": {"uv": [3.3125, 5.625, 3.4375, 5.875], "rotation": 270, "texture": "#0"},
				"down": {"uv": [3.3125, 5.625, 3.4375, 5.875], "rotation": 90, "texture": "#0"}
			}
		},
		{
			"name": "upperBodyParts4",
			"from": [9.9, 11.9, 0],
			"to": [10.1, 12.1, 3],
			"rotation": {"angle": -22.5, "axis": "y", "origin": [8, 9, 8]},
			"faces": {
				"north": {"uv": [3.3125, 5.625, 3.4375, 5.875], "texture": "#0"},
				"east": {"uv": [3.3125, 5.625, 3.4375, 5.875], "texture": "#0"},
				"south": {"uv": [3.3125, 5.625, 3.4375, 5.875], "texture": "#0"},
				"west": {"uv": [3.3125, 5.625, 3.4375, 5.875], "texture": "#0"},
				"up": {"uv": [3.3125, 5.625, 3.4375, 5.875], "texture": "#0"},
				"down": {"uv": [3.3125, 5.625, 3.4375, 5.875], "texture": "#0"}
			}
		},
		{
			"name": "upperBodyParts6",
			"from": [5.9, 11.9, 13],
			"to": [6.1, 12.1, 16],
			"rotation": {"angle": -22.5, "axis": "y", "origin": [8, 9, 8]},
			"faces": {
				"north": {"uv": [3.3125, 5.625, 3.4375, 5.875], "texture": "#0"},
				"east": {"uv": [3.3125, 5.625, 3.4375, 5.875], "texture": "#0"},
				"south": {"uv": [3.3125, 5.625, 3.4375, 5.875], "texture": "#0"},
				"west": {"uv": [3.3125, 5.625, 3.4375, 5.875], "texture": "#0"},
				"up": {"uv": [3.3125, 5.625, 3.4375, 5.875], "rotation": 180, "texture": "#0"},
				"down": {"uv": [3.3125, 5.625, 3.4375, 5.875], "rotation": 180, "texture": "#0"}
			}
		},
		{
			"name": "upperBodyParts5",
			"from": [13, 11.9, 9.9],
			"to": [16, 12.1, 10.1],
			"rotation": {"angle": -22.5, "axis": "y", "origin": [8, 9, 8]},
			"faces": {
				"north": {"uv": [3.3125, 5.625, 3.4375, 5.875], "texture": "#0"},
				"east": {"uv": [3.3125, 5.625, 3.4375, 5.875], "texture": "#0"},
				"south": {"uv": [3.3125, 5.625, 3.4375, 5.875], "texture": "#0"},
				"west": {"uv": [3.3125, 5.625, 3.4375, 5.875], "texture": "#0"},
				"up": {"uv": [3.3125, 5.625, 3.4375, 5.875], "rotation": 90, "texture": "#0"},
				"down": {"uv": [3.3125, 5.625, 3.4375, 5.875], "rotation": 270, "texture": "#0"}
			}
		},
		{
			"name": "upperBodyParts3",
			"from": [9, 5, -2],
			"to": [11, 13, 0],
			"rotation": {"angle": -22.5, "axis": "y", "origin": [8, 9, 8]},
			"faces": {
				"north": {"uv": [0.5, 9, 1, 13], "texture": "#0"},
				"east": {"uv": [0, 9, 0.5, 13], "texture": "#0"},
				"south": {"uv": [1.5, 9, 2, 13], "texture": "#0"},
				"west": {"uv": [1, 9, 1.5, 13], "texture": "#0"},
				"up": {"uv": [1, 9, 0.5, 8], "texture": "#0"},
				"down": {"uv": [1.5, 8, 1, 9], "texture": "#0"}
			}
		},
		{
			"name": "upperBodyParts0",
			"from": [-2, 5, 5],
			"to": [0, 13, 7],
			"rotation": {"angle": -22.5, "axis": "y", "origin": [8, 9, 8]},
			"faces": {
				"north": {"uv": [0.5, 9, 1, 13], "texture": "#0"},
				"east": {"uv": [0, 9, 0.5, 13], "texture": "#0"},
				"south": {"uv": [1.5, 9, 2, 13], "texture": "#0"},
				"west": {"uv": [1, 9, 1.5, 13], "texture": "#0"},
				"up": {"uv": [1, 9, 0.5, 8], "texture": "#0"},
				"down": {"uv": [1.5, 8, 1, 9], "texture": "#0"}
			}
		},
		{
			"name": "upperBodyParts2",
			"from": [5, 5, 16],
			"to": [7, 13, 18],
			"rotation": {"angle": -22.5, "axis": "y", "origin": [8, 9, 8]},
			"faces": {
				"north": {"uv": [0.5, 9, 1, 13], "texture": "#0"},
				"east": {"uv": [0, 9, 0.5, 13], "texture": "#0"},
				"south": {"uv": [1.5, 9, 2, 13], "texture": "#0"},
				"west": {"uv": [1, 9, 1.5, 13], "texture": "#0"},
				"up": {"uv": [1, 9, 0.5, 8], "texture": "#0"},
				"down": {"uv": [1.5, 8, 1, 9], "texture": "#0"}
			}
		},
		{
			"name": "upperBodyParts1",
			"from": [16, 5, 9],
			"to": [18, 13, 11],
			"rotation": {"angle": -22.5, "axis": "y", "origin": [8, 9, 8]},
			"faces": {
				"north": {"uv": [0.5, 9, 1, 13], "texture": "#0"},
				"east": {"uv": [0, 9, 0.5, 13], "texture": "#0"},
				"south": {"uv": [1.5, 9, 2, 13], "texture": "#0"},
				"west": {"uv": [1, 9, 1.5, 13], "texture": "#0"},
				"up": {"uv": [1, 9, 0.5, 8], "texture": "#0"},
				"down": {"uv": [1.5, 8, 1, 9], "texture": "#0"}
			}
		},
		{
			"name": "upperBodyParts4",
			"from": [1, -3, 7],
			"to": [3, 5, 9],
			"rotation": {"angle": -45, "axis": "y", "origin": [8, 1, 8]},
			"faces": {
				"north": {"uv": [0.5, 9, 1, 13], "texture": "#0"},
				"east": {"uv": [0, 9, 0.5, 13], "texture": "#0"},
				"south": {"uv": [1.5, 9, 2, 13], "texture": "#0"},
				"west": {"uv": [1, 9, 1.5, 13], "texture": "#0"},
				"up": {"uv": [1, 9, 0.5, 8], "texture": "#0"},
				"down": {"uv": [1.5, 8, 1, 9], "texture": "#0"}
			}
		},
		{
			"name": "upperBodyParts5",
			"from": [13, -3, 7],
			"to": [15, 5, 9],
			"rotation": {"angle": -45, "axis": "y", "origin": [8, 1, 8]},
			"faces": {
				"north": {"uv": [0.5, 9, 1, 13], "texture": "#0"},
				"east": {"uv": [0, 9, 0.5, 13], "texture": "#0"},
				"south": {"uv": [1.5, 9, 2, 13], "texture": "#0"},
				"west": {"uv": [1, 9, 1.5, 13], "texture": "#0"},
				"up": {"uv": [1, 9, 0.5, 8], "texture": "#0"},
				"down": {"uv": [1.5, 8, 1, 9], "texture": "#0"}
			}
		},
		{
			"name": "upperBodyParts6",
			"from": [7, -3, 13],
			"to": [9, 5, 15],
			"rotation": {"angle": -45, "axis": "y", "origin": [8, 1, 8]},
			"faces": {
				"north": {"uv": [0.5, 9, 1, 13], "texture": "#0"},
				"east": {"uv": [0, 9, 0.5, 13], "texture": "#0"},
				"south": {"uv": [1.5, 9, 2, 13], "texture": "#0"},
				"west": {"uv": [1, 9, 1.5, 13], "texture": "#0"},
				"up": {"uv": [1, 9, 0.5, 8], "texture": "#0"},
				"down": {"uv": [1.5, 8, 1, 9], "texture": "#0"}
			}
		},
		{
			"name": "upperBodyParts7",
			"from": [7, -3, 1],
			"to": [9, 5, 3],
			"rotation": {"angle": -45, "axis": "y", "origin": [8, 1, 8]},
			"faces": {
				"north": {"uv": [0.5, 9, 1, 13], "texture": "#0"},
				"east": {"uv": [0, 9, 0.5, 13], "texture": "#0"},
				"south": {"uv": [1.5, 9, 2, 13], "texture": "#0"},
				"west": {"uv": [1, 9, 1.5, 13], "texture": "#0"},
				"up": {"uv": [1, 9, 0.5, 8], "texture": "#0"},
				"down": {"uv": [1.5, 8, 1, 9], "texture": "#0"}
			}
		}
	],
	"display": {
		"gui": {
			"rotation": [15, 150, 0],
			"translation": [0, 3, 0]
		},
		"head": {
			"translation": [0, -2, 0],
			"scale": [1.85, 1.85, 1.85]
		}
	},
	"groups": [
		0,
		{
			"name": "group",
			"origin": [8, 9, 8],
			"color": 0,
			"children": [
				{
					"name": "group",
					"origin": [8, 9, 8],
					"color": 0,
					"children": [1, 2, 3, 4]
				},
				5,
				6,
				7,
				8
			]
		},
		{
			"name": "group",
			"origin": [8, -13, 8],
			"color": 0,
			"children": []
		},
		{
			"name": "group",
			"origin": [8, -13, 8],
			"color": 0,
			"children": [9, 10, 11, 12]
		}
	]
}