{
	"credit": "Made with Blockbench by dragonmaster95",
	"parent": "costumes/ender_dragon",
	"texture_size": [256, 256],
	"textures": {
		"0": "entity/enderdragon/dragon"
	},
	"elements": [
		{
			"name": "head",
			"from": [6.2, 14.37002, 0.50419],
			"to": [9.8, 15.87002, 5.30419],
			"rotation": {"angle": 22.5, "axis": "x", "origin": [8, 10.55996, 12.04161]},
			"faces": {
				"north": {"uv": [12, 3.75, 12.75, 4.0625], "texture": "#0"},
				"east": {"uv": [11, 3.75, 12, 4.0625], "texture": "#0"},
				"south": {"uv": [13.75, 3.75, 14.5, 4.0625], "texture": "#0"},
				"west": {"uv": [12.75, 3.75, 13.75, 4.0625], "texture": "#0"},
				"up": {"uv": [12.75, 3.75, 12, 2.75], "texture": "#0"},
				"down": {"uv": [13.5, 2.75, 12.75, 3.75], "texture": "#0"}
			}
		},
		{
			"name": "head",
			"from": [5.6, 13.17002, 4.70419],
			"to": [10.4, 17.97002, 9.50419],
			"rotation": {"angle": 22.5, "axis": "x", "origin": [8, 10.55996, 12.04161]},
			"faces": {
				"north": {"uv": [8, 2.875, 9, 3.875], "texture": "#0"},
				"east": {"uv": [7, 2.875, 8, 3.875], "texture": "#0"},
				"south": {"uv": [10, 2.875, 11, 3.875], "texture": "#0"},
				"west": {"uv": [9, 2.875, 10, 3.875], "texture": "#0"},
				"up": {"uv": [9, 2.875, 8, 1.875], "texture": "#0"},
				"down": {"uv": [10, 1.875, 9, 2.875], "texture": "#0"}
			}
		},
		{
			"name": "head",
			"from": [8.9, 17.97002, 6.50419],
			"to": [9.5, 19.17002, 8.30419],
			"shade": false,
			"rotation": {"angle": 22.5, "axis": "x", "origin": [8, 10.55996, 12.04161]},
			"faces": {
				"north": {"uv": [0.5, 0.375, 0.375, 0.625], "texture": "#0"},
				"east": {"uv": [0.875, 0.375, 0.5, 0.625], "texture": "#0"},
				"south": {"uv": [1, 0.375, 0.875, 0.625], "texture": "#0"},
				"west": {"uv": [0.375, 0.375, 0, 0.625], "texture": "#0"},
				"up": {"uv": [0.375, 0.375, 0.5, 0], "texture": "#0"},
				"down": {"uv": [0.5, 0, 0.625, 0.375], "texture": "#0"}
			}
		},
		{
			"name": "head",
			"from": [8.9, 15.87002, 1.10419],
			"to": [9.5, 16.47002, 2.30419],
			"shade": false,
			"rotation": {"angle": 22.5, "axis": "x", "origin": [8, 10.55996, 12.04161]},
			"faces": {
				"north": {"uv": [7.375, 0.25, 7.25, 0.375], "texture": "#0"},
				"east": {"uv": [7.625, 0.25, 7.375, 0.375], "texture": "#0"},
				"south": {"uv": [7.75, 0.25, 7.625, 0.375], "texture": "#0"},
				"west": {"uv": [7.25, 0.25, 7, 0.375], "texture": "#0"},
				"up": {"uv": [7.25, 0.25, 7.375, 0], "texture": "#0"},
				"down": {"uv": [7.375, 0, 7.5, 0.25], "texture": "#0"}
			}
		},
		{
			"name": "head",
			"from": [6.5, 17.97002, 6.50419],
			"to": [7.1, 19.17002, 8.30419],
			"rotation": {"angle": 22.5, "axis": "x", "origin": [8, 10.55996, 12.04161]},
			"faces": {
				"north": {"uv": [0.375, 0.375, 0.5, 0.625], "texture": "#0"},
				"east": {"uv": [0, 0.375, 0.375, 0.625], "texture": "#0"},
				"south": {"uv": [0.875, 0.375, 1, 0.625], "texture": "#0"},
				"west": {"uv": [0.5, 0.375, 0.875, 0.625], "texture": "#0"},
				"up": {"uv": [0.5, 0.375, 0.375, 0], "texture": "#0"},
				"down": {"uv": [0.625, 0, 0.5, 0.375], "texture": "#0"}
			}
		},
		{
			"name": "head",
			"from": [6.5, 15.87002, 1.10419],
			"to": [7.1, 16.47002, 2.30419],
			"rotation": {"angle": 22.5, "axis": "x", "origin": [8, 10.55996, 12.04161]},
			"faces": {
				"north": {"uv": [7.25, 0.25, 7.375, 0.375], "texture": "#0"},
				"east": {"uv": [7, 0.25, 7.25, 0.375], "texture": "#0"},
				"south": {"uv": [7.625, 0.25, 7.75, 0.375], "texture": "#0"},
				"west": {"uv": [7.375, 0.25, 7.625, 0.375], "texture": "#0"},
				"up": {"uv": [7.375, 0.25, 7.25, 0], "texture": "#0"},
				"down": {"uv": [7.5, 0, 7.375, 0.25], "texture": "#0"}
			}
		},
		{
			"name": "jaw",
			"from": [6.2, 15.49656, 2.46748],
			"to": [9.8, 16.69656, 7.26748],
			"rotation": {"angle": -22.5, "axis": "x", "origin": [8, 16.6583, 7.1751]},
			"faces": {
				"north": {"uv": [12, 5.0625, 12.75, 5.3125], "texture": "#0"},
				"east": {"uv": [11, 5.0625, 12, 5.3125], "texture": "#0"},
				"south": {"uv": [13.75, 5.0625, 14.5, 5.3125], "texture": "#0"},
				"west": {"uv": [12.75, 5.0625, 13.75, 5.3125], "texture": "#0"},
				"up": {"uv": [12.75, 5.0625, 12, 4.0625], "texture": "#0"},
				"down": {"uv": [13.5, 4.0625, 12.75, 5.0625], "texture": "#0"}
			}
		},
		{
			"name": "body",
			"from": [7.7, 12.94502, 9.50419],
			"to": [8.3, 15.54502, 11.05419],
			"rotation": {"angle": 22.5, "axis": "x", "origin": [8, 10.55996, 12.04161]},
			"faces": {
				"north": {"uv": [14.75, 3.3125, 14.625, 4.0625], "rotation": 180, "texture": "#0"},
				"east": {"uv": [13.75, 4.0625, 14.5, 4.4375], "rotation": 270, "texture": "#0"},
				"south": {"uv": [14.625, 4.0625, 14.5, 3.3125], "texture": "#0"},
				"west": {"uv": [14.625, 4.0625, 15.375, 4.4375], "rotation": 90, "texture": "#0"},
				"up": {"uv": [14.5, 4.0625, 14.625, 4.4375], "rotation": 180, "texture": "#0"},
				"down": {"uv": [15.375, 4.0625, 15.5, 4.4375], "texture": "#0"}
			}
		},
		{
			"name": "body",
			"from": [7.7, 9.55569, 10.76668],
			"to": [8.3, 13.15569, 12.56668],
			"rotation": {"angle": 0, "axis": "x", "origin": [8, 14.77629, 8.687]},
			"faces": {
				"north": {"uv": [14.75, 3.3125, 14.625, 4.0625], "rotation": 180, "texture": "#0"},
				"east": {"uv": [13.75, 4.0625, 14.5, 4.4375], "rotation": 270, "texture": "#0"},
				"south": {"uv": [14.625, 4.0625, 14.5, 3.3125], "texture": "#0"},
				"west": {"uv": [14.625, 4.0625, 15.375, 4.4375], "rotation": 90, "texture": "#0"},
				"up": {"uv": [14.5, 4.0625, 14.625, 4.4375], "rotation": 180, "texture": "#0"},
				"down": {"uv": [15.375, 4.0625, 15.5, 4.4375], "texture": "#0"}
			}
		},
		{
			"name": "neck",
			"from": [6.5, 9.15569, 7.76668],
			"to": [9.5, 15.15569, 10.76668],
			"rotation": {"angle": 0, "axis": "x", "origin": [8, 14.77629, 8.687]},
			"faces": {
				"north": {"uv": [12, 7.125, 13.3125, 7.75], "rotation": 270, "texture": "#0"},
				"east": {"uv": [12, 7.125, 13.3125, 7.75], "rotation": 270, "texture": "#0"},
				"south": {"uv": [12, 7.125, 13.3125, 7.75], "rotation": 270, "texture": "#0"},
				"west": {"uv": [12, 7.125, 13.3125, 7.75], "rotation": 270, "texture": "#0"},
				"up": {"uv": [12.625, 7.125, 13.25, 7.75], "rotation": 180, "texture": "#0"},
				"down": {"uv": [13.875, 7.125, 14.5, 7.75], "texture": "#0"}
			}
		},
		{
			"name": "neck",
			"from": [7.7, 15.82002, 9.42919],
			"to": [8.3, 17.62002, 10.62919],
			"rotation": {"angle": 22.5, "axis": "x", "origin": [8, 10.55996, 12.04161]},
			"faces": {
				"north": {"uv": [3.625, 0, 3.5, 0.375], "rotation": 180, "texture": "#0"},
				"east": {"uv": [3, 0.375, 3.375, 0.625], "rotation": 270, "texture": "#0"},
				"south": {"uv": [3.5, 0.375, 3.375, 0], "texture": "#0"},
				"west": {"uv": [3.5, 0.375, 3.875, 0.625], "rotation": 90, "texture": "#0"},
				"up": {"uv": [3.375, 0.375, 3.5, 0.625], "rotation": 180, "texture": "#0"},
				"down": {"uv": [3.875, 0.375, 4, 0.625], "texture": "#0"}
			}
		},
		{
			"name": "neck",
			"from": [6.515, 6.95073, 5.70083],
			"to": [9.485, 9.92073, 8.67083],
			"rotation": {"angle": -22.5, "axis": "x", "origin": [8, 14.77629, 8.687]},
			"faces": {
				"north": {"uv": [12.625, 7.125, 13.25, 7.75], "texture": "#0"},
				"east": {"uv": [12, 7.125, 12.625, 7.75], "texture": "#0"},
				"south": {"uv": [13.875, 7.125, 14.5, 7.75], "texture": "#0"},
				"west": {"uv": [13.25, 7.125, 13.875, 7.75], "texture": "#0"},
				"up": {"uv": [13.25, 7.125, 12.625, 6.5], "texture": "#0"},
				"down": {"uv": [13.875, 6.5, 13.25, 7.125], "texture": "#0"}
			}
		},
		{
			"name": "neck",
			"from": [6.665, 5.68916, 2.93343],
			"to": [9.365, 8.68916, 5.63343],
			"rotation": {"angle": -45, "axis": "x", "origin": [8, 14.77629, 8.687]},
			"faces": {
				"north": {"uv": [12.625, 7.125, 13.25, 7.75], "texture": "#0"},
				"east": {"uv": [12, 7.125, 12.625, 7.75], "texture": "#0"},
				"south": {"uv": [13.875, 7.125, 14.5, 7.75], "texture": "#0"},
				"west": {"uv": [13.25, 7.125, 13.875, 7.75], "texture": "#0"},
				"up": {"uv": [13.25, 7.125, 12.625, 6.5], "texture": "#0"},
				"down": {"uv": [13.875, 6.5, 13.25, 7.125], "texture": "#0"}
			}
		},
		{
			"name": "neck",
			"from": [6.815, 6.13319, 14.8806],
			"to": [9.185, 8.50319, 17.8506],
			"rotation": {"angle": 22.5, "axis": "x", "origin": [8, 14.77629, 8.687]},
			"faces": {
				"north": {"uv": [13.25, 7.125, 12.625, 6.5], "rotation": 180, "texture": "#0"},
				"east": {"uv": [12, 7.125, 12.625, 7.75], "rotation": 90, "texture": "#0"},
				"south": {"uv": [13.875, 6.5, 13.25, 7.125], "texture": "#0"},
				"west": {"uv": [13.25, 7.125, 13.875, 7.75], "rotation": 270, "texture": "#0"},
				"up": {"uv": [13.875, 7.125, 14.5, 7.75], "texture": "#0"},
				"down": {"uv": [12.625, 7.125, 13.25, 7.75], "rotation": 180, "texture": "#0"}
			}
		},
		{
			"name": "neck",
			"from": [6.965, 3.33557, 13.81093],
			"to": [9.065, 5.43557, 16.81093],
			"rotation": {"angle": 0, "axis": "x", "origin": [8, 14.77629, 8.687]},
			"faces": {
				"north": {"uv": [13.25, 7.125, 12.625, 6.5], "rotation": 180, "texture": "#0"},
				"east": {"uv": [12, 7.125, 12.625, 7.75], "rotation": 90, "texture": "#0"},
				"south": {"uv": [13.875, 6.5, 13.25, 7.125], "texture": "#0"},
				"west": {"uv": [13.25, 7.125, 13.875, 7.75], "rotation": 270, "texture": "#0"},
				"up": {"uv": [13.875, 7.125, 14.5, 7.75], "texture": "#0"},
				"down": {"uv": [12.625, 7.125, 13.25, 7.75], "rotation": 180, "texture": "#0"}
			}
		},
		{
			"name": "neck",
			"from": [7.115, 1.24755, 11.81436],
			"to": [8.885, 3.01755, 14.78436],
			"rotation": {"angle": -22.5, "axis": "x", "origin": [8, 14.77629, 8.687]},
			"faces": {
				"north": {"uv": [13.25, 7.125, 12.625, 6.5], "rotation": 180, "texture": "#0"},
				"east": {"uv": [12, 7.125, 12.625, 7.75], "rotation": 90, "texture": "#0"},
				"south": {"uv": [13.875, 6.5, 13.25, 7.125], "texture": "#0"},
				"west": {"uv": [13.25, 7.125, 13.875, 7.75], "rotation": 270, "texture": "#0"},
				"up": {"uv": [13.875, 7.125, 14.5, 7.75], "texture": "#0"},
				"down": {"uv": [12.625, 7.125, 13.25, 7.75], "rotation": 180, "texture": "#0"}
			}
		},
		{
			"name": "neck",
			"from": [7.265, 0.10542, 9.0856],
			"to": [8.765, 1.60542, 12.0856],
			"rotation": {"angle": -45, "axis": "x", "origin": [8, 14.77629, 8.687]},
			"faces": {
				"north": {"uv": [13.25, 7.125, 12.625, 6.5], "rotation": 180, "texture": "#0"},
				"east": {"uv": [12, 7.125, 12.625, 7.75], "rotation": 90, "texture": "#0"},
				"south": {"uv": [13.875, 6.5, 13.25, 7.125], "texture": "#0"},
				"west": {"uv": [13.25, 7.125, 13.875, 7.75], "rotation": 270, "texture": "#0"},
				"up": {"uv": [13.875, 7.125, 14.5, 7.75], "texture": "#0"},
				"down": {"uv": [12.625, 7.125, 13.25, 7.75], "rotation": 180, "texture": "#0"}
			}
		},
		{
			"name": "neck",
			"from": [7.415, 2.61142, 16.83198],
			"to": [8.585, 3.78142, 19.05198],
			"rotation": {"angle": -22.5, "axis": "x", "origin": [8, 14.77629, 8.687]},
			"faces": {
				"north": {"uv": [13.25, 7.125, 12.625, 6.5], "rotation": 180, "texture": "#0"},
				"east": {"uv": [12, 7.125, 12.625, 7.75], "rotation": 90, "texture": "#0"},
				"south": {"uv": [13.875, 6.5, 13.25, 7.125], "texture": "#0"},
				"west": {"uv": [13.25, 7.125, 13.875, 7.75], "rotation": 270, "texture": "#0"},
				"up": {"uv": [13.875, 7.125, 14.5, 7.75], "texture": "#0"},
				"down": {"uv": [12.625, 7.125, 13.25, 7.75], "rotation": 180, "texture": "#0"}
			}
		},
		{
			"name": "neck",
			"from": [7.565, 7.60367, 22.51652],
			"to": [8.465, 8.50367, 24.76652],
			"rotation": {"angle": 0, "axis": "x", "origin": [8, 14.77629, 8.687]},
			"faces": {
				"north": {"uv": [13.25, 7.125, 12.625, 6.5], "rotation": 180, "texture": "#0"},
				"east": {"uv": [12, 7.125, 12.625, 7.75], "rotation": 90, "texture": "#0"},
				"south": {"uv": [13.875, 6.5, 13.25, 7.125], "texture": "#0"},
				"west": {"uv": [13.25, 7.125, 13.875, 7.75], "rotation": 270, "texture": "#0"},
				"up": {"uv": [13.875, 7.125, 14.5, 7.75], "texture": "#0"},
				"down": {"uv": [12.625, 7.125, 13.25, 7.75], "rotation": 180, "texture": "#0"}
			}
		},
		{
			"name": "neck",
			"from": [7.7, 3.80441, 17.32027],
			"to": [8.3, 4.40441, 18.52027],
			"rotation": {"angle": -22.5, "axis": "x", "origin": [8, 14.77629, 8.687]},
			"faces": {
				"north": {"uv": [3.375, 0.375, 3.5, 0.625], "texture": "#0"},
				"east": {"uv": [3, 0.375, 3.375, 0.625], "texture": "#0"},
				"south": {"uv": [3.875, 0.375, 4, 0.625], "texture": "#0"},
				"west": {"uv": [3.5, 0.375, 3.875, 0.625], "texture": "#0"},
				"up": {"uv": [3.5, 0.375, 3.375, 0], "texture": "#0"},
				"down": {"uv": [3.625, 0, 3.5, 0.375], "texture": "#0"}
			}
		},
		{
			"name": "neck",
			"from": [7.7, 5.87091, 5.62065],
			"to": [8.3, 7.37091, 6.52065],
			"rotation": {"angle": -45, "axis": "x", "origin": [8, 14.77629, 8.687]},
			"faces": {
				"north": {"uv": [3.625, 0, 3.5, 0.375], "rotation": 180, "texture": "#0"},
				"east": {"uv": [3, 0.375, 3.375, 0.625], "rotation": 270, "texture": "#0"},
				"south": {"uv": [3.5, 0.375, 3.375, 0], "texture": "#0"},
				"west": {"uv": [3.5, 0.375, 3.875, 0.625], "rotation": 90, "texture": "#0"},
				"up": {"uv": [3.375, 0.375, 3.5, 0.625], "rotation": 180, "texture": "#0"},
				"down": {"uv": [3.875, 0.375, 4, 0.625], "texture": "#0"}
			}
		},
		{
			"name": "neck",
			"from": [7.7, 7.2169, 8.33172],
			"to": [8.3, 8.7169, 9.23172],
			"rotation": {"angle": -22.5, "axis": "x", "origin": [8, 14.77629, 8.687]},
			"faces": {
				"north": {"uv": [3.625, 0, 3.5, 0.375], "rotation": 180, "texture": "#0"},
				"east": {"uv": [3, 0.375, 3.375, 0.625], "rotation": 270, "texture": "#0"},
				"south": {"uv": [3.5, 0.375, 3.375, 0], "texture": "#0"},
				"west": {"uv": [3.5, 0.375, 3.875, 0.625], "rotation": 90, "texture": "#0"},
				"up": {"uv": [3.375, 0.375, 3.5, 0.625], "rotation": 180, "texture": "#0"},
				"down": {"uv": [3.875, 0.375, 4, 0.625], "texture": "#0"}
			}
		},
		{
			"name": "neck",
			"from": [7.7, 5.39163, 14.9587],
			"to": [8.3, 6.29163, 16.4587],
			"rotation": {"angle": 0, "axis": "x", "origin": [8, 14.77629, 8.687]},
			"faces": {
				"north": {"uv": [3.375, 0.375, 3.5, 0.625], "texture": "#0"},
				"east": {"uv": [3, 0.375, 3.375, 0.625], "texture": "#0"},
				"south": {"uv": [3.875, 0.375, 4, 0.625], "texture": "#0"},
				"west": {"uv": [3.5, 0.375, 3.875, 0.625], "texture": "#0"},
				"up": {"uv": [3.5, 0.375, 3.375, 0], "texture": "#0"},
				"down": {"uv": [3.625, 0, 3.5, 0.375], "texture": "#0"}
			}
		},
		{
			"name": "neck",
			"from": [7.7, 8.45884, 16.04335],
			"to": [8.3, 9.35884, 17.54335],
			"rotation": {"angle": 22.5, "axis": "x", "origin": [8, 14.77629, 8.687]},
			"faces": {
				"north": {"uv": [3.375, 0.375, 3.5, 0.625], "texture": "#0"},
				"east": {"uv": [3, 0.375, 3.375, 0.625], "texture": "#0"},
				"south": {"uv": [3.875, 0.375, 4, 0.625], "texture": "#0"},
				"west": {"uv": [3.5, 0.375, 3.875, 0.625], "texture": "#0"},
				"up": {"uv": [3.5, 0.375, 3.375, 0], "texture": "#0"},
				"down": {"uv": [3.625, 0, 3.5, 0.375], "texture": "#0"}
			}
		},
		{
			"name": "neck",
			"from": [7.7, 1.54591, 10.12065],
			"to": [8.3, 2.44591, 11.62065],
			"rotation": {"angle": -45, "axis": "x", "origin": [8, 14.77629, 8.687]},
			"faces": {
				"north": {"uv": [3.375, 0.375, 3.5, 0.625], "texture": "#0"},
				"east": {"uv": [3, 0.375, 3.375, 0.625], "texture": "#0"},
				"south": {"uv": [3.875, 0.375, 4, 0.625], "texture": "#0"},
				"west": {"uv": [3.5, 0.375, 3.875, 0.625], "texture": "#0"},
				"up": {"uv": [3.5, 0.375, 3.375, 0], "texture": "#0"},
				"down": {"uv": [3.625, 0, 3.5, 0.375], "texture": "#0"}
			}
		},
		{
			"name": "neck",
			"from": [7.7, 2.90441, 12.89527],
			"to": [8.3, 3.80441, 14.39527],
			"rotation": {"angle": -22.5, "axis": "x", "origin": [8, 14.77629, 8.687]},
			"faces": {
				"north": {"uv": [3.375, 0.375, 3.5, 0.625], "texture": "#0"},
				"east": {"uv": [3, 0.375, 3.375, 0.625], "texture": "#0"},
				"south": {"uv": [3.875, 0.375, 4, 0.625], "texture": "#0"},
				"west": {"uv": [3.5, 0.375, 3.875, 0.625], "texture": "#0"},
				"up": {"uv": [3.5, 0.375, 3.375, 0], "texture": "#0"},
				"down": {"uv": [3.625, 0, 3.5, 0.375], "texture": "#0"}
			}
		},
		{
			"name": "neck",
			"from": [7.7, 8.48327, 23.01816],
			"to": [8.3, 9.08327, 24.21816],
			"rotation": {"angle": 0, "axis": "x", "origin": [8, 14.77629, 8.687]},
			"faces": {
				"north": {"uv": [3.375, 0.375, 3.5, 0.625], "texture": "#0"},
				"east": {"uv": [3, 0.375, 3.375, 0.625], "texture": "#0"},
				"south": {"uv": [3.875, 0.375, 4, 0.625], "texture": "#0"},
				"west": {"uv": [3.5, 0.375, 3.875, 0.625], "texture": "#0"},
				"up": {"uv": [3.5, 0.375, 3.375, 0], "texture": "#0"},
				"down": {"uv": [3.625, 0, 3.5, 0.375], "texture": "#0"}
			}
		},
		{
			"name": "wing1",
			"from": [-0.49203, 12.57002, 9.64352],
			"to": [7.90797, 13.77002, 10.84352],
			"shade": false,
			"rotation": {"angle": 22.5, "axis": "y", "origin": [8, 7.52629, 13.687]},
			"faces": {
				"north": {"uv": [11, 5.5, 14.5, 6], "rotation": 180, "texture": "#0"},
				"east": {"uv": [11.5, 6, 11, 6.5], "rotation": 270, "texture": "#0"},
				"south": {"uv": [7.5, 6, 11, 5.5], "texture": "#0"},
				"west": {"uv": [7.5, 6, 7, 6.5], "rotation": 90, "texture": "#0"},
				"up": {"uv": [11, 6, 7.5, 6.5], "rotation": 180, "texture": "#0"},
				"down": {"uv": [15, 6, 11.5, 6.5], "texture": "#0"}
			}
		},
		{
			"name": "wing1",
			"from": [-0.49353, 4.46852, 10.24202],
			"to": [7.90947, 12.87152, 10.24502],
			"shade": false,
			"rotation": {"angle": 22.5, "axis": "y", "origin": [8, 7.52629, 13.687]},
			"faces": {
				"north": {"uv": [3.5, 9, 0, 5.5], "texture": "#0"},
				"east": {"uv": [7, 9, 3.5, 9], "rotation": 270, "texture": "#0"},
				"south": {"uv": [0, 9, 3.5, 5.5], "texture": "#0"},
				"west": {"uv": [0, 9, -3.5, 9], "rotation": 90, "texture": "#0"},
				"up": {"uv": [3.5, 9, 0, 9], "rotation": 180, "texture": "#0"},
				"down": {"uv": [10.5, 9, 7, 9], "texture": "#0"}
			}
		},
		{
			"name": "wingtip1",
			"from": [-9.56684, 12.87002, 13.45609],
			"to": [-1.16684, 13.47002, 14.05609],
			"shade": false,
			"rotation": {"angle": 0, "axis": "y", "origin": [8, 7.52629, 13.687]},
			"faces": {
				"north": {"uv": [10.75, 8.5, 14.25, 8.75], "rotation": 180, "texture": "#0"},
				"east": {"uv": [11, 8.75, 10.75, 9], "rotation": 270, "texture": "#0"},
				"south": {"uv": [7.25, 8.75, 10.75, 8.5], "texture": "#0"},
				"west": {"uv": [7.25, 8.75, 7, 9], "rotation": 90, "texture": "#0"},
				"up": {"uv": [10.75, 8.75, 7.25, 9], "rotation": 180, "texture": "#0"},
				"down": {"uv": [14.5, 8.75, 11, 9], "texture": "#0"}
			}
		},
		{
			"name": "wingtip1",
			"from": [-9.56834, 4.46852, 13.75459],
			"to": [-1.16534, 12.87152, 13.75759],
			"shade": false,
			"rotation": {"angle": 0, "axis": "y", "origin": [8, 7.52629, 13.687]},
			"faces": {
				"north": {"uv": [3.5, 12.5, 0, 9], "texture": "#0"},
				"east": {"uv": [7, 12.5, 3.5, 12.5], "rotation": 270, "texture": "#0"},
				"south": {"uv": [0, 12.5, 3.5, 9], "texture": "#0"},
				"west": {"uv": [0, 12.5, -3.5, 12.5], "rotation": 90, "texture": "#0"},
				"up": {"uv": [3.5, 12.5, 0, 12.5], "rotation": 180, "texture": "#0"},
				"down": {"uv": [10.5, 12.5, 7, 12.5], "texture": "#0"}
			}
		},
		{
			"name": "wing2",
			"from": [8.09203, 12.57002, 9.64352],
			"to": [16.49203, 13.77002, 10.84352],
			"shade": false,
			"rotation": {"angle": -22.5, "axis": "y", "origin": [8, 7.52629, 13.687]},
			"faces": {
				"north": {"uv": [14.5, 5.5, 11, 6], "rotation": 180, "texture": "#0"},
				"east": {"uv": [7.5, 6.5, 7, 6], "rotation": 90, "texture": "#0"},
				"south": {"uv": [11, 6, 7.5, 5.5], "texture": "#0"},
				"west": {"uv": [11.5, 6.5, 11, 6], "rotation": 270, "texture": "#0"},
				"up": {"uv": [7.5, 6, 11, 6.5], "rotation": 180, "texture": "#0"},
				"down": {"uv": [11.5, 6, 15, 6.5], "texture": "#0"}
			}
		},
		{
			"name": "wing2",
			"from": [8.09053, 4.46852, 10.24202],
			"to": [16.49353, 12.87152, 10.24502],
			"shade": false,
			"rotation": {"angle": -22.5, "axis": "y", "origin": [8, 7.52629, 13.687]},
			"faces": {
				"north": {"uv": [0, 9, 3.5, 5.5], "texture": "#0"},
				"east": {"uv": [0, 9, -3.5, 9], "rotation": 90, "texture": "#0"},
				"south": {"uv": [3.5, 9, 0, 5.5], "texture": "#0"},
				"west": {"uv": [7, 9, 3.5, 9], "rotation": 270, "texture": "#0"},
				"up": {"uv": [0, 9, 3.5, 9], "rotation": 180, "texture": "#0"},
				"down": {"uv": [7, 9, 10.5, 9], "texture": "#0"}
			}
		},
		{
			"name": "wingtip2",
			"from": [17.16684, 12.87002, 13.45609],
			"to": [25.56684, 13.47002, 14.05609],
			"shade": false,
			"rotation": {"angle": 0, "axis": "y", "origin": [8, 7.52629, 13.687]},
			"faces": {
				"north": {"uv": [14.25, 8.5, 10.75, 8.75], "rotation": 180, "texture": "#0"},
				"east": {"uv": [7.25, 9, 7, 8.75], "rotation": 90, "texture": "#0"},
				"south": {"uv": [10.75, 8.75, 7.25, 8.5], "texture": "#0"},
				"west": {"uv": [11, 9, 10.75, 8.75], "rotation": 270, "texture": "#0"},
				"up": {"uv": [7.25, 8.75, 10.75, 9], "rotation": 180, "texture": "#0"},
				"down": {"uv": [11, 8.75, 14.5, 9], "texture": "#0"}
			}
		},
		{
			"name": "wingtip2",
			"from": [17.16534, 4.46852, 13.75459],
			"to": [25.56834, 12.87152, 13.75759],
			"shade": false,
			"rotation": {"angle": 0, "axis": "y", "origin": [8, 7.52629, 13.687]},
			"faces": {
				"north": {"uv": [0, 12.5, 3.5, 9], "texture": "#0"},
				"east": {"uv": [0, 12.5, -3.5, 12.5], "rotation": 90, "texture": "#0"},
				"south": {"uv": [3.5, 12.5, 0, 9], "texture": "#0"},
				"west": {"uv": [7, 12.5, 3.5, 12.5], "rotation": 270, "texture": "#0"},
				"up": {"uv": [0, 12.5, 3.5, 12.5], "rotation": 180, "texture": "#0"},
				"down": {"uv": [7, 12.5, 10.5, 12.5], "texture": "#0"}
			}
		}
	],
	"display": {
		"head": {
			"rotation": [-22.5, 0, 0],
			"translation": [0, -26.85, 6.55],
			"scale": [3.01, 3.01, 3.01]
		}
	},
	"groups": [
		{
			"name": "neck",
			"origin": [0, 0.7, -0.8],
			"color": 0,
			"children": [
				{
					"name": "neck2",
					"origin": [0, 0.7, -1.8],
					"color": 0,
					"children": [
						{
							"name": "neck3",
							"origin": [0, 0.7, -2.8],
							"color": 0,
							"children": [
								{
									"name": "neck4",
									"origin": [0, 0.7, -3.8],
									"color": 0,
									"children": [
										{
											"name": "neck5",
											"origin": [0, 0.7, -4.8],
											"color": 0,
											"children": [
												{
													"name": "head",
													"origin": [0, 0.7, -5.8],
													"color": 0,
													"children": [
														0,
														1,
														2,
														3,
														4,
														5,
														{
															"name": "jaw",
															"origin": [0, 0.3, -7.1],
															"color": 0,
															"children": [6]
														},
														{
															"name": "group",
															"origin": [8, 5.35172, 7.01765],
															"color": 0,
															"children": [
																7,
																8,
																9,
																10,
																{
																	"name": "group",
																	"origin": [8, 2.4476, 18.00567],
																	"color": 0,
																	"children": [11, 12, 13, 14, 15, 16, 17, 18, 19, 20, 21, 22, 23, 24, 25, 26]
																}
															]
														},
														{
															"name": "group",
															"origin": [8, 5.93182, 10.07286],
															"color": 0,
															"children": []
														}
													]
												}
											]
										}
									]
								}
							]
						}
					]
				}
			]
		},
		{
			"name": "body",
			"origin": [0, 2, 0.8],
			"color": 0,
			"children": []
		},
		{
			"name": "wings",
			"origin": [1.2, 1.9, 0.2],
			"color": 0,
			"children": [
				{
					"name": "wing1",
					"origin": [-1.2, 1.9, 0.2],
					"color": 0,
					"shade": false,
					"children": [
						27,
						28,
						{
							"name": "wingtip1",
							"origin": [-6.8, 1.9, 0],
							"color": 0,
							"shade": false,
							"children": [29, 30]
						}
					]
				},
				{
					"name": "wing",
					"origin": [-1.2, 1.9, 0.2],
					"color": 0,
					"shade": false,
					"children": [
						31,
						32,
						{
							"name": "wingtip1",
							"origin": [-6.8, 1.9, 0],
							"color": 0,
							"shade": false,
							"children": [33, 34]
						}
					]
				}
			]
		},
		{
			"name": "rearleg",
			"origin": [1.6, 0.8, 4.2],
			"color": 0,
			"children": [
				{
					"name": "rearlegtip",
					"origin": [1.6, -2, 4.3],
					"color": 0,
					"children": [
						{
							"name": "rearfoot",
							"origin": [1.6, -5.2, 4.1],
							"color": 0,
							"children": []
						}
					]
				}
			]
		},
		{
			"name": "rearleg1",
			"origin": [-1.6, 0.8, 4.2],
			"color": 0,
			"shade": false,
			"children": [
				{
					"name": "rearlegtip1",
					"origin": [-1.6, -2, 4.3],
					"color": 0,
					"shade": false,
					"children": [
						{
							"name": "rearfoot1",
							"origin": [-1.6, -5.2, 4.1],
							"color": 0,
							"shade": false,
							"children": []
						}
					]
				}
			]
		},
		{
			"name": "frontleg",
			"origin": [1.2, 0.4, 0.2],
			"color": 0,
			"children": [
				{
					"name": "frontlegtip",
					"origin": [1.2, -1.6, 0.2],
					"color": 0,
					"children": [
						{
							"name": "frontfoot",
							"origin": [1.2, -3.8, 0.2],
							"color": 0,
							"children": []
						}
					]
				}
			]
		},
		{
			"name": "frontleg1",
			"origin": [-1.2, 0.4, 0.2],
			"color": 0,
			"shade": false,
			"children": [
				{
					"name": "frontlegtip1",
					"origin": [-1.2, -1.6, 0.2],
					"color": 0,
					"shade": false,
					"children": [
						{
							"name": "frontfoot1",
							"origin": [-1.2, -3.8, 0.2],
							"color": 0,
							"shade": false,
							"children": []
						}
					]
				}
			]
		},
		{
			"name": "tail",
			"origin": [0, 1.4, 5.6],
			"color": 0,
			"children": [
				{
					"name": "tail2",
					"origin": [0, 1.4, 6.6],
					"color": 0,
					"children": [
						{
							"name": "tail3",
							"origin": [0, 1.4, 7.6],
							"color": 0,
							"children": [
								{
									"name": "tail4",
									"origin": [0, 1.4, 8.6],
									"color": 0,
									"children": [
										{
											"name": "tail5",
											"origin": [0, 1.4, 9.6],
											"color": 0,
											"children": [
												{
													"name": "tail6",
													"origin": [0, 1.4, 10.6],
													"color": 0,
													"children": [
														{
															"name": "tail7",
															"origin": [0, 1.4, 11.6],
															"color": 0,
															"children": [
																{
																	"name": "tail8",
																	"origin": [0, 1.4, 12.6],
																	"color": 0,
																	"children": [
																		{
																			"name": "tail9",
																			"origin": [0, 1.4, 13.6],
																			"color": 0,
																			"children": [
																				{
																					"name": "tail10",
																					"origin": [0, 1.4, 14.6],
																					"color": 0,
																					"children": [
																						{
																							"name": "tail11",
																							"origin": [0, 1.4, 15.6],
																							"color": 0,
																							"children": [
																								{
																									"name": "tail12",
																									"origin": [0, 1.4, 16.6],
																									"color": 0,
																									"children": []
																								}
																							]
																						}
																					]
																				}
																			]
																		}
																	]
																}
															]
														}
													]
												}
											]
										}
									]
								}
							]
						}
					]
				}
			]
		}
	]
}