{
	"credit": "Made with Blockbench by dragonmaster95",
	"parent": "costumes/head_template",
	"texture_size": [64, 32],
	"textures": {
		"0": "entity/illager/evoker_fangs"
	},
	"elements": [
		{
			"name": "base",
			"from": [5.02902, -1.41587, 3.561],
			"to": [10.96503, 0.58413, 12.45],
			"rotation": {"angle": 0, "axis": "y", "origin": [7.77901, -3.83024, 7.911]},
			"faces": {
				"north": {"uv": [2.9375, 5, 4.42125, 6], "texture": "#0"},
				"east": {"uv": [0, 5, 2.5, 6], "texture": "#0"},
				"south": {"uv": [8.4375, 5, 9.9215, 6], "texture": "#0"},
				"west": {"uv": [5, 5, 7.5, 6], "texture": "#0"},
				"up": {"uv": [2.6875, 4.4435, 4.17125, 0], "texture": "#0"},
				"down": {"uv": [7.5, 0, 5, 5], "texture": "#0"}
			}
		},
		{
			"name": "upper_jaw",
			"from": [4.0133, -1.41876, 3.589],
			"to": [8.4353, 14.00323, 12.411],
			"rotation": {"angle": 0, "axis": "z", "origin": [4.05, -1.3909, 8]},
			"faces": {
				"north": {"uv": [15, 4, 16, 11], "rotation": 180, "texture": "#0"},
				"south": {"uv": [12, 4, 13, 11], "rotation": 180, "texture": "#0"},
				"west": {"uv": [15, 4, 13, 11], "rotation": 180, "texture": "#0"},
				"up": {"uv": [13, 4, 14, 0], "rotation": 180, "texture": "#0"},
				"down": {"uv": [12, 4, 13, 0], "rotation": 180, "texture": "#0"}
			}
		},
		{
			"name": "upper_jaw",
			"from": [8.4353, 14.00324, 12.411],
			"to": [4.0133, -1.41876, 3.589],
			"rotation": {"angle": 0, "axis": "z", "origin": [12.8206, 29.39736, 16.822]},
			"faces": {
				"north": {"uv": [12, 11, 13, 4], "rotation": 180, "texture": "#0"},
				"east": {"uv": [15, 11, 13, 4], "rotation": 180, "texture": "#0"},
				"south": {"uv": [15, 11, 16, 4], "rotation": 180, "texture": "#0"},
				"up": {"uv": [13, 4, 12, 0], "rotation": 180, "texture": "#0"},
				"down": {"uv": [14, 4, 13, 0], "rotation": 180, "texture": "#0"}
			}
		},
		{
			"name": "lower_jaw",
			"from": [7.5757, -1.40776, 3.6],
			"to": [11.9757, 13.99223, 12.4],
			"rotation": {"angle": 0, "axis": "z", "origin": [11.95, -1.3909, 8]},
			"faces": {
				"north": {"uv": [12, 4, 13, 11], "rotation": 180, "texture": "#0"},
				"east": {"uv": [13, 4, 15, 11], "rotation": 180, "texture": "#0"},
				"south": {"uv": [15, 4, 16, 11], "rotation": 180, "texture": "#0"},
				"up": {"uv": [14, 0, 13, 4], "rotation": 180, "texture": "#0"},
				"down": {"uv": [13, 4, 12, 0], "rotation": 180, "texture": "#0"}
			}
		},
		{
			"name": "lower_jaw",
			"from": [11.9757, 13.99223, 12.4],
			"to": [7.5757, -1.40777, 3.6],
			"rotation": {"angle": 0, "axis": "z", "origin": [12.0014, 29.37535, 16.8]},
			"faces": {
				"north": {"uv": [15, 11, 16, 4], "rotation": 180, "texture": "#0"},
				"south": {"uv": [12, 11, 13, 4], "rotation": 180, "texture": "#0"},
				"west": {"uv": [13, 11, 15, 4], "rotation": 180, "texture": "#0"},
				"up": {"uv": [12, 4, 13, 0], "rotation": 180, "texture": "#0"},
				"down": {"uv": [13, 0, 14, 4], "rotation": 180, "texture": "#0"}
			}
		}
	],
	"display": {},
	"groups": [
		{
			"name": "base",
			"origin": [0, 0, 0],
			"children": [0,
				{
					"name": "upper_jaw",
					"origin": [0, 11, 0],
					"children": [1, 2]
				},
				{
					"name": "lower_jaw",
					"origin": [0, 11, 0],
					"children": [3, 4]
				}
			]
		}
	]
}