{
	"credit": "Made with Blockbench by dragonmaster95",
	"parent": "costumes/head_template",
	"textures": {
		"0": "entity/frog/temperate_frog",
		"1": "costumes/lily_pad_colored",
		"3": "block/black_concrete",
		"particle": "block/black_concrete"
	},
	"elements": [
		{
			"name": "body",
			"from": [2.75, 1.65, 2],
			"to": [13.25, 6.15, 15.5],
			"rotation": {"angle": 0, "axis": "y", "origin": [-4, 27.15, -4]},
			"faces": {
				"north": {"uv": [4, 3.33333, 6.33333, 4.33333], "texture": "#0"},
				"east": {"uv": [1, 3.33333, 4, 4.33333], "texture": "#0"},
				"south": {"uv": [9.33333, 3.33333, 11.66667, 4.33333], "texture": "#0"},
				"west": {"uv": [6.33333, 3.33333, 9.33333, 4.33333], "texture": "#0"},
				"up": {"uv": [6.33333, 3.33333, 4, 0.33333], "texture": "#0"},
				"down": {"uv": [8.66667, 0.33333, 6.33333, 3.33333], "texture": "#0"}
			}
		},
		{
			"name": "body",
			"from": [2.75, 4.65, 2],
			"to": [13.25, 4.65, 15.5],
			"rotation": {"angle": 0, "axis": "y", "origin": [-4, 27.15, -4]},
			"faces": {
				"north": {"uv": [10.66667, 10.33333, 13, 10.33333], "texture": "#0"},
				"east": {"uv": [7.66667, 10.33333, 10.66667, 10.33333], "texture": "#0"},
				"south": {"uv": [16, 10.33333, 18.33333, 10.33333], "texture": "#0"},
				"west": {"uv": [13, 10.33333, 16, 10.33333], "texture": "#0"},
				"up": {"uv": [13, 10.33333, 10.66667, 7.33333], "texture": "#0"},
				"down": {"uv": [15.33333, 7.33333, 13, 10.33333], "texture": "#0"}
			}
		},
		{
			"name": "head",
			"from": [2.75, 7.65, 2],
			"to": [13.25, 7.65, 15.5],
			"rotation": {"angle": 0, "axis": "y", "origin": [-4, 27.15, -4]},
			"faces": {
				"north": {"uv": [10.66667, 7.33333, 13, 7.33333], "texture": "#0"},
				"east": {"uv": [7.66667, 7.33333, 10.66667, 7.33333], "texture": "#0"},
				"south": {"uv": [16, 7.33333, 18.33333, 7.33333], "texture": "#0"},
				"west": {"uv": [13, 7.33333, 16, 7.33333], "texture": "#0"},
				"up": {"uv": [13, 7.33333, 10.66667, 4.33333], "texture": "#0"},
				"down": {"uv": [15.33333, 4.33333, 13, 7.33333], "texture": "#0"}
			}
		},
		{
			"name": "head",
			"from": [2.75, 4.65, 2],
			"to": [13.25, 9.15, 15.5],
			"rotation": {"angle": 0, "axis": "y", "origin": [-4, 27.15, -4]},
			"faces": {
				"north": {"uv": [3, 7.33333, 5.33333, 8.33333], "texture": "#0"},
				"east": {"uv": [0, 7.33333, 3, 8.33333], "texture": "#0"},
				"south": {"uv": [8.33333, 7.33333, 10.66667, 8.33333], "texture": "#0"},
				"west": {"uv": [5.33333, 7.33333, 8.33333, 8.33333], "texture": "#0"},
				"up": {"uv": [5.33333, 7.33333, 3, 4.33333], "texture": "#0"},
				"down": {"uv": [7.66667, 4.33333, 5.33333, 7.33333], "texture": "#0"}
			}
		},
		{
			"name": "head",
			"from": [2.75, 9.15, 3.5],
			"to": [7.25, 12.15, 8],
			"rotation": {"angle": 0, "axis": "y", "origin": [-4, 27.15, -4]},
			"faces": {
				"north": {"uv": [1, 2.66667, 2, 3.33333], "texture": "#0"},
				"east": {"uv": [0, 2.66667, 1, 3.33333], "texture": "#0"},
				"south": {"uv": [3, 2.66667, 4, 3.33333], "texture": "#0"},
				"west": {"uv": [2, 2.66667, 3, 3.33333], "texture": "#0"},
				"up": {"uv": [2, 2.66667, 1, 1.66667], "texture": "#0"},
				"down": {"uv": [3, 1.66667, 2, 2.66667], "texture": "#0"}
			}
		},
		{
			"name": "head",
			"from": [8.75, 9.15, 3.5],
			"to": [13.25, 12.15, 8],
			"rotation": {"angle": 0, "axis": "y", "origin": [-4, 27.15, -4]},
			"faces": {
				"north": {"uv": [1, 1, 2, 1.66667], "texture": "#0"},
				"east": {"uv": [0, 1, 1, 1.66667], "texture": "#0"},
				"south": {"uv": [3, 1, 4, 1.66667], "texture": "#0"},
				"west": {"uv": [2, 1, 3, 1.66667], "texture": "#0"},
				"up": {"uv": [2, 1, 1, 0], "texture": "#0"},
				"down": {"uv": [3, 0, 2, 1], "texture": "#0"}
			}
		},
		{
			"name": "sac",
			"from": [2.8, -0.15, 3.3],
			"to": [13.2, 2.75, 12.6],
			"rotation": {"angle": 0, "axis": "y", "origin": [-4, 27.15, -4]},
			"faces": {
				"north": {"uv": [9.66667, 2.66667, 12, 3.33333], "texture": "#3"},
				"east": {"uv": [8.66667, 2.66667, 9.66667, 3.33333], "texture": "#3"},
				"south": {"uv": [13, 2.66667, 15.33333, 3.33333], "texture": "#3"},
				"west": {"uv": [12, 2.66667, 13, 3.33333], "texture": "#3"},
				"up": {"uv": [12, 2.66667, 9.66667, 1.66667], "texture": "#3"},
				"down": {"uv": [14.33333, 1.66667, 12, 2.66667], "texture": "#3"}
			}
		},
		{
			"name": "tongue",
			"from": [5, 4.8, 4.85],
			"to": [11, 4.8, 15.35],
			"rotation": {"angle": 0, "axis": "y", "origin": [-4, 27.15, -4]},
			"faces": {
				"north": {"uv": [8, 6.66667, 9.33333, 6.66667], "texture": "#0"},
				"east": {"uv": [5.66667, 6.66667, 8, 6.66667], "texture": "#0"},
				"south": {"uv": [11.66667, 6.66667, 13, 6.66667], "texture": "#0"},
				"west": {"uv": [9.33333, 6.66667, 11.66667, 6.66667], "texture": "#0"},
				"up": {"uv": [9.33333, 6.66667, 8, 4.33333], "texture": "#0"},
				"down": {"uv": [10.66667, 4.33333, 9.33333, 6.66667], "texture": "#0"}
			}
		},
		{
			"name": "left_arm",
			"from": [0.5, 0.15, 2.75],
			"to": [3.5, 4.65, 7.25],
			"rotation": {"angle": 0, "axis": "y", "origin": [-4, 27.15, -4]},
			"faces": {
				"north": {"uv": [1, 11.66667, 1.66667, 12.66667], "texture": "#0"},
				"east": {"uv": [0, 11.66667, 1, 12.66667], "texture": "#0"},
				"south": {"uv": [2.66667, 11.66667, 3.33333, 12.66667], "texture": "#0"},
				"west": {"uv": [1.66667, 11.66667, 2.66667, 12.66667], "texture": "#0"},
				"up": {"uv": [1.66667, 11.66667, 1, 10.66667], "texture": "#0"},
				"down": {"uv": [2.33333, 10.66667, 1.66667, 11.66667], "texture": "#0"}
			}
		},
		{
			"name": "left_arm",
			"from": [-4, 0.135, -3.25],
			"to": [8, 0.135, 8.75],
			"rotation": {"angle": 0, "axis": "y", "origin": [-4, 27.15, -4]},
			"faces": {
				"north": {"uv": [8.66667, 16, 11.33333, 16], "texture": "#0"},
				"east": {"uv": [6, 16, 8.66667, 16], "texture": "#0"},
				"south": {"uv": [14, 16, 16.66667, 16], "texture": "#0"},
				"west": {"uv": [11.33333, 16, 14, 16], "texture": "#0"},
				"up": {"uv": [11.33333, 16, 8.66667, 13.33333], "texture": "#0"},
				"down": {"uv": [14, 13.33333, 11.33333, 16], "texture": "#0"}
			}
		},
		{
			"name": "right_arm",
			"from": [12.5, 0.15, 2.75],
			"to": [15.5, 4.65, 7.25],
			"rotation": {"angle": 0, "axis": "y", "origin": [-4, 27.15, -4]},
			"faces": {
				"north": {"uv": [1, 13.66667, 1.66667, 14.66667], "texture": "#0"},
				"east": {"uv": [0, 13.66667, 1, 14.66667], "texture": "#0"},
				"south": {"uv": [2.66667, 13.66667, 3.33333, 14.66667], "texture": "#0"},
				"west": {"uv": [1.66667, 13.66667, 2.66667, 14.66667], "texture": "#0"},
				"up": {"uv": [1.66667, 13.66667, 1, 12.66667], "texture": "#0"},
				"down": {"uv": [2.33333, 12.66667, 1.66667, 13.66667], "texture": "#0"}
			}
		},
		{
			"name": "right_arm",
			"from": [8, 0.135, -3.25],
			"to": [20, 0.135, 8.75],
			"rotation": {"angle": 0, "axis": "y", "origin": [-4, 27.15, -4]},
			"faces": {
				"north": {"uv": [3.33333, 16, 6, 16], "texture": "#0"},
				"east": {"uv": [0.66667, 16, 3.33333, 16], "texture": "#0"},
				"south": {"uv": [8.66667, 16, 11.33333, 16], "texture": "#0"},
				"west": {"uv": [6, 16, 8.66667, 16], "texture": "#0"},
				"up": {"uv": [6, 16, 3.33333, 13.33333], "texture": "#0"},
				"down": {"uv": [8.66667, 13.33333, 6, 16], "texture": "#0"}
			}
		},
		{
			"name": "left_leg",
			"from": [-0.25, 0.15, 11],
			"to": [4.25, 4.65, 17],
			"rotation": {"angle": 0, "axis": "y", "origin": [-4, 27.15, -4]},
			"faces": {
				"north": {"uv": [6, 9.66667, 7, 10.66667], "texture": "#0"},
				"east": {"uv": [4.66667, 9.66667, 6, 10.66667], "texture": "#0"},
				"south": {"uv": [8.33333, 9.66667, 9.33333, 10.66667], "texture": "#0"},
				"west": {"uv": [7, 9.66667, 8.33333, 10.66667], "texture": "#0"},
				"up": {"uv": [7, 9.66667, 6, 8.33333], "texture": "#0"},
				"down": {"uv": [8, 8.33333, 7, 9.66667], "texture": "#0"}
			}
		},
		{
			"name": "left_leg",
			"from": [-6.25, 0.135, 8],
			"to": [5.75, 0.135, 20],
			"rotation": {"angle": 0, "axis": "y", "origin": [-4, 27.15, -4]},
			"faces": {
				"north": {"uv": [3.33333, 13.33333, 6, 13.33333], "texture": "#0"},
				"east": {"uv": [0.66667, 13.33333, 3.33333, 13.33333], "texture": "#0"},
				"south": {"uv": [8.66667, 13.33333, 11.33333, 13.33333], "texture": "#0"},
				"west": {"uv": [6, 13.33333, 8.66667, 13.33333], "texture": "#0"},
				"up": {"uv": [6, 13.33333, 3.33333, 10.66667], "texture": "#0"},
				"down": {"uv": [8.66667, 10.66667, 6, 13.33333], "texture": "#0"}
			}
		},
		{
			"name": "right_leg",
			"from": [11.75, 0.15, 11],
			"to": [16.25, 4.65, 17],
			"rotation": {"angle": 0, "axis": "y", "origin": [-4, 27.15, -4]},
			"faces": {
				"north": {"uv": [1.33333, 9.66667, 2.33333, 10.66667], "texture": "#0"},
				"east": {"uv": [0, 9.66667, 1.33333, 10.66667], "texture": "#0"},
				"south": {"uv": [3.66667, 9.66667, 4.66667, 10.66667], "texture": "#0"},
				"west": {"uv": [2.33333, 9.66667, 3.66667, 10.66667], "texture": "#0"},
				"up": {"uv": [2.33333, 9.66667, 1.33333, 8.33333], "texture": "#0"},
				"down": {"uv": [3.33333, 8.33333, 2.33333, 9.66667], "texture": "#0"}
			}
		},
		{
			"name": "right_leg",
			"from": [10.25, 0.135, 8],
			"to": [22.25, 0.135, 20],
			"rotation": {"angle": 0, "axis": "y", "origin": [-4, 27.15, -4]},
			"faces": {
				"north": {"uv": [8.66667, 13.33333, 11.33333, 13.33333], "texture": "#0"},
				"east": {"uv": [6, 13.33333, 8.66667, 13.33333], "texture": "#0"},
				"south": {"uv": [14, 13.33333, 16.66667, 13.33333], "texture": "#0"},
				"west": {"uv": [11.33333, 13.33333, 14, 13.33333], "texture": "#0"},
				"up": {"uv": [11.33333, 13.33333, 8.66667, 10.66667], "texture": "#0"},
				"down": {"uv": [14, 10.66667, 11.33333, 13.33333], "texture": "#0"}
			}
		},
		{
			"name": "lily_pad_0",
			"from": [1.25, -1.5, -2.5],
			"to": [5.75, 0, 17],
			"rotation": {"angle": 0, "axis": "y", "origin": [-4, -10.5, -4]},
			"faces": {
				"north": {"uv": [7, 1, 4, 2], "texture": "#1"},
				"east": {"uv": [6, 1, 7, 14], "rotation": 90, "texture": "#1"},
				"south": {"uv": [4, 13, 7, 14], "texture": "#1"},
				"west": {"uv": [4, 1, 5, 14], "rotation": 270, "texture": "#1"},
				"up": {"uv": [4, 1, 7, 14], "texture": "#1"},
				"down": {"uv": [4, 14, 7, 1], "texture": "#1"}
			}
		},
		{
			"name": "lily_pad_1",
			"from": [10.25, -1.5, -2.5],
			"to": [14.75, 0, 17],
			"rotation": {"angle": 0, "axis": "y", "origin": [-4, -10.5, -4]},
			"faces": {
				"north": {"uv": [13, 1, 10, 2], "texture": "#1"},
				"east": {"uv": [12, 1, 13, 14], "rotation": 90, "texture": "#1"},
				"south": {"uv": [10, 13, 13, 14], "texture": "#1"},
				"west": {"uv": [10, 1, 11, 14], "rotation": 270, "texture": "#1"},
				"up": {"uv": [10, 1, 13, 14], "texture": "#1"},
				"down": {"uv": [10, 14, 13, 1], "texture": "#1"}
			}
		},
		{
			"name": "lily_pad_2",
			"from": [-0.25, -1.5, -1],
			"to": [1.25, 0, 15.5],
			"rotation": {"angle": 0, "axis": "y", "origin": [-4, -10.5, -4]},
			"faces": {
				"north": {"uv": [4, 2, 3, 3], "texture": "#1"},
				"east": {"uv": [3, 2, 4, 13], "rotation": 90, "texture": "#1"},
				"south": {"uv": [3, 12, 4, 13], "texture": "#1"},
				"west": {"uv": [3, 2, 4, 13], "rotation": 270, "texture": "#1"},
				"up": {"uv": [3, 2, 4, 13], "texture": "#1"},
				"down": {"uv": [3, 13, 4, 2], "texture": "#1"}
			}
		},
		{
			"name": "lily_pad_3",
			"from": [14.75, -1.5, -1],
			"to": [16.25, 0, 15.5],
			"rotation": {"angle": 0, "axis": "y", "origin": [-4, -10.5, -4]},
			"faces": {
				"north": {"uv": [14, 2, 13, 3], "texture": "#1"},
				"east": {"uv": [13, 2, 14, 13], "rotation": 90, "texture": "#1"},
				"south": {"uv": [13, 12, 14, 13], "texture": "#1"},
				"west": {"uv": [13, 2, 14, 13], "rotation": 270, "texture": "#1"},
				"up": {"uv": [13, 2, 14, 13], "texture": "#1"},
				"down": {"uv": [13, 13, 14, 2], "texture": "#1"}
			}
		},
		{
			"name": "lily_pad_4",
			"from": [5.75, -1.5, 0.5],
			"to": [7.25, 0, 18.5],
			"rotation": {"angle": 0, "axis": "y", "origin": [-4, -10.5, -4]},
			"faces": {
				"north": {"uv": [8, 3, 7, 4], "texture": "#1"},
				"east": {"uv": [7, 3, 8, 15], "rotation": 90, "texture": "#1"},
				"south": {"uv": [7, 14, 8, 15], "texture": "#1"},
				"west": {"uv": [7, 3, 8, 15], "rotation": 270, "texture": "#1"},
				"up": {"uv": [7, 3, 8, 15], "texture": "#1"},
				"down": {"uv": [7, 15, 8, 3], "texture": "#1"}
			}
		},
		{
			"name": "lily_pad_5",
			"from": [8.75, -1.5, 0.5],
			"to": [10.25, 0, 18.5],
			"rotation": {"angle": 0, "axis": "y", "origin": [-4, -10.5, -4]},
			"faces": {
				"north": {"uv": [10, 3, 9, 4], "texture": "#1"},
				"east": {"uv": [9, 3, 10, 15], "rotation": 90, "texture": "#1"},
				"south": {"uv": [9, 14, 10, 15], "texture": "#1"},
				"west": {"uv": [9, 3, 10, 15], "rotation": 270, "texture": "#1"},
				"up": {"uv": [9, 3, 10, 15], "texture": "#1"},
				"down": {"uv": [9, 15, 10, 3], "texture": "#1"}
			}
		},
		{
			"name": "lily_pad_6",
			"from": [-1.75, -1.5, 2],
			"to": [-0.25, 0, 12.5],
			"rotation": {"angle": 0, "axis": "y", "origin": [-4, -10.5, -4]},
			"faces": {
				"north": {"uv": [3, 4, 2, 5], "texture": "#1"},
				"east": {"uv": [2, 4, 3, 11], "rotation": 90, "texture": "#1"},
				"south": {"uv": [2, 10, 3, 11], "texture": "#1"},
				"west": {"uv": [2, 4, 3, 11], "rotation": 270, "texture": "#1"},
				"up": {"uv": [2, 4, 3, 11], "texture": "#1"},
				"down": {"uv": [2, 11, 3, 4], "texture": "#1"}
			}
		},
		{
			"name": "lily_pad_7",
			"from": [16.25, -1.5, 2],
			"to": [17.75, 0, 12.5],
			"rotation": {"angle": 0, "axis": "y", "origin": [-4, -10.5, -4]},
			"faces": {
				"north": {"uv": [15, 4, 14, 5], "texture": "#1"},
				"east": {"uv": [14, 4, 15, 11], "rotation": 90, "texture": "#1"},
				"south": {"uv": [14, 10, 15, 11], "texture": "#1"},
				"west": {"uv": [14, 4, 15, 11], "rotation": 270, "texture": "#1"},
				"up": {"uv": [14, 4, 15, 11], "texture": "#1"},
				"down": {"uv": [14, 11, 15, 4], "texture": "#1"}
			}
		},
		{
			"name": "lily_pad_8",
			"from": [7.25, -1.5, 3.5],
			"to": [8.75, 0, 18.5],
			"rotation": {"angle": 0, "axis": "y", "origin": [-4, -10.5, -4]},
			"faces": {
				"north": {"uv": [9, 5, 8, 6], "texture": "#1"},
				"east": {"uv": [8, 5, 9, 15], "rotation": 90, "texture": "#1"},
				"south": {"uv": [8, 14, 9, 15], "texture": "#1"},
				"west": {"uv": [8, 5, 9, 15], "rotation": 270, "texture": "#1"},
				"up": {"uv": [8, 5, 9, 15], "texture": "#1"},
				"down": {"uv": [8, 15, 9, 5], "texture": "#1"}
			}
		},
		{
			"name": "lily_pad_9",
			"from": [4.25, -1.5, 17],
			"to": [5.75, 0, 18.5],
			"rotation": {"angle": 0, "axis": "y", "origin": [-4, -10.5, -4]},
			"faces": {
				"north": {"uv": [7, 14, 6, 15], "texture": "#1"},
				"east": {"uv": [6, 14, 7, 15], "rotation": 90, "texture": "#1"},
				"south": {"uv": [6, 14, 7, 15], "texture": "#1"},
				"west": {"uv": [6, 14, 7, 15], "rotation": 270, "texture": "#1"},
				"up": {"uv": [6, 14, 7, 15], "texture": "#1"},
				"down": {"uv": [6, 15, 7, 14], "texture": "#1"}
			}
		},
		{
			"name": "lily_pad_10",
			"from": [10.25, -1.5, 17],
			"to": [11.75, 0, 18.5],
			"rotation": {"angle": 0, "axis": "y", "origin": [-4, -10.5, -4]},
			"faces": {
				"north": {"uv": [11, 14, 10, 15], "texture": "#1"},
				"east": {"uv": [10, 14, 11, 15], "rotation": 90, "texture": "#1"},
				"south": {"uv": [10, 14, 11, 15], "texture": "#1"},
				"west": {"uv": [10, 14, 11, 15], "rotation": 270, "texture": "#1"},
				"up": {"uv": [10, 14, 11, 15], "texture": "#1"},
				"down": {"uv": [10, 15, 11, 14], "texture": "#1"}
			}
		}
	],
	"display": {
		"head": {
			"translation": [0, 5.5, 0],
			"scale": [1.6, 1.6, 1.6]
		}
	},
	"groups": [
		{
			"name": "frog",
			"origin": [0, 0, 0],
			"color": 0,
			"children": [
				{
					"name": "body",
					"origin": [0, 0, 0],
					"color": 0,
					"children": [0, 1]
				},
				{
					"name": "head",
					"origin": [0, 4, 3],
					"color": 0,
					"children": [2, 3, 4, 5]
				},
				{
					"name": "sac",
					"origin": [0, 3, -1],
					"color": 0,
					"children": [6]
				},
				{
					"name": "tongue",
					"origin": [0, 3.1, 5],
					"color": 0,
					"children": [7]
				},
				{
					"name": "left_arm",
					"origin": [-4, 3, -2.5],
					"color": 0,
					"children": [8, 9]
				},
				{
					"name": "right_arm",
					"origin": [4, 3, -2.5],
					"color": 0,
					"children": [10, 11]
				},
				{
					"name": "left_leg",
					"origin": [-3.5, 3, 4],
					"color": 0,
					"children": [12, 13]
				},
				{
					"name": "right_leg",
					"origin": [3.5, 3, 4],
					"color": 0,
					"children": [14, 15]
				},
				{
					"name": "lily_pad",
					"origin": [0, 0, 0],
					"color": 0,
					"children": [16, 17, 18, 19, 20, 21, 22, 23, 24, 25, 26]
				}
			]
		}
	]
}