{
	"credit": "Made with Blockbench by dragonmaster95",
	"parent": "costumes/head_template",
	"texture_size": [64, 32],
	"textures": {
		"0": "entity/ghast/ghast"
	},
	"elements": [
		{
			"name": "body",
			"from": [0, -4, 0],
			"to": [16, 12, 16],
			"rotation": {"angle": 0, "axis": "y", "origin": [8.38, -4, 8]},
			"faces": {
				"north": {"uv": [4, 8, 8, 16], "texture": "#0"},
				"east": {"uv": [0, 8, 4, 16], "texture": "#0"},
				"south": {"uv": [12, 8, 16, 16], "texture": "#0"},
				"west": {"uv": [8, 8, 12, 16], "texture": "#0"},
				"up": {"uv": [8, 8, 4, 0], "texture": "#0"},
				"down": {"uv": [12, 0, 8, 8], "texture": "#0"}
			}
		},
		{
			"name": "tentacles_0",
			"from": [10.8, 21.12873, -1.54938],
			"to": [12.8, 30.12873, 0.45062],
			"rotation": {"angle": -22.5, "axis": "x", "origin": [7.11333, 20.33333, 85]},
			"faces": {
				"north": {"uv": [0.5, 1, 1, 5.5], "texture": "#0"},
				"east": {"uv": [0, 1, 0.5, 5.5], "texture": "#0"},
				"south": {"uv": [1.5, 1, 2, 5.5], "texture": "#0"},
				"west": {"uv": [1, 1, 1.5, 5.5], "texture": "#0"},
				"up": {"uv": [1, 1, 0.5, 0], "texture": "#0"},
				"down": {"uv": [1.5, 0, 1, 1], "texture": "#0"}
			}
		},
		{
			"name": "tentacles_1",
			"from": [5.7, 19.12873, -1.54938],
			"to": [7.7, 30.12873, 0.45062],
			"rotation": {"angle": -22.5, "axis": "x", "origin": [7.11333, 20.33333, 85]},
			"faces": {
				"north": {"uv": [0.5, 1, 1, 6.5], "texture": "#0"},
				"east": {"uv": [0, 1, 0.5, 6.5], "texture": "#0"},
				"south": {"uv": [1.5, 1, 2, 6.5], "texture": "#0"},
				"west": {"uv": [1, 1, 1.5, 6.5], "texture": "#0"},
				"up": {"uv": [1, 1, 0.5, 0], "texture": "#0"},
				"down": {"uv": [1.5, 0, 1, 1], "texture": "#0"}
			}
		},
		{
			"name": "tentacles_2",
			"from": [0.7, 22.12873, -1.54938],
			"to": [2.7, 30.12873, 0.45062],
			"rotation": {"angle": -22.5, "axis": "x", "origin": [7.11333, 20.33333, 85]},
			"faces": {
				"north": {"uv": [0.5, 1, 1, 5], "texture": "#0"},
				"east": {"uv": [0, 1, 0.5, 5], "texture": "#0"},
				"south": {"uv": [1.5, 1, 2, 5], "texture": "#0"},
				"west": {"uv": [1, 1, 1.5, 5], "texture": "#0"},
				"up": {"uv": [1, 1, 0.5, 0], "texture": "#0"},
				"down": {"uv": [1.5, 0, 1, 1], "texture": "#0"}
			}
		},
		{
			"name": "tentacles_3",
			"from": [13.3, 19.27875, 2.75112],
			"to": [15.3, 28.27875, 4.75112],
			"rotation": {"angle": -22.5, "axis": "x", "origin": [7.11333, 20.33333, 85]},
			"faces": {
				"north": {"uv": [0.5, 1, 1, 5.5], "texture": "#0"},
				"east": {"uv": [0, 1, 0.5, 5.5], "texture": "#0"},
				"south": {"uv": [1.5, 1, 2, 5.5], "texture": "#0"},
				"west": {"uv": [1, 1, 1.5, 5.5], "texture": "#0"},
				"up": {"uv": [1, 1, 0.5, 0], "texture": "#0"},
				"down": {"uv": [1.5, 0, 1, 1], "texture": "#0"}
			}
		},
		{
			"name": "tentacles_4",
			"from": [8.3, 17.05261, 2.75112],
			"to": [10.3, 30.05261, 4.75112],
			"rotation": {"angle": -22.5, "axis": "x", "origin": [7.11333, 20.33333, 85]},
			"faces": {
				"north": {"uv": [0.5, 1, 1, 7.5], "texture": "#0"},
				"east": {"uv": [0, 1, 0.5, 7.5], "texture": "#0"},
				"south": {"uv": [1.5, 1, 2, 7.5], "texture": "#0"},
				"west": {"uv": [1, 1, 1.5, 7.5], "texture": "#0"},
				"up": {"uv": [1, 1, 0.5, 0], "texture": "#0"},
				"down": {"uv": [1.5, 0, 1, 1], "texture": "#0"}
			}
		},
		{
			"name": "tentacles_5",
			"from": [3.2, 17.27875, 2.75112],
			"to": [5.2, 28.27875, 4.75112],
			"rotation": {"angle": -22.5, "axis": "x", "origin": [7.11333, 20.33333, 85]},
			"faces": {
				"north": {"uv": [0.5, 1, 1, 6.5], "texture": "#0"},
				"east": {"uv": [0, 1, 0.5, 6.5], "texture": "#0"},
				"south": {"uv": [1.5, 1, 2, 6.5], "texture": "#0"},
				"west": {"uv": [1, 1, 1.5, 6.5], "texture": "#0"},
				"up": {"uv": [1, 1, 0.5, 0], "texture": "#0"},
				"down": {"uv": [1.5, 0, 1, 1], "texture": "#0"}
			}
		},
		{
			"name": "tentacles_6",
			"from": [10.8, 17.05261, 7.11539],
			"to": [12.8, 29.05261, 9.11539],
			"rotation": {"angle": -22.5, "axis": "x", "origin": [7.11333, 20.33333, 85]},
			"faces": {
				"north": {"uv": [0.5, 1, 1, 7], "texture": "#0"},
				"east": {"uv": [0, 1, 0.5, 7], "texture": "#0"},
				"south": {"uv": [1.5, 1, 2, 7], "texture": "#0"},
				"west": {"uv": [1, 1, 1.5, 7], "texture": "#0"},
				"up": {"uv": [1, 1, 0.5, 0], "texture": "#0"},
				"down": {"uv": [1.5, 0, 1, 1], "texture": "#0"}
			}
		},
		{
			"name": "tentacles_7",
			"from": [5.7, 17.05261, 7.11539],
			"to": [7.7, 29.05261, 9.11539],
			"rotation": {"angle": -22.5, "axis": "x", "origin": [7.11333, 20.33333, 85]},
			"faces": {
				"north": {"uv": [0.5, 1, 1, 7], "texture": "#0"},
				"east": {"uv": [0, 1, 0.5, 7], "texture": "#0"},
				"south": {"uv": [1.5, 1, 2, 7], "texture": "#0"},
				"west": {"uv": [1, 1, 1.5, 7], "texture": "#0"},
				"up": {"uv": [1, 1, 0.5, 0], "texture": "#0"},
				"down": {"uv": [1.5, 0, 1, 1], "texture": "#0"}
			}
		},
		{
			"name": "tentacles_8",
			"from": [0.7, 17.05261, 7.11539],
			"to": [2.7, 30.05261, 9.11539],
			"rotation": {"angle": -22.5, "axis": "x", "origin": [7.11333, 20.33333, 85]},
			"faces": {
				"north": {"uv": [0.5, 1, 1, 7.5], "texture": "#0"},
				"east": {"uv": [0, 1, 0.5, 7.5], "texture": "#0"},
				"south": {"uv": [1.5, 1, 2, 7.5], "texture": "#0"},
				"west": {"uv": [1, 1, 1.5, 7.5], "texture": "#0"},
				"up": {"uv": [1, 1, 0.5, 0], "texture": "#0"},
				"down": {"uv": [1.5, 0, 1, 1], "texture": "#0"}
			}
		}
	],
	"display": {},
	"groups": [
		{
			"name": "body",
			"origin": [0, 8, 0],
			"children": [0,
				{
					"name": "tentacles_0",
					"origin": [3.8, 1, -5],
					"children": [1]
				},
				{
					"name": "tentacles_1",
					"origin": [-1.3, 1, -5],
					"children": [2]
				},
				{
					"name": "tentacles_2",
					"origin": [-6.3, 1, -5],
					"children": [3]
				},
				{
					"name": "tentacles_3",
					"origin": [6.3, 1, 0],
					"children": [4]
				},
				{
					"name": "tentacles_4",
					"origin": [1.3, 1, 0],
					"children": [5]
				},
				{
					"name": "tentacles_5",
					"origin": [-3.8, 1, 0],
					"children": [6]
				},
				{
					"name": "tentacles_6",
					"origin": [3.8, 1, 5],
					"children": [7]
				},
				{
					"name": "tentacles_7",
					"origin": [-1.3, 1, 5],
					"children": [8]
				},
				{
					"name": "tentacles_8",
					"origin": [-6.3, 1, 5],
					"children": [9]
				}
			]
		}
	]
}