{
	"credit": "Made with Blockbench by dragonmaster95",
	"parent": "costumes/head_template",
	"texture_size": [64, 64],
	"textures": {
		"0": "entity/goat/goat"
	},
	"elements": [
		{
			"name": "head_main",
			"from": [8, 0, 1.3],
			"to": [11, 7, 11.3],
			"rotation": {"angle": -45, "axis": "x", "origin": [7.5, 3, 9.3]},
			"faces": {
				"north": {"uv": [11, 14, 11.75, 15.75], "texture": "#0"},
				"east": {"uv": [8.5, 14, 11, 15.75], "texture": "#0"},
				"south": {"uv": [14.75, 14, 16, 15.75], "texture": "#0"},
				"west": {"uv": [12.25, 14, 14.75, 15.75], "texture": "#0"},
				"up": {"uv": [11.75, 14, 11, 11.5], "texture": "#0"},
				"down": {"uv": [13.5, 11.5, 12.25, 14], "texture": "#0"}
			}
		},
		{
			"name": "head_main",
			"from": [5, 0, 1.3],
			"to": [8, 7, 11.3],
			"rotation": {"angle": -45, "axis": "x", "origin": [7.5, 3, 9.3]},
			"faces": {
				"north": {"uv": [11.5, 14, 12.25, 15.75], "texture": "#0"},
				"east": {"uv": [8.5, 14, 11, 15.75], "texture": "#0"},
				"south": {"uv": [14.75, 14, 16, 15.75], "texture": "#0"},
				"west": {"uv": [12.25, 14, 14.75, 15.75], "texture": "#0"},
				"up": {"uv": [12.25, 14, 11.5, 11.5], "texture": "#0"},
				"down": {"uv": [13.5, 11.5, 12.25, 14], "texture": "#0"}
			}
		},
		{
			"name": "head_main",
			"from": [5.1, -1.15, 7.1],
			"to": [10.9, 2.65, 10.9],
			"rotation": {"angle": 0, "axis": "x", "origin": [7.5, 3, 9.3]},
			"faces": {
				"north": {"uv": [13.5, 11.5, 12.25, 14], "texture": "#0"},
				"east": {"uv": [13.5, 11.5, 12.25, 14], "texture": "#0"},
				"south": {"uv": [13.5, 11.5, 12.25, 14], "texture": "#0"},
				"west": {"uv": [13.5, 11.5, 12.25, 14], "texture": "#0"},
				"up": {"uv": [13.5, 11.5, 12.25, 14], "texture": "#0"},
				"down": {"uv": [13.5, 11.5, 12.25, 14], "texture": "#0"}
			}
		},
		{
			"name": "head",
			"from": [8, -8.5, 2.5],
			"to": [8, -1.5, 7.5],
			"rotation": {"angle": 0, "axis": "y", "origin": [8.5, -15, 18]},
			"faces": {
				"north": {"uv": [7, 14.25, 7, 16], "texture": "#0"},
				"east": {"uv": [5.75, 14.25, 7, 16], "texture": "#0"},
				"south": {"uv": [8.25, 14.25, 8.25, 16], "texture": "#0"},
				"west": {"uv": [7, 14.25, 8.25, 16], "texture": "#0"},
				"up": {"uv": [7, 14.25, 7, 13], "texture": "#0"},
				"down": {"uv": [7, 13, 7, 14.25], "texture": "#0"}
			}
		},
		{
			"name": "head",
			"from": [11, 4, 8],
			"to": [14, 6, 9],
			"rotation": {"angle": 0, "axis": "y", "origin": [8.5, -15, 18]},
			"faces": {
				"north": {"uv": [0.75, 15.5, 1.5, 16], "texture": "#0"},
				"east": {"uv": [0.5, 15.5, 0.75, 16], "texture": "#0"},
				"south": {"uv": [1.75, 15.5, 2.5, 16], "texture": "#0"},
				"west": {"uv": [1.5, 15.5, 1.75, 16], "texture": "#0"},
				"up": {"uv": [1.5, 15.5, 0.75, 15.25], "texture": "#0"},
				"down": {"uv": [2.25, 15.25, 1.5, 15.5], "texture": "#0"}
			}
		},
		{
			"name": "head",
			"from": [2, 4, 8],
			"to": [5, 6, 9],
			"shade": false,
			"rotation": {"angle": 0, "axis": "y", "origin": [8.5, -15, 18]},
			"faces": {
				"north": {"uv": [1.5, 15.5, 0.75, 16], "texture": "#0"},
				"east": {"uv": [1.75, 15.5, 1.5, 16], "texture": "#0"},
				"south": {"uv": [2.5, 15.5, 1.75, 16], "texture": "#0"},
				"west": {"uv": [0.75, 15.5, 0.5, 16], "texture": "#0"},
				"up": {"uv": [0.75, 15.5, 1.5, 15.25], "texture": "#0"},
				"down": {"uv": [1.5, 15.25, 2.25, 15.5], "texture": "#0"}
			}
		},
		{
			"name": "head",
			"from": [5.01, 4, 8],
			"to": [7.01, 11, 10],
			"rotation": {"angle": 0, "axis": "y", "origin": [8.5, -15, 18]},
			"faces": {
				"north": {"uv": [3.5, 14.25, 4, 16], "texture": "#0"},
				"east": {"uv": [3, 14.25, 3.5, 16], "texture": "#0"},
				"south": {"uv": [4.5, 14.25, 5, 16], "texture": "#0"},
				"west": {"uv": [4, 14.25, 4.5, 16], "texture": "#0"},
				"up": {"uv": [4, 14.25, 3.5, 13.75], "texture": "#0"},
				"down": {"uv": [4.5, 13.75, 4, 14.25], "texture": "#0"}
			}
		},
		{
			"name": "head",
			"from": [8.99, 4, 8],
			"to": [10.99, 11, 10],
			"rotation": {"angle": 0, "axis": "y", "origin": [8.5, -15, 18]},
			"faces": {
				"north": {"uv": [3.5, 14.25, 4, 16], "texture": "#0"},
				"east": {"uv": [3, 14.25, 3.5, 16], "texture": "#0"},
				"south": {"uv": [4.5, 14.25, 5, 16], "texture": "#0"},
				"west": {"uv": [4, 14.25, 4.5, 16], "texture": "#0"},
				"up": {"uv": [4, 14.25, 3.5, 13.75], "texture": "#0"},
				"down": {"uv": [4.5, 13.75, 4, 14.25], "texture": "#0"}
			}
		}
	],
	"display": {
		"head": {
			"translation": [0, 14.75, 0.25],
			"scale": [2.42, 2.42, 2.42]
		}
	}
}