{
	"credit": "Made with Blockbench by dragonmaster95",
	"parent": "block/jack_o_lantern",
	"textures": {
		"0": "block/carved_pumpkin",
		"1": "block/pumpkin_side",
		"2": "block/pumpkin_top",
		"3": "block/black_concrete",
		"4": "block/yellow_concrete",
		"particle": "block/pumpkin_side"
	},
	"elements": [
		{
			"name": "Cube",
			"from": [14, 0, 0],
			"to": [16, 16, 16],
			"faces": {
				"north": {"uv": [0, 0, 2, 16], "texture": "#0"},
				"east": {"uv": [0, 0, 16, 16], "texture": "#1"},
				"west": {"uv": [2, 10, 3, 12], "texture": "#0"}
			}
		},
		{
			"name": "Cube",
			"from": [13, 6, 0],
			"to": [14, 16, 16],
			"faces": {
				"north": {"uv": [2, 0, 3, 10], "texture": "#0"},
				"east": {"uv": [3.1, 4.1, 3.9, 6.9], "texture": "#0"},
				"west": {"uv": [3.1, 4.1, 3.9, 6.9], "texture": "#0"},
				"down": {"uv": [3.1, 4.1, 3.9, 6.9], "texture": "#0"}
			}
		},
		{
			"name": "Cube",
			"from": [13, 0, 0],
			"to": [14, 4, 16],
			"faces": {
				"north": {"uv": [2, 12, 3, 16], "texture": "#0"},
				"east": {"uv": [3.1, 4.1, 3.9, 6.9], "texture": "#0"},
				"west": {"uv": [3.1, 4.1, 3.9, 6.9], "texture": "#0"},
				"up": {"uv": [3, 10, 4, 11], "texture": "#0"}
			}
		},
		{
			"name": "Cube",
			"from": [12, 12, 0],
			"to": [13, 16, 16],
			"faces": {
				"north": {"uv": [3, 0, 4, 4], "texture": "#0"},
				"west": {"uv": [3.1, 4.1, 3.9, 6.9], "texture": "#0"},
				"down": {"uv": [3.1, 4.1, 3.9, 6.9], "texture": "#0"}
			}
		},
		{
			"name": "Cube",
			"from": [0, 0, 2],
			"to": [16, 16, 16],
			"faces": {
				"north": {"uv": [5, 5, 6, 6], "texture": "#3"},
				"south": {"uv": [0, 0, 16, 16], "texture": "#1"}
			}
		},
		{
			"name": "Cube",
			"from": [12, 7, 0],
			"to": [13, 9, 16],
			"faces": {
				"north": {"uv": [3, 7, 4, 9], "texture": "#0"},
				"west": {"uv": [3.1, 4.1, 3.9, 6.9], "texture": "#0"},
				"up": {"uv": [3.1, 4.1, 3.9, 6.9], "texture": "#0"}
			}
		},
		{
			"name": "Cube",
			"from": [12, 0, 0],
			"to": [13, 2, 16],
			"faces": {
				"north": {"uv": [3, 14, 4, 16], "texture": "#0"},
				"up": {"uv": [3, 10, 4, 11], "texture": "#0"}
			}
		},
		{
			"name": "Cube",
			"from": [11, 0, 0],
			"to": [12, 3, 16],
			"faces": {
				"north": {"uv": [4, 13, 5, 16], "texture": "#0"},
				"east": {"uv": [3.1, 4.1, 3.9, 6.9], "texture": "#0"},
				"up": {"uv": [3, 10, 4, 11], "texture": "#0"}
			}
		},
		{
			"name": "Cube",
			"from": [10, 0, 0],
			"to": [11, 4, 16],
			"faces": {
				"north": {"uv": [5, 12, 6, 16], "texture": "#0"},
				"east": {"uv": [3.1, 4.1, 3.9, 6.9], "texture": "#0"},
				"west": {"uv": [3.1, 4.1, 3.9, 6.9], "texture": "#0"},
				"up": {"uv": [3, 10, 4, 11], "texture": "#0"}
			}
		},
		{
			"name": "Cube",
			"from": [9, 0, 0],
			"to": [10, 2, 16],
			"faces": {
				"north": {"uv": [6, 14, 7, 16], "texture": "#0"},
				"up": {"uv": [3, 10, 4, 11], "texture": "#0"}
			}
		},
		{
			"name": "Cube",
			"from": [8, 0, 0],
			"to": [9, 3, 16],
			"faces": {
				"north": {"uv": [7, 13, 8, 16], "texture": "#0"},
				"east": {"uv": [3.1, 4.1, 3.9, 6.9], "texture": "#0"},
				"up": {"uv": [3, 10, 4, 11], "texture": "#0"}
			}
		},
		{
			"name": "Cube",
			"from": [7, 0, 0],
			"to": [8, 4, 16],
			"faces": {
				"north": {"uv": [8, 12, 9, 16], "texture": "#0"},
				"east": {"uv": [3.1, 4.1, 3.9, 6.9], "texture": "#0"},
				"west": {"uv": [3.1, 4.1, 3.9, 6.9], "texture": "#0"},
				"up": {"uv": [3, 10, 4, 11], "texture": "#0"}
			}
		},
		{
			"name": "Cube",
			"from": [6, 0, 0],
			"to": [7, 3, 16],
			"faces": {
				"north": {"uv": [9, 13, 10, 16], "texture": "#0"},
				"up": {"uv": [3, 10, 4, 11], "texture": "#0"}
			}
		},
		{
			"name": "Cube",
			"from": [5, 0, 0],
			"to": [6, 3, 16],
			"faces": {
				"north": {"uv": [10, 13, 11, 16], "texture": "#0"},
				"west": {"uv": [3.1, 4.1, 3.9, 6.9], "texture": "#0"},
				"up": {"uv": [3, 10, 4, 11], "texture": "#0"}
			}
		},
		{
			"name": "Cube",
			"from": [4, 0, 0],
			"to": [5, 2, 16],
			"faces": {
				"north": {"uv": [11, 14, 12, 16], "texture": "#0"},
				"up": {"uv": [3, 10, 4, 11], "texture": "#0"}
			}
		},
		{
			"name": "Cube",
			"from": [3, 0, 0],
			"to": [4, 4, 16],
			"faces": {
				"north": {"uv": [12, 12, 13, 16], "texture": "#0"},
				"east": {"uv": [3.1, 4.1, 3.9, 6.9], "texture": "#0"},
				"west": {"uv": [3.1, 4.1, 3.9, 6.9], "texture": "#0"},
				"up": {"uv": [3, 10, 4, 11], "texture": "#0"}
			}
		},
		{
			"name": "Cube",
			"from": [1, 0, 0],
			"to": [3, 3, 16],
			"faces": {
				"north": {"uv": [13, 13, 15, 16], "texture": "#0"},
				"west": {"uv": [3.1, 4.1, 3.9, 6.9], "texture": "#0"},
				"up": {"uv": [3, 10, 4, 11], "texture": "#0"}
			}
		},
		{
			"name": "Cube",
			"from": [0, 0, 0],
			"to": [1, 16, 16],
			"faces": {
				"north": {"uv": [0, 0, 1, 16], "texture": "#0"},
				"east": {"uv": [3.1, 4.1, 3.9, 6.9], "texture": "#0"},
				"west": {"uv": [0, 0, 16, 16], "texture": "#1"}
			}
		},
		{
			"name": "Cube",
			"from": [0, 0, 0],
			"to": [16, 16, 16],
			"faces": {
				"up": {"uv": [0, 0, 16, 16], "texture": "#2"},
				"down": {"uv": [0, 0, 16, 16], "texture": "#2"}
			}
		},
		{
			"name": "Cube",
			"from": [11, 14, 0],
			"to": [12, 16, 16],
			"faces": {
				"north": {"uv": [4, 0, 5, 2], "texture": "#0"},
				"down": {"uv": [3.1, 4.1, 3.9, 6.9], "texture": "#0"}
			}
		},
		{
			"name": "Cube",
			"from": [10, 14, 0],
			"to": [11, 16, 16],
			"faces": {
				"north": {"uv": [5, 0, 6, 2], "texture": "#0"},
				"down": {"uv": [3.1, 4.1, 3.9, 6.9], "texture": "#0"}
			}
		},
		{
			"name": "Cube",
			"from": [9, 13, 0],
			"to": [10, 16, 16],
			"faces": {
				"north": {"uv": [6, 0, 7, 3], "texture": "#0"},
				"east": {"uv": [3.1, 4.1, 3.9, 6.9], "texture": "#0"},
				"down": {"uv": [3.1, 4.1, 3.9, 6.9], "texture": "#0"}
			}
		},
		{
			"name": "Cube",
			"from": [8, 6, 0],
			"to": [9, 16, 16],
			"faces": {
				"north": {"uv": [7, 0, 8, 10], "texture": "#0"},
				"east": {"uv": [3.1, 4.1, 3.9, 6.9], "texture": "#0"},
				"west": {"uv": [3.1, 4.1, 3.9, 6.9], "texture": "#0"},
				"down": {"uv": [3.1, 4.1, 3.9, 6.9], "texture": "#0"}
			}
		},
		{
			"name": "Cube",
			"from": [7, 7, 0],
			"to": [8, 16, 16],
			"faces": {
				"north": {"uv": [8, 0, 9, 9], "texture": "#0"},
				"west": {"uv": [3.1, 4.1, 3.9, 6.9], "texture": "#0"}
			}
		},
		{
			"name": "Cube",
			"from": [6, 13, 0],
			"to": [7, 16, 16],
			"faces": {
				"north": {"uv": [9, 0, 10, 3], "texture": "#0"},
				"west": {"uv": [3.1, 4.1, 3.9, 6.9], "texture": "#0"},
				"down": {"uv": [3.1, 4.1, 3.9, 6.9], "texture": "#0"}
			}
		},
		{
			"name": "Cube",
			"from": [5, 14, 0],
			"to": [6, 16, 16],
			"faces": {
				"north": {"uv": [10, 0, 11, 2], "texture": "#0"},
				"down": {"uv": [3.1, 4.1, 3.9, 6.9], "texture": "#0"}
			}
		},
		{
			"name": "Cube",
			"from": [4, 13, 0],
			"to": [5, 16, 16],
			"faces": {
				"north": {"uv": [11, 0, 12, 3], "texture": "#0"},
				"east": {"uv": [3.1, 4.1, 3.9, 6.9], "texture": "#0"},
				"down": {"uv": [3.1, 4.1, 3.9, 6.9], "texture": "#0"}
			}
		},
		{
			"name": "Cube",
			"from": [3, 12, 0],
			"to": [4, 16, 16],
			"faces": {
				"north": {"uv": [12, 0, 13, 4], "texture": "#0"},
				"east": {"uv": [3.1, 4.1, 3.9, 6.9], "texture": "#0"},
				"down": {"uv": [3.1, 4.1, 3.9, 6.9], "texture": "#0"}
			}
		},
		{
			"name": "Cube",
			"from": [2, 10, 0],
			"to": [3, 16, 16],
			"faces": {
				"north": {"uv": [13, 0, 14, 6], "texture": "#0"},
				"east": {"uv": [3.1, 4.1, 3.9, 6.9], "texture": "#0"},
				"down": {"uv": [3.1, 4.1, 3.9, 6.9], "texture": "#0"}
			}
		},
		{
			"name": "Cube",
			"from": [1, 5, 0],
			"to": [2, 16, 16],
			"faces": {
				"north": {"uv": [14, 0, 15, 11], "texture": "#0"},
				"east": {"uv": [3.1, 4.1, 3.9, 6.9], "texture": "#0"},
				"west": {"uv": [3.1, 4.1, 3.9, 6.9], "texture": "#0"},
				"down": {"uv": [3.1, 4.1, 3.9, 6.9], "texture": "#0"}
			}
		},
		{
			"name": "Cube",
			"from": [2, 7, 0],
			"to": [13, 8, 16],
			"faces": {
				"north": {"uv": [3, 8, 14, 9], "texture": "#0"},
				"up": {"uv": [3, 6, 4, 7], "texture": "#0"},
				"down": {"uv": [3.1, 4.1, 3.9, 6.9], "texture": "#0"}
			}
		},
		{
			"name": "Cube",
			"from": [3, 6, 0],
			"to": [4, 7, 16],
			"faces": {
				"north": {"uv": [12, 9, 13, 10], "texture": "#0"},
				"east": {"uv": [3.1, 4.1, 3.9, 6.9], "texture": "#0"},
				"west": {"uv": [3.1, 4.1, 3.9, 6.9], "texture": "#0"},
				"down": {"uv": [3.1, 4.1, 3.9, 6.9], "texture": "#0"}
			}
		},
		{
			"name": "Cube",
			"from": [5, 6, 0],
			"to": [7, 7, 16],
			"faces": {
				"north": {"uv": [9, 9, 11, 10], "texture": "#0"},
				"east": {"uv": [3.1, 4.1, 3.9, 6.9], "texture": "#0"},
				"west": {"uv": [3.1, 4.1, 3.9, 6.9], "texture": "#0"},
				"down": {"uv": [3.1, 4.1, 3.9, 6.9], "texture": "#0"}
			}
		},
		{
			"name": "Cube",
			"from": [11, 6, 0],
			"to": [12, 7, 16],
			"faces": {
				"north": {"uv": [4, 9, 5, 10], "texture": "#0"},
				"east": {"uv": [3.1, 4.1, 3.9, 6.9], "texture": "#0"},
				"west": {"uv": [3.1, 4.1, 3.9, 6.9], "texture": "#0"},
				"down": {"uv": [3.1, 4.1, 3.9, 6.9], "texture": "#0"}
			}
		},
		{
			"name": "Cube",
			"from": [9, 6, 0],
			"to": [10, 7, 16],
			"faces": {
				"north": {"uv": [6, 9, 7, 10], "texture": "#0"},
				"east": {"uv": [3.1, 4.1, 3.9, 6.9], "texture": "#0"},
				"down": {"uv": [3.1, 4.1, 3.9, 6.9], "texture": "#0"}
			}
		},
		{
			"name": "Cube",
			"from": [6, 8, 0],
			"to": [10, 9, 16],
			"faces": {
				"north": {"uv": [6, 7, 10, 8], "texture": "#0"},
				"east": {"uv": [3.1, 4.1, 3.9, 6.9], "texture": "#0"},
				"west": {"uv": [3.1, 4.1, 3.9, 6.9], "texture": "#0"},
				"up": {"uv": [3, 6, 4, 7], "texture": "#0"}
			}
		},
		{
			"from": [4.5, 10, 1.5],
			"to": [5.5, 11, 2.5],
			"shade": false,
			"rotation": {"angle": 0, "axis": "y", "origin": [12.5, 18, 9.5]},
			"faces": {
				"north": {"uv": [0, 0, 1, 1], "texture": "#4"},
				"east": {"uv": [0, 0, 1, 1], "texture": "#4"},
				"south": {"uv": [0, 0, 1, 1], "texture": "#4"},
				"west": {"uv": [0, 0, 1, 1], "texture": "#4"},
				"up": {"uv": [0, 0, 1, 1], "texture": "#4"},
				"down": {"uv": [0, 0, 1, 1], "texture": "#4"}
			}
		},
		{
			"from": [10.5, 10, 1.5],
			"to": [11.5, 11, 2.5],
			"shade": false,
			"rotation": {"angle": 0, "axis": "y", "origin": [18.5, 18, 9.5]},
			"faces": {
				"north": {"uv": [0, 0, 1, 1], "texture": "#4"},
				"east": {"uv": [0, 0, 1, 1], "texture": "#4"},
				"south": {"uv": [0, 0, 1, 1], "texture": "#4"},
				"west": {"uv": [0, 0, 1, 1], "texture": "#4"},
				"up": {"uv": [0, 0, 1, 1], "texture": "#4"},
				"down": {"uv": [0, 0, 1, 1], "texture": "#4"}
			}
		}
	],
	"display": {
		"head": {
			"scale": [1.21, 1.21, 1.21]
		}
	}
}