{
	"credit": "Made with Blockbench by dragonmaster95",
	"parent": "costumes/head_template",
	"texture_size": [64, 64],
	"textures": {
		"0": "entity/horse/horse_chestnut"
	},
	"elements": [
		{
			"name": "Body",
			"from": [1.33333, -4.12687, 1.33335],
			"to": [14.66667, 25.20647, 14.66668],
			"rotation": {"angle": 0, "axis": "y", "origin": [8, 0.02189, 5.18457]},
			"faces": {
				"north": {"uv": [10.5, 8, 8, 13.5], "rotation": 180, "texture": "#0"},
				"east": {"uv": [0, 13.5, 5.5, 16], "rotation": 270, "texture": "#0"},
				"south": {"uv": [8, 13.5, 5.5, 8], "texture": "#0"},
				"west": {"uv": [8, 13.5, 13.5, 16], "rotation": 90, "texture": "#0"},
				"down": {"uv": [13.5, 13.5, 16, 16], "texture": "#0"}
			}
		},
		{
			"name": "Body",
			"from": [1.33333, -4.12686, 13.33335],
			"to": [14.66667, 25.20647, 14.66668],
			"rotation": {"angle": 0, "axis": "y", "origin": [8, 0.62193, 4.85127]},
			"faces": {
				"north": {"uv": [5.5, 13.5, 8, 8], "texture": "#0"},
				"up": {"uv": [8, 13.49992, 5.5, 13.74992], "texture": "#0"}
			}
		},
		{
			"name": "Body",
			"from": [1.33333, -4.1269, 1.33335],
			"to": [2.66666, 25.20647, 14.66668],
			"rotation": {"angle": 0, "axis": "y", "origin": [8, 0.62189, 5.18457]},
			"faces": {
				"east": {"uv": [8, 16, 13.5, 13.5], "rotation": 90, "texture": "#0"},
				"up": {"uv": [8, 16, 7.75, 13.5], "texture": "#0"}
			}
		},
		{
			"name": "Body",
			"from": [1.33333, -4.12686, 1.33335],
			"to": [14.66667, 25.20647, 2.66668],
			"rotation": {"angle": 0, "axis": "y", "origin": [8, 0.62193, -7.14873]},
			"faces": {
				"south": {"uv": [8, 13.5, 10.5, 8], "texture": "#0"},
				"up": {"uv": [8, 16, 5.5, 15.75], "texture": "#0"}
			}
		},
		{
			"name": "Body",
			"from": [1.33333, 5.3333, 1.33335],
			"to": [14.66667, 5.3333, 14.66665],
			"rotation": {"angle": 0, "axis": "y", "origin": [8, 0.62193, -7.14873]},
			"faces": {
				"up": {"uv": [13.5, 16, 16, 13.5], "texture": "#0"}
			}
		},
		{
			"name": "Body",
			"from": [13.33337, -4.1269, 1.33335],
			"to": [14.66667, 25.20647, 14.66668],
			"rotation": {"angle": 0, "axis": "y", "origin": [20.00004, 0.62189, 5.18457]},
			"faces": {
				"west": {"uv": [0, 16, 5.5, 13.5], "rotation": 270, "texture": "#0"},
				"up": {"uv": [5.74992, 16, 5.49992, 13.5], "texture": "#0"}
			}
		},
		{
			"name": "TailA",
			"from": [6, -8.27035, -9.17096],
			"to": [10, -2.93701, 9.49571],
			"rotation": {"angle": -22.5, "axis": "x", "origin": [8, 0.02189, 5.18457]},
			"faces": {
				"north": {"uv": [13, 9, 12.25, 10], "rotation": 180, "texture": "#0"},
				"east": {"uv": [10.5, 10, 11.5, 13.5], "rotation": 270, "texture": "#0"},
				"south": {"uv": [12.25, 10, 11.5, 9], "texture": "#0"},
				"west": {"uv": [12.25, 10, 13.25, 13.5], "rotation": 90, "texture": "#0"},
				"up": {"uv": [12.25, 10, 11.5, 13.5], "rotation": 180, "texture": "#0"},
				"down": {"uv": [14, 10, 13.25, 13.5], "texture": "#0"}
			}
		},
		{
			"name": "TailA",
			"from": [10, -8.27035, -9.17096],
			"to": [6, -2.93701, 9.49571],
			"rotation": {"angle": -22.5, "axis": "x", "origin": [12, 0.02189, 5.18457]},
			"faces": {
				"north": {"uv": [13, 9, 12.25, 10], "rotation": 180, "texture": "#0"},
				"east": {"uv": [10.5, 10, 11.5, 13.5], "rotation": 270, "texture": "#0"},
				"south": {"uv": [12.25, 10, 11.5, 9], "texture": "#0"},
				"west": {"uv": [12.25, 10, 13.25, 13.5], "rotation": 90, "texture": "#0"},
				"up": {"uv": [11.5, 10, 12.25, 13.5], "rotation": 180, "texture": "#0"},
				"down": {"uv": [13.25, 10, 14, 13.5], "texture": "#0"}
			}
		}
	],
	"display": {},
	"groups": [
		{
			"name": "Body",
			"origin": [0, 13, 9],
			"children": [0, 1, 2, 3, 4, 5]
		},
		{
			"name": "TailA",
			"origin": [0, 20, 11],
			"children": [6, 7]
		}
	]
}