{
	"credit": "Made with Blockbench by dragonmaster95",
	"parent": "costumes/head_template",
	"textures": {
		"0": "entity/illager/illusioner"
	},
	"elements": [
		{
			"name": "Cube",
			"from": [4, 0, 4],
			"to": [12, 10, 12],
			"faces": {
				"north": {"uv": [2, 2, 4, 4.5], "texture": "#0"},
				"east": {"uv": [0, 2, 2, 4.5], "texture": "#0"},
				"south": {"uv": [6, 2, 8, 4.5], "texture": "#0"},
				"west": {"uv": [4, 2, 6, 4.5], "texture": "#0"},
				"up": {"uv": [2, 0, 4, 2], "rotation": 180, "texture": "#0"},
				"down": {"uv": [4, 0, 6, 2], "texture": "#0"}
			}
		},
		{
			"name": "Cube",
			"from": [3.75, -0.25, 3.75],
			"to": [12.25, 10.25, 12.25],
			"faces": {
				"north": {"uv": [10, 2, 12, 4.5], "texture": "#0"},
				"east": {"uv": [8, 2, 10, 4.5], "texture": "#0"},
				"south": {"uv": [14, 2, 16, 4.5], "texture": "#0"},
				"west": {"uv": [12, 2, 14, 4.5], "texture": "#0"},
				"up": {"uv": [10, 0, 12, 2], "rotation": 180, "texture": "#0"},
				"down": {"uv": [12, 0, 14, 2], "texture": "#0"}
			}
		},
		{
			"name": "Cube",
			"from": [12.25, 10.25, 12.25],
			"to": [3.75, -0.25, 3.75],
			"rotation": {"angle": 0, "axis": "y", "origin": [16.5, 12.5, 16.5]},
			"faces": {
				"north": {"uv": [14, 4.5, 16, 2], "texture": "#0"},
				"east": {"uv": [12, 4.5, 14, 2], "texture": "#0"},
				"south": {"uv": [10, 4.5, 12, 2], "texture": "#0"},
				"west": {"uv": [8, 4.5, 10, 2], "texture": "#0"},
				"up": {"uv": [14, 0, 12, 2], "texture": "#0"},
				"down": {"uv": [12, 0, 10, 2], "rotation": 180, "texture": "#0"}
			}
		},
		{
			"name": "Cube",
			"from": [7, -1, 2],
			"to": [9, 3, 4],
			"faces": {
				"north": {"uv": [6.5, 0.5, 7, 1.5], "texture": "#0"},
				"east": {"uv": [6, 0.5, 6.5, 1.5], "texture": "#0"},
				"south": {"uv": [7.5, 0.5, 8, 1.5], "texture": "#0"},
				"west": {"uv": [7, 0.5, 7.5, 1.5], "texture": "#0"},
				"up": {"uv": [6.5, 0, 7, 0.5], "texture": "#0"},
				"down": {"uv": [7, 0, 7.5, 0.5], "texture": "#0"}
			}
		}
	]
}