{
	"credit": "Made with Blockbench by dragonmaster95",
	"parent": "costumes/head_template",
	"texture_size": [32, 32],
	"textures": {
		"0": "entity/fish/pufferfish"
	},
	"elements": [
		{
			"name": "body",
			"from": [4, 0, 4],
			"to": [12, 8, 12],
			"rotation": {"angle": 0, "axis": "y", "origin": [29.6, -1.6, 8]},
			"faces": {
				"north": {"uv": [8.5, 13.5, 11, 16], "texture": "#0"},
				"east": {"uv": [6, 13.5, 8.5, 16], "texture": "#0"},
				"south": {"uv": [13.5, 13.5, 16, 16], "texture": "#0"},
				"west": {"uv": [11, 13.5, 13.5, 16], "texture": "#0"},
				"up": {"uv": [11, 13.5, 8.5, 11], "texture": "#0"},
				"down": {"uv": [13.5, 11, 11, 13.5], "texture": "#0"}
			}
		},
		{
			"name": "leftFin",
			"from": [0.8, 6.4, 5.6],
			"to": [4, 6.4, 8.8],
			"rotation": {"angle": 0, "axis": "y", "origin": [26.4, -1.6, 8]},
			"faces": {
				"north": {"uv": [13, 2.5, 14, 3], "texture": "#0"},
				"east": {"uv": [12, 2.5, 13, 3], "texture": "#0"},
				"south": {"uv": [15, 2.5, 16, 3], "texture": "#0"},
				"west": {"uv": [14, 2.5, 15, 3], "texture": "#0"},
				"up": {"uv": [14, 2.5, 13, 1.5], "texture": "#0"},
				"down": {"uv": [14, 1.5, 13, 2.5], "texture": "#0"}
			}
		},
		{
			"name": "rightFin",
			"from": [12, 6.4, 5.6],
			"to": [15.2, 6.4, 8.8],
			"rotation": {"angle": 0, "axis": "y", "origin": [33.6, -1.6, 8]},
			"faces": {
				"north": {"uv": [13, 1, 14, 1.5], "texture": "#0"},
				"east": {"uv": [12, 1, 13, 1.5], "texture": "#0"},
				"south": {"uv": [15, 1, 16, 1.5], "texture": "#0"},
				"west": {"uv": [14, 1, 15, 1.5], "texture": "#0"},
				"up": {"uv": [14, 1, 13, 0], "texture": "#0"},
				"down": {"uv": [13, 1.5, 14, 2.5], "texture": "#0"}
			}
		},
		{
			"name": "spines_top_front",
			"from": [4, 8, 4],
			"to": [12, 9.6, 4],
			"rotation": {"angle": 0, "axis": "x", "origin": [8, 8, 4]},
			"faces": {
				"north": {"uv": [9.5, 8.5, 12, 9], "texture": "#0"},
				"east": {"uv": [9.5, 8.5, 9.5, 9], "texture": "#0"},
				"south": {"uv": [12, 8.5, 9.5, 9], "texture": "#0"},
				"west": {"uv": [12, 8.5, 12, 9], "texture": "#0"},
				"up": {"uv": [12, 8.5, 9.5, 8.5], "texture": "#0"},
				"down": {"uv": [14.5, 8.5, 12, 8.5], "texture": "#0"}
			}
		},
		{
			"name": "spines_top_back",
			"from": [4, 8, 12],
			"to": [12, 9.6, 12],
			"rotation": {"angle": 0, "axis": "x", "origin": [8, 8, 12]},
			"faces": {
				"north": {"uv": [10.5, 8.5, 8, 9], "texture": "#0"},
				"east": {"uv": [5.5, 8.5, 5.5, 9], "texture": "#0"},
				"south": {"uv": [8, 8.5, 10.5, 9], "texture": "#0"},
				"west": {"uv": [8, 8.5, 8, 9], "texture": "#0"},
				"up": {"uv": [8, 8.5, 5.5, 8.5], "texture": "#0"},
				"down": {"uv": [10.5, 8.5, 8, 8.5], "texture": "#0"}
			}
		},
		{
			"name": "spines_bottom_front",
			"from": [4, -1.6, 4],
			"to": [12, 0, 4],
			"rotation": {"angle": 0, "axis": "x", "origin": [8, 0, 4]},
			"faces": {
				"north": {"uv": [9, 10, 11.5, 10.5], "texture": "#0"},
				"east": {"uv": [9, 10, 9, 10.5], "texture": "#0"},
				"south": {"uv": [11.5, 10, 9, 10.5], "texture": "#0"},
				"west": {"uv": [11.5, 10, 11.5, 10.5], "texture": "#0"},
				"up": {"uv": [11.5, 10, 9, 10], "texture": "#0"},
				"down": {"uv": [14, 10, 11.5, 10], "texture": "#0"}
			}
		},
		{
			"name": "spines_bottom_back",
			"from": [4, -1.6, 12],
			"to": [12, 0, 12],
			"rotation": {"angle": 0, "axis": "x", "origin": [8, 0, 12]},
			"faces": {
				"north": {"uv": [9, 10, 11.5, 10.5], "texture": "#0"},
				"east": {"uv": [9, 10, 9, 10.5], "texture": "#0"},
				"south": {"uv": [11.5, 10, 9, 10.5], "texture": "#0"},
				"west": {"uv": [11.5, 10, 11.5, 10.5], "texture": "#0"},
				"up": {"uv": [11.5, 10, 9, 10], "texture": "#0"},
				"down": {"uv": [14, 10, 11.5, 10], "texture": "#0"}
			}
		},
		{
			"name": "spines_left_front",
			"from": [2.4, 0, 4],
			"to": [4, 8, 4],
			"rotation": {"angle": -45, "axis": "y", "origin": [4, 4, 4]},
			"faces": {
				"north": {"uv": [0.5, 8.5, 1, 11], "texture": "#0"},
				"east": {"uv": [0.5, 8.5, 0.5, 11], "texture": "#0"},
				"south": {"uv": [0.5, 8.5, 1, 11], "texture": "#0"},
				"west": {"uv": [1, 8.5, 1, 11], "texture": "#0"},
				"up": {"uv": [1, 8.5, 0.5, 8.5], "texture": "#0"},
				"down": {"uv": [1.5, 8.5, 1, 8.5], "texture": "#0"}
			}
		},
		{
			"name": "spines_left_back",
			"from": [2.4, 0, 12],
			"to": [4, 8, 12],
			"rotation": {"angle": 45, "axis": "y", "origin": [4, 4, 12]},
			"faces": {
				"north": {"uv": [0.5, 8.5, 1, 11], "texture": "#0"},
				"east": {"uv": [0.5, 8.5, 0.5, 11], "texture": "#0"},
				"south": {"uv": [0.5, 8.5, 1, 11], "texture": "#0"},
				"west": {"uv": [1, 8.5, 1, 11], "texture": "#0"},
				"up": {"uv": [1, 8.5, 0.5, 8.5], "texture": "#0"},
				"down": {"uv": [1.5, 8.5, 1, 8.5], "texture": "#0"}
			}
		},
		{
			"name": "spines_right_front",
			"from": [12, 0, 4],
			"to": [13.6, 8, 4],
			"rotation": {"angle": 45, "axis": "y", "origin": [12, 4, 4]},
			"faces": {
				"north": {"uv": [2.5, 8.5, 3, 11], "texture": "#0"},
				"east": {"uv": [2.5, 8.5, 2.5, 11], "texture": "#0"},
				"south": {"uv": [2.5, 8.5, 3, 11], "texture": "#0"},
				"west": {"uv": [3, 8.5, 3, 11], "texture": "#0"},
				"up": {"uv": [3, 8.5, 2.5, 8.5], "texture": "#0"},
				"down": {"uv": [3.5, 8.5, 3, 8.5], "texture": "#0"}
			}
		},
		{
			"name": "spines_right_back",
			"from": [12, 0, 12],
			"to": [13.6, 8, 12],
			"rotation": {"angle": -45, "axis": "y", "origin": [12, 4, 12]},
			"faces": {
				"north": {"uv": [4.5, 8.5, 5, 11], "texture": "#0"},
				"south": {"uv": [4.5, 8.5, 5, 11], "texture": "#0"},
				"up": {"uv": [5, 8.5, 4.5, 8.5], "texture": "#0"},
				"down": {"uv": [5.5, 8.5, 5, 8.5], "texture": "#0"}
			}
		}
	],
	"groups": [
		{
			"name": "body_mid",
			"origin": [-16, 0, 0],
			"children": [0, 1, 2, 3, 4, 5, 6, 7, 8, 9, 10]
		}
	]
}