{
	"credit": "Made with Blockbench by dragonmaster95",
	"parent": "costumes/head_template",
	"texture_size": [32, 32],
	"textures": {
		"0": "entity/fish/pufferfish"
	},
	"elements": [
		{
			"name": "body",
			"from": [1.6, -3.6, 1.6],
			"to": [14.4, 9.2, 14.4],
			"rotation": {"angle": 0, "axis": "y", "origin": [8, -3.6, 8]},
			"faces": {
				"north": {"uv": [4, 4, 8, 8], "texture": "#0"},
				"east": {"uv": [0, 4, 4, 8], "texture": "#0"},
				"south": {"uv": [12, 4, 16, 8], "texture": "#0"},
				"west": {"uv": [8, 4, 12, 8], "texture": "#0"},
				"up": {"uv": [8, 4, 4, 0], "texture": "#0"},
				"down": {"uv": [12, 0, 8, 4], "texture": "#0"}
			}
		},
		{
			"name": "leftFin",
			"from": [-1.6, 7.6, 3.21536],
			"to": [1.6, 7.6, 6.41536],
			"rotation": {"angle": 0, "axis": "y", "origin": [8, -3.6, 8]},
			"faces": {
				"north": {"uv": [13, 2.5, 14, 3], "texture": "#0"},
				"east": {"uv": [12, 2.5, 13, 3], "texture": "#0"},
				"south": {"uv": [15, 2.5, 16, 3], "texture": "#0"},
				"west": {"uv": [14, 2.5, 15, 3], "texture": "#0"},
				"up": {"uv": [14, 2.5, 13, 1.5], "texture": "#0"},
				"down": {"uv": [14, 1.5, 13, 2.5], "texture": "#0"}
			}
		},
		{
			"name": "rightFin",
			"from": [14.39488, 7.6, 3.2128],
			"to": [17.59488, 7.6, 6.4128],
			"rotation": {"angle": 0, "axis": "y", "origin": [8, -3.6, 8]},
			"faces": {
				"north": {"uv": [13, 1, 14, 1.5], "texture": "#0"},
				"east": {"uv": [12, 1, 13, 1.5], "texture": "#0"},
				"south": {"uv": [15, 1, 16, 1.5], "texture": "#0"},
				"west": {"uv": [14, 1, 15, 1.5], "texture": "#0"},
				"up": {"uv": [14, 1, 13, 0], "texture": "#0"},
				"down": {"uv": [14, 0, 13, 1], "texture": "#0"}
			}
		},
		{
			"name": "spines_top_front",
			"from": [1.6, 9.2, 1.6],
			"to": [14.4, 10.8, 1.6],
			"rotation": {"angle": -45, "axis": "x", "origin": [8, 9.2, 1.6]},
			"faces": {
				"north": {"uv": [7.5, 8.5, 11.5, 9], "texture": "#0"},
				"east": {"uv": [7, 8.5, 7.5, 9], "texture": "#0"},
				"south": {"uv": [11.5, 8.5, 7.5, 9], "texture": "#0"},
				"west": {"uv": [11.5, 8.5, 12, 9], "texture": "#0"},
				"up": {"uv": [11.5, 8.5, 7.5, 8], "texture": "#0"},
				"down": {"uv": [15.5, 8, 11.5, 8.5], "texture": "#0"}
			}
		},
		{
			"name": "spines_top_mid",
			"from": [1.6, 9.2, 8],
			"to": [14.4, 10.8, 8],
			"rotation": {"angle": 0, "axis": "y", "origin": [8, -3.6, 8]},
			"faces": {
				"north": {"uv": [7.5, 8.5, 11.5, 9], "texture": "#0"},
				"east": {"uv": [7, 8.5, 7.5, 9], "texture": "#0"},
				"south": {"uv": [11.5, 8.5, 7.5, 9], "texture": "#0"},
				"west": {"uv": [11.5, 8.5, 12, 9], "texture": "#0"},
				"up": {"uv": [11.5, 8.5, 7.5, 8], "texture": "#0"},
				"down": {"uv": [15.5, 8, 11.5, 8.5], "texture": "#0"}
			}
		},
		{
			"name": "spines_top_back",
			"from": [1.6, 9.2, 14.4],
			"to": [14.4, 10.8, 14.4],
			"rotation": {"angle": 45, "axis": "x", "origin": [8, 9.2, 14.4]},
			"faces": {
				"north": {"uv": [7.5, 8.5, 11.5, 9], "texture": "#0"},
				"east": {"uv": [7, 8.5, 7.5, 9], "texture": "#0"},
				"south": {"uv": [11.5, 8.5, 7.5, 9], "texture": "#0"},
				"west": {"uv": [11.5, 8.5, 12, 9], "texture": "#0"},
				"up": {"uv": [11.5, 8.5, 7.5, 8], "texture": "#0"},
				"down": {"uv": [15.5, 8, 11.5, 8.5], "texture": "#0"}
			}
		},
		{
			"name": "spines_bottom_front",
			"from": [1.6, -5.2, 1.6],
			"to": [14.4, -3.6, 1.6],
			"rotation": {"angle": 45, "axis": "x", "origin": [8, -3.6, 1.6]},
			"faces": {
				"north": {"uv": [7.5, 10, 11.5, 10.5], "texture": "#0"},
				"east": {"uv": [7, 10, 7.5, 10.5], "texture": "#0"},
				"south": {"uv": [11.5, 10, 7.5, 10.5], "texture": "#0"},
				"west": {"uv": [11.5, 10, 12, 10.5], "texture": "#0"},
				"up": {"uv": [11.5, 10, 7.5, 9.5], "texture": "#0"},
				"down": {"uv": [15.5, 9.5, 11.5, 10], "texture": "#0"}
			}
		},
		{
			"name": "spines_bottom_mid",
			"from": [1.6, -5.2, 8],
			"to": [14.4, -3.6, 8],
			"rotation": {"angle": 0, "axis": "y", "origin": [8, -3.6, 8]},
			"faces": {
				"north": {"uv": [7.5, 10, 11.5, 10.5], "texture": "#0"},
				"east": {"uv": [7, 10, 7.5, 10.5], "texture": "#0"},
				"south": {"uv": [11.5, 10, 7.5, 10.5], "texture": "#0"},
				"west": {"uv": [11.5, 10, 12, 10.5], "texture": "#0"},
				"up": {"uv": [11.5, 10, 7.5, 9.5], "texture": "#0"},
				"down": {"uv": [15.5, 9.5, 11.5, 10], "texture": "#0"}
			}
		},
		{
			"name": "spines_bottom_back",
			"from": [1.6, -5.2, 14.4],
			"to": [14.4, -3.6, 14.4],
			"rotation": {"angle": -45, "axis": "x", "origin": [8, -3.6, 14.4]},
			"faces": {
				"north": {"uv": [7.5, 10, 11.5, 10.5], "texture": "#0"},
				"east": {"uv": [7, 10, 7.5, 10.5], "texture": "#0"},
				"south": {"uv": [11.5, 10, 7.5, 10.5], "texture": "#0"},
				"west": {"uv": [11.5, 10, 12, 10.5], "texture": "#0"},
				"up": {"uv": [11.5, 10, 7.5, 9.5], "texture": "#0"},
				"down": {"uv": [15.5, 9.5, 11.5, 10], "texture": "#0"}
			}
		},
		{
			"name": "spines_left_front",
			"from": [0, -3.6, 1.6],
			"to": [1.6, 9.2, 1.6],
			"rotation": {"angle": -45, "axis": "y", "origin": [1.6, 2.8, 1.6]},
			"faces": {
				"north": {"uv": [0.5, 8.5, 1, 12.5], "texture": "#0"},
				"east": {"uv": [0, 8.5, 0.5, 12.5], "texture": "#0"},
				"south": {"uv": [0.5, 8.5, 1, 12.5], "texture": "#0"},
				"west": {"uv": [1, 8.5, 1.5, 12.5], "texture": "#0"},
				"up": {"uv": [1, 8.5, 0.5, 8], "texture": "#0"},
				"down": {"uv": [1.5, 8, 1, 8.5], "texture": "#0"}
			}
		},
		{
			"name": "spines_left_mid",
			"from": [0, -3.6, 8],
			"to": [1.6, 9.2, 8],
			"shade": false,
			"rotation": {"angle": 0, "axis": "y", "origin": [8, -3.6, 8]},
			"faces": {
				"north": {"uv": [3, 8.5, 2.5, 12.5], "texture": "#0"},
				"east": {"uv": [3.5, 8.5, 3, 12.5], "texture": "#0"},
				"south": {"uv": [3, 8.5, 2.5, 12.5], "texture": "#0"},
				"west": {"uv": [2.5, 8.5, 2, 12.5], "texture": "#0"},
				"up": {"uv": [2.5, 8.5, 3, 8], "texture": "#0"},
				"down": {"uv": [3, 8, 3.5, 8.5], "texture": "#0"}
			}
		},
		{
			"name": "spines_left_back",
			"from": [0, -3.6, 14.4],
			"to": [1.6, 9.2, 14.4],
			"shade": false,
			"rotation": {"angle": 45, "axis": "y", "origin": [1.6, 2.8, 14.4]},
			"faces": {
				"north": {"uv": [5, 8.5, 4.5, 12.5], "texture": "#0"},
				"east": {"uv": [5.5, 8.5, 5, 12.5], "texture": "#0"},
				"south": {"uv": [5, 8.5, 4.5, 12.5], "texture": "#0"},
				"west": {"uv": [4.5, 8.5, 4, 12.5], "texture": "#0"},
				"up": {"uv": [4.5, 8.5, 5, 8], "texture": "#0"},
				"down": {"uv": [5, 8, 5.5, 8.5], "texture": "#0"}
			}
		},
		{
			"name": "spines_right_front",
			"from": [14.4, -3.6, 1.6],
			"to": [16, 9.2, 1.6],
			"rotation": {"angle": 45, "axis": "y", "origin": [14.4, 2.8, 1.6]},
			"faces": {
				"north": {"uv": [2.5, 8.5, 3, 12.5], "texture": "#0"},
				"east": {"uv": [2, 8.5, 2.5, 12.5], "texture": "#0"},
				"south": {"uv": [2.5, 8.5, 3, 12.5], "texture": "#0"},
				"west": {"uv": [3, 8.5, 3.5, 12.5], "texture": "#0"},
				"up": {"uv": [3, 8.5, 2.5, 8], "texture": "#0"},
				"down": {"uv": [3.5, 8, 3, 8.5], "texture": "#0"}
			}
		},
		{
			"name": "spines_right_mid",
			"from": [14.4, -3.6, 8],
			"to": [16, 9.2, 8],
			"rotation": {"angle": 0, "axis": "y", "origin": [8, -3.6, 8]},
			"faces": {
				"north": {"uv": [4.5, 8.5, 5, 12.5], "texture": "#0"},
				"east": {"uv": [4, 8.5, 4.5, 12.5], "texture": "#0"},
				"south": {"uv": [4.5, 8.5, 5, 12.5], "texture": "#0"},
				"west": {"uv": [5, 8.5, 5.5, 12.5], "texture": "#0"},
				"up": {"uv": [5, 8.5, 4.5, 8], "texture": "#0"},
				"down": {"uv": [5.5, 8, 5, 8.5], "texture": "#0"}
			}
		},
		{
			"name": "spines_right_back",
			"from": [14.4, -3.6, 14.4],
			"to": [16, 9.2, 14.4],
			"rotation": {"angle": -45, "axis": "y", "origin": [14.4, 2.8, 14.4]},
			"faces": {
				"north": {"uv": [4.5, 8.5, 5, 12.5], "texture": "#0"},
				"east": {"uv": [4, 8.5, 4.5, 12.5], "texture": "#0"},
				"south": {"uv": [4.5, 8.5, 5, 12.5], "texture": "#0"},
				"west": {"uv": [5, 8.5, 5.5, 12.5], "texture": "#0"},
				"up": {"uv": [5, 8.5, 4.5, 8], "texture": "#0"},
				"down": {"uv": [5.5, 8, 5, 8.5], "texture": "#0"}
			}
		}
	],
	"display": {},
	"groups": [
		{
			"name": "body_large",
			"origin": [0, 0, 0],
			"children": [0, 1, 2, 3, 4, 5, 6, 7, 8, 9, 10, 11, 12, 13, 14]
		}
	]
}