{
	"credit": "Made with Blockbench by dragonmaster95",
	"parent": "costumes/head_template",
	"texture_size": [64, 64],
	"textures": {
		"0": "entity/shulker/shulker"
	},
	"elements": [
		{
			"name": "base inverted",
			"from": [12, 2.5, 12],
			"to": [4, -1.5, 4],
			"rotation": {"angle": 0, "axis": "y", "origin": [8, -1.5, 8]},
			"faces": {
				"north": {"uv": [12, 13, 16, 11], "texture": "#0"},
				"east": {"uv": [8, 13, 12, 11], "texture": "#0"},
				"south": {"uv": [4, 13, 8, 11], "texture": "#0"},
				"west": {"uv": [0, 13, 4, 11], "texture": "#0"},
				"up": {"uv": [8, 7, 12, 11], "texture": "#0"},
				"down": {"uv": [4, 11, 8, 7], "texture": "#0"}
			}
		},
		{
			"name": "head",
			"from": [6.5, 1.5, 6.5],
			"to": [9.5, 4.5, 9.5],
			"rotation": {"angle": 0, "axis": "y", "origin": [8, -1.5, 8]},
			"faces": {
				"north": {"uv": [1.5, 14.5, 3, 16], "texture": "#0"},
				"east": {"uv": [0, 14.5, 1.5, 16], "texture": "#0"},
				"south": {"uv": [4.5, 14.5, 6, 16], "texture": "#0"},
				"west": {"uv": [3, 14.5, 4.5, 16], "texture": "#0"},
				"up": {"uv": [3, 14.5, 1.5, 13], "texture": "#0"},
				"down": {"uv": [4.5, 13, 3, 14.5], "texture": "#0"}
			}
		},
		{
			"name": "lid inverted",
			"from": [12, 11, 12],
			"to": [4, 5, 4],
			"rotation": {"angle": 0, "axis": "y", "origin": [8, -1.5, 8]},
			"faces": {
				"north": {"uv": [12, 7, 16, 4], "texture": "#0"},
				"east": {"uv": [8, 7, 12, 4], "texture": "#0"},
				"south": {"uv": [4, 7, 8, 4], "texture": "#0"},
				"west": {"uv": [0, 7, 4, 4], "texture": "#0"},
				"up": {"uv": [8, 0, 12, 4], "texture": "#0"},
				"down": {"uv": [4, 4, 8, 0], "texture": "#0"}
			}
		},
		{
			"name": "lid",
			"from": [4, 5, 4],
			"to": [12, 11, 12],
			"rotation": {"angle": 0, "axis": "y", "origin": [8, -1.5, 8]},
			"faces": {
				"north": {"uv": [4, 4, 8, 7], "texture": "#0"},
				"east": {"uv": [0, 4, 4, 7], "texture": "#0"},
				"south": {"uv": [12, 4, 16, 7], "texture": "#0"},
				"west": {"uv": [8, 4, 12, 7], "texture": "#0"},
				"up": {"uv": [8, 4, 4, 0], "texture": "#0"},
				"down": {"uv": [12, 0, 8, 4], "texture": "#0"}
			}
		},
		{
			"name": "base",
			"from": [4, -1.5, 4],
			"to": [12, 2.5, 12],
			"rotation": {"angle": 0, "axis": "y", "origin": [8, -1.5, 8]},
			"faces": {
				"north": {"uv": [4, 11, 8, 13], "texture": "#0"},
				"east": {"uv": [0, 11, 4, 13], "texture": "#0"},
				"south": {"uv": [12, 11, 16, 13], "texture": "#0"},
				"west": {"uv": [8, 11, 12, 13], "texture": "#0"},
				"up": {"uv": [8, 11, 4, 7], "texture": "#0"},
				"down": {"uv": [12, 7, 8, 11], "texture": "#0"}
			}
		}
	]
}