{
	"credit": "Made with Blockbench by dragonmaster95",
	"parent": "costumes/head_template",
	"texture_size": [64, 32],
	"textures": {
		"0": "entity/spider/spider",
		"1": "entity/spider_eyes",
		"particle": "entity/spider_eyes"
	},
	"elements": [
		{
			"name": "head",
			"from": [4, 4, -11],
			"to": [12, 12, -3],
			"rotation": {"angle": 45, "axis": "z", "origin": [8, 8, -11]},
			"faces": {
				"north": {"uv": [12, 6, 10, 2], "rotation": 180, "texture": "#0"},
				"east": {"uv": [8, 6, 10, 10], "rotation": 90, "texture": "#0"},
				"south": {"uv": [14, 2, 12, 6], "texture": "#0"},
				"west": {"uv": [12, 6, 14, 10], "rotation": 270, "texture": "#0"},
				"up": {"uv": [14, 6, 16, 10], "texture": "#0"},
				"down": {"uv": [10, 6, 12, 10], "rotation": 180, "texture": "#0"}
			}
		},
		{
			"name": "head",
			"from": [4, 4, -11],
			"to": [12, 12, -3],
			"rotation": {"angle": 45, "axis": "z", "origin": [8, 8, -11]},
			"faces": {
				"east": {"uv": [8, 6, 10, 10], "rotation": 90, "texture": "#1"},
				"west": {"uv": [12, 6, 14, 10], "rotation": 270, "texture": "#1"},
				"down": {"uv": [10, 6, 12, 10], "rotation": 180, "texture": "#1"}
			}
		},
		{
			"name": "leg2",
			"from": [6.5803, 9.1, 0.60999],
			"to": [8.5803, 11.1, 16.60999],
			"rotation": {"angle": 22.5, "axis": "y", "origin": [5.5, 8, -1]},
			"faces": {
				"north": {"uv": [9, 1, 9.5, 2], "texture": "#0"},
				"east": {"uv": [5, 1, 9, 2], "texture": "#0"},
				"south": {"uv": [4.5, 1, 5, 2], "texture": "#0"},
				"west": {"uv": [9.5, 1, 13.5, 2], "texture": "#0"},
				"up": {"uv": [9, 1, 5, 0], "rotation": 90, "texture": "#0"},
				"down": {"uv": [13, 0, 9, 1], "rotation": 270, "texture": "#0"}
			}
		},
		{
			"name": "leg4",
			"from": [7.97487, 9, -4.26777],
			"to": [23.97487, 11, -2.26777],
			"rotation": {"angle": -45, "axis": "y", "origin": [5.5, 8, -1]},
			"faces": {
				"north": {"uv": [5, 1, 9, 2], "texture": "#0"},
				"east": {"uv": [4.5, 1, 5, 2], "texture": "#0"},
				"south": {"uv": [9.5, 1, 13.5, 2], "texture": "#0"},
				"west": {"uv": [9, 1, 9.5, 2], "texture": "#0"},
				"up": {"uv": [9, 1, 5, 0], "texture": "#0"},
				"down": {"uv": [13, 0, 9, 1], "texture": "#0"}
			}
		},
		{
			"name": "leg3",
			"from": [5.1, 7.4197, 0.60999],
			"to": [7.1, 9.4197, 16.60999],
			"rotation": {"angle": 22.5, "axis": "x", "origin": [4, 10.5, -1]},
			"faces": {
				"north": {"uv": [9, 1, 9.5, 2], "rotation": 270, "texture": "#0"},
				"east": {"uv": [9, 1, 5, 0], "rotation": 180, "texture": "#0"},
				"south": {"uv": [4.5, 1, 5, 2], "rotation": 90, "texture": "#0"},
				"west": {"uv": [13, 0, 9, 1], "texture": "#0"},
				"up": {"uv": [9.5, 1, 13.5, 2], "rotation": 90, "texture": "#0"},
				"down": {"uv": [5, 1, 9, 2], "rotation": 90, "texture": "#0"}
			}
		},
		{
			"name": "leg5",
			"from": [5, -7.97487, -4.26777],
			"to": [7, 8.02513, -2.26777],
			"rotation": {"angle": -45, "axis": "x", "origin": [4, 10.5, -1]},
			"faces": {
				"north": {"uv": [5, 1, 9, 2], "rotation": 270, "texture": "#0"},
				"east": {"uv": [9, 1, 5, 0], "rotation": 90, "texture": "#0"},
				"south": {"uv": [9.5, 1, 13.5, 2], "rotation": 90, "texture": "#0"},
				"west": {"uv": [13, 0, 9, 1], "rotation": 90, "texture": "#0"},
				"up": {"uv": [9, 1, 9.5, 2], "rotation": 90, "texture": "#0"},
				"down": {"uv": [4.5, 1, 5, 2], "rotation": 90, "texture": "#0"}
			}
		}
	],
	"gui_light": "front",
	"display": {
		"gui": {
			"rotation": [90, 0, 135],
			"translation": [0, -19, -80]
		},
		"head": {
			"rotation": [90, 0, -45],
			"translation": [0, -27.75, 0],
			"scale": [1.85, 1.85, 1.85]
		},
		"fixed": {
			"rotation": [90, 0, -45],
			"translation": [0, -14.75, 0]
		}
	},
	"groups": [
		{
			"name": "head",
			"origin": [0, 9, -3],
			"children": [0, 1]
		},
		{
			"name": "group",
			"origin": [0, 0, 0],
			"children": [2, 3]
		},
		{
			"name": "group",
			"origin": [0, 0, 0],
			"children": [4, 5]
		}
	]
}