{
	"credit": "Made with Blockbench by dragonmaster95",
	"parent": "costumes/head_template",
	"texture_size": [128, 64],
	"textures": {
		"0": "entity/turtle/big_sea_turtle"
	},
	"elements": [
		{
			"name": "head",
			"from": [2.975, 0, 2.975],
			"to": [13.025, 8.375, 13.025],
			"rotation": {"angle": 0, "axis": "y", "origin": [-5.4, 8.375, -22.15]},
			"faces": {
				"north": {"uv": [1.125, 1.5, 1.875, 2.75], "texture": "#0"},
				"east": {"uv": [0.375, 1.5, 1.125, 2.75], "texture": "#0"},
				"south": {"uv": [2.625, 1.5, 3.375, 2.75], "texture": "#0"},
				"west": {"uv": [1.875, 1.5, 2.625, 2.75], "texture": "#0"},
				"up": {"uv": [1.875, 1.5, 1.125, 0], "texture": "#0"},
				"down": {"uv": [2.625, 0, 1.875, 1.5], "texture": "#0"}
			}
		},
		{
			"name": "leg2",
			"from": [14, -3, 8],
			"to": [27, 2, 9],
			"rotation": {"angle": -22.5, "axis": "z", "origin": [9, -0.5, 8.5]},
			"faces": {
				"north": {"uv": [7.25, 7.5, 5.625, 8.75], "rotation": 180, "texture": "#0"},
				"east": {"uv": [3.375, 8.75, 4, 9], "rotation": 270, "texture": "#0"},
				"south": {"uv": [5.625, 8.75, 4, 7.5], "texture": "#0"},
				"west": {"uv": [5.625, 8.75, 6.25, 9], "rotation": 90, "texture": "#0"},
				"up": {"uv": [4, 8.75, 5.625, 9], "rotation": 180, "texture": "#0"},
				"down": {"uv": [6.25, 8.75, 7.875, 9], "texture": "#0"}
			}
		},
		{
			"name": "leg3",
			"from": [-11, -3, 8],
			"to": [2, 2, 9],
			"rotation": {"angle": 22.5, "axis": "z", "origin": [7, -0.5, 8.5]},
			"faces": {
				"north": {"uv": [7.25, 6, 5.625, 7.25], "rotation": 180, "texture": "#0"},
				"east": {"uv": [3.375, 7.25, 4, 7.5], "rotation": 270, "texture": "#0"},
				"south": {"uv": [5.625, 7.25, 4, 6], "texture": "#0"},
				"west": {"uv": [5.625, 7.25, 6.25, 7.5], "rotation": 90, "texture": "#0"},
				"up": {"uv": [4, 7.25, 5.625, 7.5], "rotation": 180, "texture": "#0"},
				"down": {"uv": [6.25, 7.25, 7.875, 7.5], "texture": "#0"}
			}
		}
	]
}