{
	"credit": "Made with Blockbench by dragonmaster95",
	"parent": "costumes/head_template",
	"textures": {
		"0": "entity/illager/vex"
	},
	"elements": [
		{
			"name": "head",
			"from": [4, 0.016, 4],
			"to": [12, 8.016, 12],
			"rotation": {"angle": 0, "axis": "y", "origin": [-4.8, 0, -4.8]},
			"faces": {
				"north": {"uv": [2.5, 2.5, 5, 5], "texture": "#0"},
				"east": {"uv": [0, 2.5, 2.5, 5], "texture": "#0"},
				"south": {"uv": [7.5, 2.5, 10, 5], "texture": "#0"},
				"west": {"uv": [5, 2.5, 7.5, 5], "texture": "#0"},
				"up": {"uv": [2.5, 0, 5, 2.5], "texture": "#0"},
				"down": {"uv": [7.5, 0, 5, 2.5], "texture": "#0"}
			}
		},
		{
			"name": "right_wing",
			"from": [-5.65, -8.6, 10.7],
			"to": [7.15, -0.6, 10.7],
			"shade": false,
			"rotation": {"angle": 22.5, "axis": "y", "origin": [7.25, -5, 8.5]},
			"faces": {
				"north": {"uv": [12, 11, 8, 13.5], "texture": "#0"},
				"east": {"uv": [5.5, 8.5, 5.25, 11.5], "texture": "#0"},
				"south": {"uv": [8, 11, 12, 13.5], "texture": "#0"},
				"west": {"uv": [0.25, 8.5, 0, 11.5], "texture": "#0"},
				"up": {"uv": [0.25, 8.5, 5.25, 8.25], "texture": "#0"},
				"down": {"uv": [5.25, 8.25, 10.25, 8.5], "texture": "#0"}
			}
		},
		{
			"name": "left_wing",
			"from": [8.85, -8.6, 10.7],
			"to": [21.65, -0.6, 10.7],
			"shade": false,
			"rotation": {"angle": -22.5, "axis": "y", "origin": [8.75, -5, 8.5]},
			"faces": {
				"north": {"uv": [8, 11, 12, 13.5], "texture": "#0"},
				"east": {"uv": [0, 8.5, 0.25, 11.5], "texture": "#0"},
				"south": {"uv": [12, 11, 8, 13.5], "texture": "#0"},
				"west": {"uv": [5.25, 8.5, 5.5, 11.5], "texture": "#0"},
				"up": {"uv": [5.25, 8.5, 0.25, 8.25], "texture": "#0"},
				"down": {"uv": [10.25, 8.25, 5.25, 8.5], "texture": "#0"}
			}
		}
	],
	"display": {
		"head": {
			"translation": [0, 6.25, 0],
			"scale": [1.81, 1.81, 1.81]
		}
	}
}