{
	"credit": "Made with Blockbench by dragonmaster95",
	"parent": "costumes/head_template",
	"texture_size": [64, 64],
	"textures": {
		"particle": "entity/villager/villager",
		"base": "entity/villager/villager",
		"type": "entity/villager/type/plains",
		"profession": "entity/villager/profession/farmer"
	},
	"elements": [
		{
			"name": "Cube",
			"from": [4, 0, 4],
			"to": [12, 10, 12],
			"faces": {
				"north": {"uv": [2, 2, 4, 4.5], "texture": "#base"},
				"east": {"uv": [0, 2, 2, 4.5], "texture": "#base"},
				"south": {"uv": [6, 2, 8, 4.5], "texture": "#base"},
				"west": {"uv": [4, 2, 6, 4.5], "texture": "#base"},
				"up": {"uv": [2, 0, 4, 2], "rotation": 180, "texture": "#base"},
				"down": {"uv": [4, 0, 6, 2], "texture": "#base"}
			}
		},
		{
			"name": "Cube",
			"from": [4, 0, 4],
			"to": [12, 10, 12],
			"faces": {
				"north": {"uv": [2, 2, 4, 4.5], "texture": "#type"},
				"east": {"uv": [0, 2, 2, 4.5], "texture": "#type"},
				"south": {"uv": [6, 2, 8, 4.5], "texture": "#type"},
				"west": {"uv": [4, 2, 6, 4.5], "texture": "#type"},
				"up": {"uv": [2, 0, 4, 2], "rotation": 180, "texture": "#type"},
				"down": {"uv": [4, 0, 6, 2], "texture": "#type"}
			}
		},
		{
			"name": "Cube",
			"from": [3.75, -0.25, 3.75],
			"to": [12.25, 10.25, 12.25],
			"faces": {
				"north": {"uv": [10, 2, 12, 4.5], "texture": "#type"},
				"east": {"uv": [8, 2, 10, 4.5], "texture": "#type"},
				"south": {"uv": [14, 2, 16, 4.5], "texture": "#type"},
				"west": {"uv": [12, 2, 14, 4.5], "texture": "#type"},
				"up": {"uv": [10, 0, 12, 2], "rotation": 180, "texture": "#type"},
				"down": {"uv": [12, 0, 14, 2], "texture": "#type"}
			}
		},
		{
			"name": "Cube",
			"from": [12.25, 10.25, 12.25],
			"to": [3.75, -0.25, 3.75],
			"rotation": {"angle": 0, "axis": "y", "origin": [16.5, 12.5, 16.5]},
			"faces": {
				"north": {"uv": [14, 4.5, 16, 2], "texture": "#type"},
				"east": {"uv": [12, 4.5, 14, 2], "texture": "#type"},
				"south": {"uv": [10, 4.5, 12, 2], "texture": "#type"},
				"west": {"uv": [8, 4.5, 10, 2], "texture": "#type"},
				"up": {"uv": [14, 0, 12, 2], "texture": "#type"},
				"down": {"uv": [12, 0, 10, 2], "rotation": 180, "texture": "#type"}
			}
		},
		{
			"name": "Cube",
			"from": [7, -1, 2],
			"to": [9, 3, 4],
			"faces": {
				"north": {"uv": [6.5, 0.5, 7, 1.5], "texture": "#base"},
				"east": {"uv": [6, 0.5, 6.5, 1.5], "texture": "#base"},
				"south": {"uv": [7.5, 0.5, 8, 1.5], "texture": "#base"},
				"west": {"uv": [7, 0.5, 7.5, 1.5], "texture": "#base"},
				"up": {"uv": [6.5, 0, 7, 0.5], "texture": "#base"},
				"down": {"uv": [7, 0, 7.5, 0.5], "texture": "#base"}
			}
		},
		{
			"name": "helmet",
			"from": [3.5, -0.5, 3.5],
			"to": [12.5, 10.5, 12.5],
			"rotation": {"angle": 0, "axis": "y", "origin": [8, -24, 8]},
			"faces": {
				"north": {"uv": [10, 2, 12, 4.5], "texture": "#profession"},
				"east": {"uv": [8, 2, 10, 4.5], "texture": "#profession"},
				"south": {"uv": [14, 2, 16, 4.5], "texture": "#profession"},
				"west": {"uv": [12, 2, 14, 4.5], "texture": "#profession"},
				"up": {"uv": [12, 2, 10, 0], "texture": "#profession"},
				"down": {"uv": [14, 0, 12, 2], "texture": "#profession"}
			}
		},
		{
			"name": "helmet",
			"from": [12.5, 10.5, 12.5],
			"to": [3.5, -0.5, 3.5],
			"rotation": {"angle": 0, "axis": "y", "origin": [17, 45, 17]},
			"faces": {
				"north": {"uv": [14, 4.5, 16, 2], "texture": "#profession"},
				"east": {"uv": [12, 4.5, 14, 2], "texture": "#profession"},
				"south": {"uv": [10, 4.5, 12, 2], "texture": "#profession"},
				"west": {"uv": [8, 4.5, 10, 2], "texture": "#profession"},
				"up": {"uv": [12, 0, 14, 2], "texture": "#profession"},
				"down": {"uv": [10, 2, 12, 0], "texture": "#profession"}
			}
		},
		{
			"name": "helmet",
			"from": [3.75, -0.25, 3.75],
			"to": [12.25, 10.25, 12.25],
			"faces": {
				"north": {"uv": [2, 2, 4, 4.5], "texture": "#profession"},
				"east": {"uv": [0, 2, 2, 4.5], "texture": "#profession"},
				"south": {"uv": [6, 2, 8, 4.5], "texture": "#profession"},
				"west": {"uv": [4, 2, 6, 4.5], "texture": "#profession"},
				"up": {"uv": [2, 0, 4, 2], "rotation": 180, "texture": "#profession"},
				"down": {"uv": [4, 0, 6, 2], "texture": "#profession"}
			}
		},
		{
			"name": "helmet",
			"from": [12.25, 10.25, 12.25],
			"to": [3.75, -0.25, 3.75],
			"rotation": {"angle": 0, "axis": "y", "origin": [16.5, 12.5, 16.5]},
			"faces": {
				"north": {"uv": [6, 4.5, 8, 2], "texture": "#profession"},
				"east": {"uv": [4, 4.5, 6, 2], "texture": "#profession"},
				"south": {"uv": [2, 4.5, 4, 2], "texture": "#profession"},
				"west": {"uv": [0, 4.5, 2, 2], "texture": "#profession"},
				"up": {"uv": [6, 0, 4, 2], "texture": "#profession"},
				"down": {"uv": [4, 0, 2, 2], "rotation": 180, "texture": "#profession"}
			}
		},
		{
			"name": "brim",
			"from": [-0.1, 6.1, -0.1],
			"to": [16.1, 6.1, 16.1],
			"rotation": {"angle": 0, "axis": "x", "origin": [8, 0, -16]},
			"faces": {
				"north": {"uv": [15.75, 11.75, 11.75, 12], "rotation": 180, "texture": "#profession"},
				"east": {"uv": [7.5, 12, 7.75, 16], "rotation": 270, "texture": "#profession"},
				"south": {"uv": [11.75, 12, 7.75, 11.75], "texture": "#profession"},
				"west": {"uv": [11.75, 12, 12, 16], "rotation": 90, "texture": "#profession"},
				"up": {"uv": [7.75, 12, 11.75, 16], "rotation": 180, "texture": "#profession"},
				"down": {"uv": [7.75, 16, 11.75, 12], "rotation": 180, "texture": "#profession"}
			}
		}
	]
}