{
	"credit": "Made with Blockbench by dragonmaster95",
	"parent": "block/jack_o_lantern",
	"texture_size": [48, 48],
	"textures": {
		"2": "costumes/white_pumpkin"
	},
	"elements": [
		{
			"name": "Cube",
			"from": [-1, 0, 0],
			"to": [17, 17, 17],
			"faces": {
				"north": {"uv": [0, 6, 6, 11.66667], "texture": "#2"},
				"east": {"uv": [6, 6, 12, 11.66667], "texture": "#2"},
				"south": {"uv": [6, 6, 12, 11.66667], "texture": "#2"},
				"west": {"uv": [6, 6, 12, 11.66667], "texture": "#2"},
				"up": {"uv": [6, 0, 12, 6], "texture": "#2"},
				"down": {"uv": [0, 0, 6, 6], "texture": "#2"}
			}
		},
		{
			"name": "temp_0",
			"from": [12, 11.9997, -1],
			"to": [17, 16.99956, 0],
			"rotation": {"angle": 0, "axis": "y", "origin": [7.75, 0.5294, 7.76389]},
			"faces": {
				"north": {"uv": [1.66667, 7.66667, 0, 6], "rotation": 180, "texture": "#2"},
				"east": {"uv": [0.33333, 6, 0, 7.66667], "texture": "#2"},
				"south": {"uv": [1.66667, 6, 0, 7.66667], "texture": "#2"},
				"west": {"uv": [1.66667, 6, 1.33333, 7.66667], "texture": "#2"},
				"up": {"uv": [0, 6, 1.66667, 6.33333], "rotation": 180, "texture": "#2"},
				"down": {"uv": [1.66667, 7.33333, 0, 7.66667], "texture": "#2"}
			}
		},
		{
			"name": "temp_1",
			"from": [-1, 13.99965, -1],
			"to": [12, 16.99956, 0],
			"rotation": {"angle": 0, "axis": "y", "origin": [7.75, 0.5294, 7.76389]},
			"faces": {
				"north": {"uv": [6, 7, 1.66667, 6], "rotation": 180, "texture": "#2"},
				"east": {"uv": [2, 6, 1.66667, 7], "texture": "#2"},
				"south": {"uv": [6, 6, 1.66667, 7], "texture": "#2"},
				"west": {"uv": [6, 6, 5.66667, 7], "texture": "#2"},
				"up": {"uv": [1.66667, 6, 6, 6.33333], "rotation": 180, "texture": "#2"},
				"down": {"uv": [6, 6.66667, 1.66667, 7], "texture": "#2"}
			}
		},
		{
			"name": "temp_2",
			"from": [6, 12.99968, -1],
			"to": [10, 13.99965, 0],
			"rotation": {"angle": 0, "axis": "y", "origin": [7.75, 0.5294, 7.76389]},
			"faces": {
				"north": {"uv": [3.66667, 7.33333, 2.33333, 7], "rotation": 180, "texture": "#2"},
				"east": {"uv": [2.66667, 7, 2.33333, 7.33333], "texture": "#2"},
				"south": {"uv": [3.66667, 7, 2.33333, 7.33333], "texture": "#2"},
				"west": {"uv": [3.66667, 7, 3.33333, 7.33333], "texture": "#2"},
				"up": {"uv": [2.33333, 7, 3.66667, 7.33333], "rotation": 180, "texture": "#2"},
				"down": {"uv": [3.66667, 7, 2.33333, 7.33333], "texture": "#2"}
			}
		},
		{
			"name": "temp_3",
			"from": [-1, 12.99968, -1],
			"to": [5, 13.99965, 0],
			"rotation": {"angle": 0, "axis": "y", "origin": [7.75, 0.5294, 7.76389]},
			"faces": {
				"north": {"uv": [6, 7.33333, 4, 7], "rotation": 180, "texture": "#2"},
				"east": {"uv": [4.33333, 7, 4, 7.33333], "texture": "#2"},
				"south": {"uv": [6, 7, 4, 7.33333], "texture": "#2"},
				"west": {"uv": [6, 7, 5.66667, 7.33333], "texture": "#2"},
				"up": {"uv": [4, 7, 6, 7.33333], "rotation": 180, "texture": "#2"},
				"down": {"uv": [6, 7, 4, 7.33333], "texture": "#2"}
			}
		},
		{
			"name": "temp_4",
			"from": [7, 6.99984, -1],
			"to": [9, 12.99968, 0],
			"rotation": {"angle": 0, "axis": "y", "origin": [7.75, 0.5294, 7.76389]},
			"faces": {
				"north": {"uv": [3.33333, 9.33333, 2.66667, 7.33333], "rotation": 180, "texture": "#2"},
				"east": {"uv": [3, 7.33333, 2.66667, 9.33333], "texture": "#2"},
				"south": {"uv": [3.33333, 7.33333, 2.66667, 9.33333], "texture": "#2"},
				"west": {"uv": [3.33333, 7.33333, 3, 9.33333], "texture": "#2"},
				"up": {"uv": [2.66667, 7.33333, 3.33333, 7.66667], "rotation": 180, "texture": "#2"},
				"down": {"uv": [3.33333, 9, 2.66667, 9.33333], "texture": "#2"}
			}
		},
		{
			"name": "temp_5",
			"from": [-1, 11.9997, -1],
			"to": [4, 12.99968, 0],
			"rotation": {"angle": 0, "axis": "y", "origin": [7.75, 0.5294, 7.76389]},
			"faces": {
				"north": {"uv": [6, 7.66667, 4.33333, 7.33333], "rotation": 180, "texture": "#2"},
				"east": {"uv": [4.66667, 7.33333, 4.33333, 7.66667], "texture": "#2"},
				"south": {"uv": [6, 7.33333, 4.33333, 7.66667], "texture": "#2"},
				"west": {"uv": [6, 7.33333, 5.66667, 7.66667], "texture": "#2"},
				"up": {"uv": [4.33333, 7.33333, 6, 7.66667], "rotation": 180, "texture": "#2"},
				"down": {"uv": [6, 7.33333, 4.33333, 7.66667], "texture": "#2"}
			}
		},
		{
			"name": "temp_6",
			"from": [13, 5.99987, -1],
			"to": [17, 11.9997, 0],
			"rotation": {"angle": 0, "axis": "y", "origin": [7.75, 0.5294, 7.76389]},
			"faces": {
				"north": {"uv": [1.33333, 9.66667, 0, 7.66667], "rotation": 180, "texture": "#2"},
				"east": {"uv": [0.33333, 7.66667, 0, 9.66667], "texture": "#2"},
				"south": {"uv": [1.33333, 7.66667, 0, 9.66667], "texture": "#2"},
				"west": {"uv": [1.33333, 7.66667, 1, 9.66667], "texture": "#2"},
				"up": {"uv": [0, 7.66667, 1.33333, 8], "rotation": 180, "texture": "#2"},
				"down": {"uv": [1.33333, 9.33333, 0, 9.66667], "texture": "#2"}
			}
		},
		{
			"name": "temp_7",
			"from": [-1, 9.99976, -1],
			"to": [3, 11.9997, 0],
			"rotation": {"angle": 0, "axis": "y", "origin": [7.75, 0.5294, 7.76389]},
			"faces": {
				"north": {"uv": [6, 8.33333, 4.66667, 7.66667], "rotation": 180, "texture": "#2"},
				"east": {"uv": [5, 7.66667, 4.66667, 8.33333], "texture": "#2"},
				"south": {"uv": [6, 7.66667, 4.66667, 8.33333], "texture": "#2"},
				"west": {"uv": [6, 7.66667, 5.66667, 8.33333], "texture": "#2"},
				"up": {"uv": [4.66667, 7.66667, 6, 8], "rotation": 180, "texture": "#2"},
				"down": {"uv": [6, 8, 4.66667, 8.33333], "texture": "#2"}
			}
		},
		{
			"name": "temp_8",
			"from": [-1, 4.9999, -1],
			"to": [2, 9.99976, 0],
			"rotation": {"angle": 0, "axis": "y", "origin": [7.75, 0.5294, 7.76389]},
			"faces": {
				"north": {"uv": [6, 10, 5, 8.33333], "rotation": 180, "texture": "#2"},
				"east": {"uv": [5.33333, 8.33333, 5, 10], "texture": "#2"},
				"south": {"uv": [6, 8.33333, 5, 10], "texture": "#2"},
				"west": {"uv": [6, 8.33333, 5.66667, 10], "texture": "#2"},
				"up": {"uv": [5, 8.33333, 6, 8.66667], "rotation": 180, "texture": "#2"},
				"down": {"uv": [6, 9.66667, 5, 10], "texture": "#2"}
			}
		},
		{
			"name": "temp_9",
			"from": [12, 6.99984, -1],
			"to": [13, 8.99979, 0],
			"rotation": {"angle": 0, "axis": "y", "origin": [7.75, 0.5294, 7.76389]},
			"faces": {
				"north": {"uv": [1.66667, 9.33333, 1.33333, 8.66667], "rotation": 180, "texture": "#2"},
				"east": {"uv": [1.66667, 8.66667, 1.33333, 9.33333], "texture": "#2"},
				"south": {"uv": [1.66667, 8.66667, 1.33333, 9.33333], "texture": "#2"},
				"west": {"uv": [1.66667, 8.66667, 1.33333, 9.33333], "texture": "#2"},
				"up": {"uv": [1.33333, 8.66667, 1.66667, 9], "rotation": 180, "texture": "#2"},
				"down": {"uv": [1.66667, 9, 1.33333, 9.33333], "texture": "#2"}
			}
		},
		{
			"name": "temp_10",
			"from": [9, 5.99987, -1],
			"to": [10, 8.99979, 0],
			"rotation": {"angle": 0, "axis": "y", "origin": [7.75, 0.5294, 7.76389]},
			"faces": {
				"north": {"uv": [2.66667, 9.66667, 2.33333, 8.66667], "rotation": 180, "texture": "#2"},
				"east": {"uv": [2.66667, 8.66667, 2.33333, 9.66667], "texture": "#2"},
				"south": {"uv": [2.66667, 8.66667, 2.33333, 9.66667], "texture": "#2"},
				"west": {"uv": [2.66667, 8.66667, 2.33333, 9.66667], "texture": "#2"},
				"up": {"uv": [2.33333, 8.66667, 2.66667, 9], "rotation": 180, "texture": "#2"},
				"down": {"uv": [2.66667, 9.33333, 2.33333, 9.66667], "texture": "#2"}
			}
		},
		{
			"name": "temp_11",
			"from": [6, 5.99987, -1],
			"to": [7, 8.99979, 0],
			"rotation": {"angle": 0, "axis": "y", "origin": [7.75, 0.5294, 7.76389]},
			"faces": {
				"north": {"uv": [3.66667, 9.66667, 3.33333, 8.66667], "rotation": 180, "texture": "#2"},
				"east": {"uv": [3.66667, 8.66667, 3.33333, 9.66667], "texture": "#2"},
				"south": {"uv": [3.66667, 8.66667, 3.33333, 9.66667], "texture": "#2"},
				"west": {"uv": [3.66667, 8.66667, 3.33333, 9.66667], "texture": "#2"},
				"up": {"uv": [3.33333, 8.66667, 3.66667, 9], "rotation": 180, "texture": "#2"},
				"down": {"uv": [3.66667, 9.33333, 3.33333, 9.66667], "texture": "#2"}
			}
		},
		{
			"name": "temp_12",
			"from": [10, 6.99984, -1],
			"to": [12, 7.99981, 0],
			"rotation": {"angle": 0, "axis": "y", "origin": [7.75, 0.5294, 7.76389]},
			"faces": {
				"north": {"uv": [2.33333, 9.33333, 1.66667, 9], "rotation": 180, "texture": "#2"},
				"east": {"uv": [2, 9, 1.66667, 9.33333], "texture": "#2"},
				"south": {"uv": [2.33333, 9, 1.66667, 9.33333], "texture": "#2"},
				"west": {"uv": [2.33333, 9, 2, 9.33333], "texture": "#2"},
				"up": {"uv": [1.66667, 9, 2.33333, 9.33333], "rotation": 180, "texture": "#2"},
				"down": {"uv": [2.33333, 9, 1.66667, 9.33333], "texture": "#2"}
			}
		},
		{
			"name": "temp_13",
			"from": [2, 6.99984, -1],
			"to": [6, 7.99981, 0],
			"rotation": {"angle": 0, "axis": "y", "origin": [7.75, 0.5294, 7.76389]},
			"faces": {
				"north": {"uv": [5, 9.33333, 3.66667, 9], "rotation": 180, "texture": "#2"},
				"east": {"uv": [4, 9, 3.66667, 9.33333], "texture": "#2"},
				"south": {"uv": [5, 9, 3.66667, 9.33333], "texture": "#2"},
				"west": {"uv": [5, 9, 4.66667, 9.33333], "texture": "#2"},
				"up": {"uv": [3.66667, 9, 5, 9.33333], "rotation": 180, "texture": "#2"},
				"down": {"uv": [5, 9, 3.66667, 9.33333], "texture": "#2"}
			}
		},
		{
			"name": "temp_14",
			"from": [11, 5.99987, -1],
			"to": [12, 6.99984, 0],
			"rotation": {"angle": 0, "axis": "y", "origin": [7.75, 0.5294, 7.76389]},
			"faces": {
				"north": {"uv": [2, 9.66667, 1.66667, 9.33333], "rotation": 180, "texture": "#2"},
				"east": {"uv": [2, 9.33333, 1.66667, 9.66667], "texture": "#2"},
				"south": {"uv": [2, 9.33333, 1.66667, 9.66667], "texture": "#2"},
				"west": {"uv": [2, 9.33333, 1.66667, 9.66667], "texture": "#2"},
				"up": {"uv": [1.66667, 9.33333, 2, 9.66667], "rotation": 180, "texture": "#2"},
				"down": {"uv": [2, 9.33333, 1.66667, 9.66667], "texture": "#2"}
			}
		},
		{
			"name": "temp_15",
			"from": [8, 5.99987, -1],
			"to": [9, 6.99984, 0],
			"rotation": {"angle": 0, "axis": "y", "origin": [7.75, 0.5294, 7.76389]},
			"faces": {
				"north": {"uv": [3, 9.66667, 2.66667, 9.33333], "rotation": 180, "texture": "#2"},
				"east": {"uv": [3, 9.33333, 2.66667, 9.66667], "texture": "#2"},
				"south": {"uv": [3, 9.33333, 2.66667, 9.66667], "texture": "#2"},
				"west": {"uv": [3, 9.33333, 2.66667, 9.66667], "texture": "#2"},
				"up": {"uv": [2.66667, 9.33333, 3, 9.66667], "rotation": 180, "texture": "#2"},
				"down": {"uv": [3, 9.33333, 2.66667, 9.66667], "texture": "#2"}
			}
		},
		{
			"name": "temp_16",
			"from": [5, 5.99987, -1],
			"to": [6, 6.99984, 0],
			"rotation": {"angle": 0, "axis": "y", "origin": [7.75, 0.5294, 7.76389]},
			"faces": {
				"north": {"uv": [4, 9.66667, 3.66667, 9.33333], "rotation": 180, "texture": "#2"},
				"east": {"uv": [4, 9.33333, 3.66667, 9.66667], "texture": "#2"},
				"south": {"uv": [4, 9.33333, 3.66667, 9.66667], "texture": "#2"},
				"west": {"uv": [4, 9.33333, 3.66667, 9.66667], "texture": "#2"},
				"up": {"uv": [3.66667, 9.33333, 4, 9.66667], "rotation": 180, "texture": "#2"},
				"down": {"uv": [4, 9.33333, 3.66667, 9.66667], "texture": "#2"}
			}
		},
		{
			"name": "temp_17",
			"from": [3, 5.99987, -1],
			"to": [4, 6.99984, 0],
			"rotation": {"angle": 0, "axis": "y", "origin": [7.75, 0.5294, 7.76389]},
			"faces": {
				"north": {"uv": [4.66667, 9.66667, 4.33333, 9.33333], "rotation": 180, "texture": "#2"},
				"east": {"uv": [4.66667, 9.33333, 4.33333, 9.66667], "texture": "#2"},
				"south": {"uv": [4.66667, 9.33333, 4.33333, 9.66667], "texture": "#2"},
				"west": {"uv": [4.66667, 9.33333, 4.33333, 9.66667], "texture": "#2"},
				"up": {"uv": [4.33333, 9.33333, 4.66667, 9.66667], "rotation": 180, "texture": "#2"},
				"down": {"uv": [4.66667, 9.33333, 4.33333, 9.66667], "texture": "#2"}
			}
		},
		{
			"name": "temp_18",
			"from": [14, 0.00004, -1],
			"to": [17, 5.99987, 0],
			"rotation": {"angle": 0, "axis": "y", "origin": [7.75, 0.5294, 7.76389]},
			"faces": {
				"north": {"uv": [1, 11.66667, 0, 9.66667], "rotation": 180, "texture": "#2"},
				"east": {"uv": [0.33333, 9.66667, 0, 11.66667], "texture": "#2"},
				"south": {"uv": [1, 9.66667, 0, 11.66667], "texture": "#2"},
				"west": {"uv": [1, 9.66667, 0.66667, 11.66667], "texture": "#2"},
				"up": {"uv": [0, 9.66667, 1, 10], "rotation": 180, "texture": "#2"},
				"down": {"uv": [1, 11.33333, 0, 11.66667], "texture": "#2"}
			}
		},
		{
			"name": "temp_19",
			"from": [-1, 0.00004, -1],
			"to": [1, 4.9999, 0],
			"rotation": {"angle": 0, "axis": "y", "origin": [7.75, 0.5294, 7.76389]},
			"faces": {
				"north": {"uv": [6, 11.66667, 5.33333, 10], "rotation": 180, "texture": "#2"},
				"east": {"uv": [5.66667, 10, 5.33333, 11.66667], "texture": "#2"},
				"south": {"uv": [6, 10, 5.33333, 11.66667], "texture": "#2"},
				"west": {"uv": [6, 10, 5.66667, 11.66667], "texture": "#2"},
				"up": {"uv": [5.33333, 10, 6, 10.33333], "rotation": 180, "texture": "#2"},
				"down": {"uv": [6, 11.33333, 5.33333, 11.66667], "texture": "#2"}
			}
		},
		{
			"name": "temp_20",
			"from": [13, 0.00004, -1],
			"to": [14, 3.99992, 0],
			"rotation": {"angle": 0, "axis": "y", "origin": [7.75, 0.5294, 7.76389]},
			"faces": {
				"north": {"uv": [1.33333, 11.66667, 1, 10.33333], "rotation": 180, "texture": "#2"},
				"east": {"uv": [1.33333, 10.33333, 1, 11.66667], "texture": "#2"},
				"south": {"uv": [1.33333, 10.33333, 1, 11.66667], "texture": "#2"},
				"west": {"uv": [1.33333, 10.33333, 1, 11.66667], "texture": "#2"},
				"up": {"uv": [1, 10.33333, 1.33333, 10.66667], "rotation": 180, "texture": "#2"},
				"down": {"uv": [1.33333, 11.33333, 1, 11.66667], "texture": "#2"}
			}
		},
		{
			"name": "temp_21",
			"from": [10, 0.00004, -1],
			"to": [11, 3.99992, 0],
			"rotation": {"angle": 0, "axis": "y", "origin": [7.75, 0.5294, 7.76389]},
			"faces": {
				"north": {"uv": [2.33333, 11.66667, 2, 10.33333], "rotation": 180, "texture": "#2"},
				"east": {"uv": [2.33333, 10.33333, 2, 11.66667], "texture": "#2"},
				"south": {"uv": [2.33333, 10.33333, 2, 11.66667], "texture": "#2"},
				"west": {"uv": [2.33333, 10.33333, 2, 11.66667], "texture": "#2"},
				"up": {"uv": [2, 10.33333, 2.33333, 10.66667], "rotation": 180, "texture": "#2"},
				"down": {"uv": [2.33333, 11.33333, 2, 11.66667], "texture": "#2"}
			}
		},
		{
			"name": "temp_22",
			"from": [7, 0.00004, -1],
			"to": [8, 3.99992, 0],
			"rotation": {"angle": 0, "axis": "y", "origin": [7.75, 0.5294, 7.76389]},
			"faces": {
				"north": {"uv": [3.33333, 11.66667, 3, 10.33333], "rotation": 180, "texture": "#2"},
				"east": {"uv": [3.33333, 10.33333, 3, 11.66667], "texture": "#2"},
				"south": {"uv": [3.33333, 10.33333, 3, 11.66667], "texture": "#2"},
				"west": {"uv": [3.33333, 10.33333, 3, 11.66667], "texture": "#2"},
				"up": {"uv": [3, 10.33333, 3.33333, 10.66667], "rotation": 180, "texture": "#2"},
				"down": {"uv": [3.33333, 11.33333, 3, 11.66667], "texture": "#2"}
			}
		},
		{
			"name": "temp_23",
			"from": [3, 0.00004, -1],
			"to": [4, 3.99992, 0],
			"rotation": {"angle": 0, "axis": "y", "origin": [7.75, 0.5294, 7.76389]},
			"faces": {
				"north": {"uv": [4.66667, 11.66667, 4.33333, 10.33333], "rotation": 180, "texture": "#2"},
				"east": {"uv": [4.66667, 10.33333, 4.33333, 11.66667], "texture": "#2"},
				"south": {"uv": [4.66667, 10.33333, 4.33333, 11.66667], "texture": "#2"},
				"west": {"uv": [4.66667, 10.33333, 4.33333, 11.66667], "texture": "#2"},
				"up": {"uv": [4.33333, 10.33333, 4.66667, 10.66667], "rotation": 180, "texture": "#2"},
				"down": {"uv": [4.66667, 11.33333, 4.33333, 11.66667], "texture": "#2"}
			}
		},
		{
			"name": "temp_24",
			"from": [11, 0.00004, -1],
			"to": [12, 2.99995, 0],
			"rotation": {"angle": 0, "axis": "y", "origin": [7.75, 0.5294, 7.76389]},
			"faces": {
				"north": {"uv": [2, 11.66667, 1.66667, 10.66667], "rotation": 180, "texture": "#2"},
				"east": {"uv": [2, 10.66667, 1.66667, 11.66667], "texture": "#2"},
				"south": {"uv": [2, 10.66667, 1.66667, 11.66667], "texture": "#2"},
				"west": {"uv": [2, 10.66667, 1.66667, 11.66667], "texture": "#2"},
				"up": {"uv": [1.66667, 10.66667, 2, 11], "rotation": 180, "texture": "#2"},
				"down": {"uv": [2, 11.33333, 1.66667, 11.66667], "texture": "#2"}
			}
		},
		{
			"name": "temp_25",
			"from": [8, 0.00004, -1],
			"to": [9, 2.99995, 0],
			"rotation": {"angle": 0, "axis": "y", "origin": [7.75, 0.5294, 7.76389]},
			"faces": {
				"north": {"uv": [3, 11.66667, 2.66667, 10.66667], "rotation": 180, "texture": "#2"},
				"east": {"uv": [3, 10.66667, 2.66667, 11.66667], "texture": "#2"},
				"south": {"uv": [3, 10.66667, 2.66667, 11.66667], "texture": "#2"},
				"west": {"uv": [3, 10.66667, 2.66667, 11.66667], "texture": "#2"},
				"up": {"uv": [2.66667, 10.66667, 3, 11], "rotation": 180, "texture": "#2"},
				"down": {"uv": [3, 11.33333, 2.66667, 11.66667], "texture": "#2"}
			}
		},
		{
			"name": "temp_26",
			"from": [5, 0.00004, -1],
			"to": [7, 2.99995, 0],
			"rotation": {"angle": 0, "axis": "y", "origin": [7.75, 0.5294, 7.76389]},
			"faces": {
				"north": {"uv": [4, 11.66667, 3.33333, 10.66667], "rotation": 180, "texture": "#2"},
				"east": {"uv": [3.66667, 10.66667, 3.33333, 11.66667], "texture": "#2"},
				"south": {"uv": [4, 10.66667, 3.33333, 11.66667], "texture": "#2"},
				"west": {"uv": [4, 10.66667, 3.66667, 11.66667], "texture": "#2"},
				"up": {"uv": [3.33333, 10.66667, 4, 11], "rotation": 180, "texture": "#2"},
				"down": {"uv": [4, 11.33333, 3.33333, 11.66667], "texture": "#2"}
			}
		},
		{
			"name": "temp_27",
			"from": [1, 0.00004, -1],
			"to": [3, 2.99995, 0],
			"rotation": {"angle": 0, "axis": "y", "origin": [7.75, 0.5294, 7.76389]},
			"faces": {
				"north": {"uv": [5.33333, 11.66667, 4.66667, 10.66667], "rotation": 180, "texture": "#2"},
				"east": {"uv": [5, 10.66667, 4.66667, 11.66667], "texture": "#2"},
				"south": {"uv": [5.33333, 10.66667, 4.66667, 11.66667], "texture": "#2"},
				"west": {"uv": [5.33333, 10.66667, 5, 11.66667], "texture": "#2"},
				"up": {"uv": [4.66667, 10.66667, 5.33333, 11], "rotation": 180, "texture": "#2"},
				"down": {"uv": [5.33333, 11.33333, 4.66667, 11.66667], "texture": "#2"}
			}
		},
		{
			"name": "temp_28",
			"from": [12, 0.00004, -1],
			"to": [13, 1.99998, 0],
			"rotation": {"angle": 0, "axis": "y", "origin": [7.75, 0.5294, 7.76389]},
			"faces": {
				"north": {"uv": [1.66667, 11.66667, 1.33333, 11], "rotation": 180, "texture": "#2"},
				"east": {"uv": [1.66667, 11, 1.33333, 11.66667], "texture": "#2"},
				"south": {"uv": [1.66667, 11, 1.33333, 11.66667], "texture": "#2"},
				"west": {"uv": [1.66667, 11, 1.33333, 11.66667], "texture": "#2"},
				"up": {"uv": [1.33333, 11, 1.66667, 11.33333], "rotation": 180, "texture": "#2"},
				"down": {"uv": [1.66667, 11.33333, 1.33333, 11.66667], "texture": "#2"}
			}
		},
		{
			"name": "temp_29",
			"from": [9, 0.00004, -1],
			"to": [10, 1.99998, 0],
			"rotation": {"angle": 0, "axis": "y", "origin": [7.75, 0.5294, 7.76389]},
			"faces": {
				"north": {"uv": [2.66667, 11.66667, 2.33333, 11], "rotation": 180, "texture": "#2"},
				"east": {"uv": [2.66667, 11, 2.33333, 11.66667], "texture": "#2"},
				"south": {"uv": [2.66667, 11, 2.33333, 11.66667], "texture": "#2"},
				"west": {"uv": [2.66667, 11, 2.33333, 11.66667], "texture": "#2"},
				"up": {"uv": [2.33333, 11, 2.66667, 11.33333], "rotation": 180, "texture": "#2"},
				"down": {"uv": [2.66667, 11.33333, 2.33333, 11.66667], "texture": "#2"}
			}
		},
		{
			"name": "temp_30",
			"from": [4, 0.00004, -1],
			"to": [5, 1.99998, 0],
			"rotation": {"angle": 0, "axis": "y", "origin": [7.75, 0.5294, 7.76389]},
			"faces": {
				"north": {"uv": [4.33333, 11.66667, 4, 11], "rotation": 180, "texture": "#2"},
				"east": {"uv": [4.33333, 11, 4, 11.66667], "texture": "#2"},
				"south": {"uv": [4.33333, 11, 4, 11.66667], "texture": "#2"},
				"west": {"uv": [4.33333, 11, 4, 11.66667], "texture": "#2"},
				"up": {"uv": [4, 11, 4.33333, 11.33333], "rotation": 180, "texture": "#2"},
				"down": {"uv": [4.33333, 11.33333, 4, 11.66667], "texture": "#2"}
			}
		}
	],
	"display": {},
	"groups": [
		0,
		{
			"name": "temp",
			"origin": [8, 8, 8],
			"color": 0,
			"children": [1, 2, 3, 4, 5, 6, 7, 8, 9, 10, 11, 12, 13, 14, 15, 16, 17, 18, 19, 20, 21, 22, 23, 24, 25, 26, 27, 28, 29, 30, 31]
		}
	]
}