{
	"credit": "Made with Blockbench by dragonmaster95",
	"parent": "costumes/head_template",
	"texture_size": [64, 128],
	"textures": {
		"0": "entity/witch"
	},
	"elements": [
		{
			"name": "Cube",
			"from": [4, 0, 4],
			"to": [12, 10, 12],
			"faces": {
				"north": {"uv": [2, 1, 4, 2.25], "texture": "#0"},
				"east": {"uv": [0, 1, 2, 2.25], "texture": "#0"},
				"south": {"uv": [6, 1, 8, 2.25], "texture": "#0"},
				"west": {"uv": [4, 1, 6, 2.25], "texture": "#0"},
				"down": {"uv": [4, 0, 6, 1], "texture": "#0"}
			}
		},
		{
			"name": "Cube",
			"from": [7, -1, 2],
			"to": [9, 3, 4],
			"faces": {
				"north": {"uv": [6.5, 0.25, 7, 0.75], "texture": "#0"},
				"east": {"uv": [6, 0.25, 6.5, 0.75], "texture": "#0"},
				"south": {"uv": [7.5, 0.25, 8, 0.75], "texture": "#0"},
				"west": {"uv": [7, 0.25, 7.5, 0.75], "texture": "#0"},
				"up": {"uv": [6.5, 0, 7, 0.25], "texture": "#0"},
				"down": {"uv": [7, 0, 7.5, 0.25], "texture": "#0"}
			}
		},
		{
			"name": "Cube",
			"from": [3, 8, 3],
			"to": [13, 10, 13],
			"faces": {
				"north": {"uv": [2.5, 9.25, 5, 9.5], "texture": "#0"},
				"east": {"uv": [5, 9.25, 7.5, 9.5], "texture": "#0"},
				"south": {"uv": [7.5, 9.25, 10, 9.5], "texture": "#0"},
				"west": {"uv": [0, 9.25, 2.5, 9.5], "texture": "#0"},
				"up": {"uv": [2.5, 8, 5, 9.25], "texture": "#0"},
				"down": {"uv": [5, 8, 7.5, 9.25], "texture": "#0"}
			}
		},
		{
			"name": "Cube",
			"from": [4.5, 9.7, 4.5],
			"to": [11.5, 13.7, 11.5],
			"faces": {
				"north": {"uv": [1.75, 10.375, 3.5, 10.875], "texture": "#0"},
				"east": {"uv": [0, 10.375, 1.75, 10.875], "texture": "#0"},
				"south": {"uv": [5.25, 10.375, 7, 10.875], "texture": "#0"},
				"west": {"uv": [3.5, 10.375, 5.25, 10.875], "texture": "#0"},
				"up": {"uv": [1.75, 9.5, 3.5, 10.375], "texture": "#0"}
			}
		},
		{
			"name": "Cube",
			"from": [8, 12, 6],
			"to": [12, 17, 10],
			"rotation": {"angle": 22.5, "axis": "z", "origin": [8, 8, 8]},
			"faces": {
				"north": {"uv": [1, 11.375, 2, 11.875], "texture": "#0"},
				"east": {"uv": [2, 11.375, 3, 11.875], "texture": "#0"},
				"south": {"uv": [3, 11.375, 4, 11.875], "texture": "#0"},
				"west": {"uv": [0, 11.375, 1, 11.875], "texture": "#0"},
				"up": {"uv": [1, 10.875, 2, 11.375], "texture": "#0"}
			}
		},
		{
			"name": "Cube",
			"from": [12.5, 13, 7.25],
			"to": [14, 17.5, 8.75],
			"rotation": {"angle": 45, "axis": "z", "origin": [8, 8, 8]},
			"faces": {
				"north": {"uv": [0.25, 12, 0.5, 12.25], "texture": "#0"},
				"east": {"uv": [0, 12, 0.25, 12.25], "texture": "#0"},
				"south": {"uv": [0.75, 12, 1, 12.25], "texture": "#0"},
				"west": {"uv": [0.5, 12, 0.75, 12.25], "texture": "#0"},
				"up": {"uv": [0.25, 11.875, 0.5, 12], "texture": "#0"}
			}
		},
		{
			"name": "Cube",
			"from": [7.3, 0, 1.5],
			"to": [7.8, 0.5, 2],
			"faces": {
				"north": {"uv": [0.25, 0.125, 0.5, 0.25], "texture": "#0"},
				"east": {"uv": [0, 0.125, 0.25, 0.25], "texture": "#0"},
				"west": {"uv": [0.5, 0.125, 0.75, 0.25], "texture": "#0"},
				"up": {"uv": [0.25, 0, 0.5, 0.125], "texture": "#0"},
				"down": {"uv": [0.5, 0, 0.75, 0.125], "texture": "#0"}
			}
		}
	]
}