{
	"credit": "Made with Blockbench",
	"texture_size": [64, 32],
	"textures": {
		"0": "custom/yellow_target",
		"particle": "custom/yellow_target"
	},
	"elements": [
		{
			"from": [-8, 0, 6],
			"to": [24, 32, 9],
			"rotation": {"angle": 0, "axis": "z", "origin": [8, 16, 8]},
			"faces": {
				"north": {"uv": [0, 0, 8, 16], "texture": "#0"},
				"east": {"uv": [8.25, 0, 9, 16], "texture": "#0"},
				"south": {"uv": [0, 0, 8, 16], "texture": "#0"},
				"west": {"uv": [8.25, 0, 9, 16], "texture": "#0"},
				"up": {"uv": [10.25, 0, 11, 16], "rotation": 90, "texture": "#0"},
				"down": {"uv": [9.25, 0, 10, 16], "rotation": 270, "texture": "#0"}
			}
		}
	],
	"display": {
		"head": {
			"translation": [0, -12, -1],
			"scale": [2, 2, 2]
		}
	}
}