{
	"credit": "Made with Blockbench",
	"texture_size": [32, 32],
	"textures": {
		"0": "block/bookofspells",
		"particle": "block/bookofspells"
	},
	"elements": [
		{
			"from": [8, 6.75, 2.5],
			"to": [16, 7.75, 12.5],
			"rotation": {"angle": 22.5, "axis": "z", "origin": [8, 8, 7.5]},
			"faces": {
				"north": {"uv": [0, 1.5, 0.5, 5.5], "rotation": 90, "texture": "#0"},
				"east": {"uv": [1, 6, 6, 6.5], "rotation": 180, "texture": "#0"},
				"south": {"uv": [6.5, 1.5, 7, 5.5], "rotation": 270, "texture": "#0"},
				"west": {"uv": [1, 7, 6, 7.5], "texture": "#0"},
				"up": {"uv": [1, 1.5, 6, 5.5], "rotation": 270, "texture": "#0"},
				"down": {"uv": [1, 1.5, 6, 5.5], "rotation": 270, "texture": "#0"}
			}
		},
		{
			"from": [0, 6.75, 2.5],
			"to": [8, 7.75, 12.5],
			"rotation": {"angle": -22.5, "axis": "z", "origin": [8, 8, 7.5]},
			"faces": {
				"north": {"uv": [0, 1.5, 0.5, 5.5], "rotation": 270, "texture": "#0"},
				"east": {"uv": [1, 7, 6, 7.5], "rotation": 180, "texture": "#0"},
				"south": {"uv": [6.5, 1.5, 7, 5.5], "rotation": 90, "texture": "#0"},
				"west": {"uv": [1, 6, 6, 6.5], "texture": "#0"},
				"up": {"uv": [1, 1.5, 6, 5.5], "rotation": 90, "texture": "#0"},
				"down": {"uv": [1, 1.5, 6, 5.5], "rotation": 90, "texture": "#0"}
			}
		},
		{
			"from": [1, 7, 3],
			"to": [8, 8, 12],
			"rotation": {"angle": -22.5, "axis": "z", "origin": [8, 8, 7.5]},
			"faces": {
				"north": {"uv": [2.5, 8, 3, 11.5], "rotation": 270, "texture": "#0"},
				"east": {"uv": [1.5, 8, 6, 8.5], "rotation": 180, "texture": "#0"},
				"south": {"uv": [5.5, 8, 6, 11.5], "rotation": 90, "texture": "#0"},
				"west": {"uv": [1.5, 11, 6, 11.5], "texture": "#0"},
				"up": {"uv": [1.5, 8, 6, 11.5], "rotation": 90, "texture": "#0"},
				"down": {"uv": [1.5, 8, 6, 11.5], "rotation": 90, "texture": "#0"}
			}
		},
		{
			"from": [8, 7, 3],
			"to": [15, 8, 12],
			"rotation": {"angle": 22.5, "axis": "z", "origin": [8, 8, 7.5]},
			"faces": {
				"north": {"uv": [2.5, 8, 3, 11.5], "rotation": 90, "texture": "#0"},
				"east": {"uv": [1.5, 11, 6, 11.5], "rotation": 180, "texture": "#0"},
				"south": {"uv": [5.5, 8, 6, 11.5], "rotation": 270, "texture": "#0"},
				"west": {"uv": [1.5, 8, 6, 8.5], "texture": "#0"},
				"up": {"uv": [1.5, 8, 6, 11.5], "rotation": 270, "texture": "#0"},
				"down": {"uv": [1.5, 8, 6, 11.5], "rotation": 270, "texture": "#0"}
			}
		},
		{
			"from": [8.25, 8.5, 3],
			"to": [8.25, 15.5, 12],
			"rotation": {"angle": -22.5, "axis": "z", "origin": [6.75, 8, 6.5]},
			"faces": {
				"north": {"uv": [2.5, 8, 3, 11.5], "rotation": 180, "texture": "#0"},
				"east": {"uv": [1.5, 8, 6, 11.5], "rotation": 180, "texture": "#0"},
				"south": {"uv": [5.5, 8, 6, 11.5], "rotation": 180, "texture": "#0"},
				"west": {"uv": [1.5, 8, 6, 11.5], "rotation": 180, "texture": "#0"},
				"up": {"uv": [1.5, 11, 6, 11.5], "rotation": 90, "texture": "#0"},
				"down": {"uv": [1.5, 8, 6, 8.5], "rotation": 270, "texture": "#0"}
			}
		},
		{
			"from": [7.5, 6.5, 2.9],
			"to": [7.5, 13.5, 11.9],
			"rotation": {"angle": 45, "axis": "z", "origin": [6, 8, 6.5]},
			"faces": {
				"north": {"uv": [2.5, 8, 3, 11.5], "rotation": 180, "texture": "#0"},
				"east": {"uv": [1.5, 8, 6, 11.5], "rotation": 180, "texture": "#0"},
				"south": {"uv": [5.5, 8, 6, 11.5], "rotation": 180, "texture": "#0"},
				"west": {"uv": [1.5, 8, 6, 11.5], "rotation": 180, "texture": "#0"},
				"up": {"uv": [1.5, 11, 6, 11.5], "rotation": 90, "texture": "#0"},
				"down": {"uv": [1.5, 8, 6, 8.5], "rotation": 270, "texture": "#0"}
			}
		},
		{
			"from": [6.9, 6.5, 2.5],
			"to": [8.9, 7.5, 12.3],
			"rotation": {"angle": 0, "axis": "y", "origin": [7, 8, 6.5]},
			"faces": {
				"north": {"uv": [2.5, 0, 3.5, 0.5], "texture": "#0"},
				"east": {"uv": [1, 0, 6, 0.5], "texture": "#0"},
				"south": {"uv": [5, 0, 6, 0.5], "texture": "#0"},
				"west": {"uv": [1, 0.5, 6, 1], "texture": "#0"},
				"up": {"uv": [1, 0, 6, 1], "rotation": 90, "texture": "#0"},
				"down": {"uv": [1, 0, 6, 1], "rotation": 270, "texture": "#0"}
			}
		}
	]
}