{
  "targets": [
    "swap",
    "final"
  ],
  "passes": [
    {
      "name": "entity_outline",
      "intarget": "final",
      "outtarget": "swap"
    },
    {
      "name": "entity_outline_box_blur",
      "intarget": "swap",
      "outtarget": "final",
      "use_linear_filter": false,
      "uniforms": [
        {
          "name": "BlurDir",
          "values": [
            0.37,
            0
          ]
        }
      ]
    },
    {
      "name": "entity_outline_box_blur",
      "intarget": "final",
      "outtarget": "swap",
      "use_linear_filter": false,
      "uniforms": [
        {
          "name": "BlurDir",
          "values": [
            0,
            0.37
          ]
        }
      ]
    },
    {
      "name": "blit",
      "intarget": "swap",
      "outtarget": "final"
    }
  ]
}