{
	"credit": "Made with Blockbench by dragonmaster95",
	"ambientocclusion": false,
	"texture_size": [64, 32],
	"textures": {
		"0": "custom/screen1",
		"particle": "custom/screen1"
	},
	"elements": [
		{
			"from": [-16, -13, -0.1],
			"to": [32, 19, -0.1],
			"rotation": {"angle": 0, "axis": "y", "origin": [8, 0, -0.82]},
			"faces": {
				"north": {"uv": [0, 0, 12.25, 16], "texture": "#0", "cullface": "north"}
			}
		},
		{
			"from": [29, -13, -2],
			"to": [32, 19, 0],
			"rotation": {"angle": 0, "axis": "y", "origin": [8, 0, -0.82]},
			"faces": {
				"north": {"uv": [0, 0, 0.75, 16], "texture": "#0", "cullface": "north"},
				"east": {"uv": [0, 0, 0.25, 16], "texture": "#0", "cullface": "north"},
				"south": {"uv": [12.25, 0, 13.125, 2.625], "texture": "#0", "cullface": "north"},
				"west": {"uv": [0.5, 0, 0.75, 16], "texture": "#0", "cullface": "north"},
				"up": {"uv": [0, 0, 0.75, 0.5], "texture": "#0", "cullface": "north"},
				"down": {"uv": [0, 15.5, 0.75, 16], "texture": "#0", "cullface": "north"}
			}
		},
		{
			"from": [-16, -13, -2],
			"to": [-13, 19, 0],
			"rotation": {"angle": 0, "axis": "y", "origin": [8, 0, -0.82]},
			"faces": {
				"north": {"uv": [11.5, 0, 12.25, 16], "texture": "#0", "cullface": "north"},
				"east": {"uv": [11.5, 0, 11.75, 16], "texture": "#0", "cullface": "north"},
				"south": {"uv": [12.25, 0, 13.125, 2.625], "texture": "#0", "cullface": "north"},
				"west": {"uv": [12, 0, 12.25, 16], "texture": "#0", "cullface": "north"},
				"up": {"uv": [11.5, 0, 12.25, 0.5], "texture": "#0", "cullface": "north"},
				"down": {"uv": [11.5, 15.5, 12.25, 16], "texture": "#0", "cullface": "north"}
			}
		},
		{
			"from": [-13, 16, -2],
			"to": [29, 19, 0],
			"rotation": {"angle": 0, "axis": "y", "origin": [8, 0, -0.82]},
			"faces": {
				"north": {"uv": [0.75, 0, 11.5, 1.5], "texture": "#0", "cullface": "north"},
				"south": {"uv": [12.25, 0, 13.125, 2.625], "texture": "#0", "cullface": "north"},
				"up": {"uv": [0.75, 0, 11.5, 0.5], "rotation": 180, "texture": "#0", "cullface": "north"},
				"down": {"uv": [0.75, 1, 11.5, 1.5], "rotation": 180, "texture": "#0", "cullface": "north"}
			}
		},
		{
			"from": [-13, -13, -2],
			"to": [29, -10, 0],
			"rotation": {"angle": 0, "axis": "y", "origin": [8, 0, -0.82]},
			"faces": {
				"north": {"uv": [0.75, 14.5, 11.5, 16], "texture": "#0", "cullface": "north"},
				"south": {"uv": [12.25, 0, 13.125, 2.625], "texture": "#0", "cullface": "north"},
				"up": {"uv": [0.75, 14.5, 11.5, 15], "rotation": 180, "texture": "#0", "cullface": "north"},
				"down": {"uv": [0.75, 15.5, 11.5, 16], "texture": "#0", "cullface": "north"}
			}
		}
	]
}