{
    "providers": [
	{
            "type": "space",
            "advances":{"":-0.866}
        },
        {
            "type": "bitmap",
            "file": "minecraft:custom/menu/start/play_off.png",
            "ascent": 7,
            "height": 9,
            "chars": ["\uE000"]
        },
        {
            "type": "bitmap",
            "file": "minecraft:custom/menu/start/play_on.png",
            "ascent": 7,
            "height": 9,
            "chars": ["\uE001"]
        },
        {
            "type": "bitmap",
            "file": "minecraft:custom/menu/select/start_default.png",
            "ascent": 7,
            "height": 9,
            "chars": ["\uE002"]
        },
        {
            "type": "bitmap",
            "file": "minecraft:custom/menu/select/top_left.png",
            "ascent": 7,
            "height": 9,
            "chars": ["\uE003"]
        },
        {
            "type": "bitmap",
            "file": "minecraft:custom/menu/select/top_right.png",
            "ascent": 7,
            "height": 9,
            "chars": ["\uE004"]
        },
        {
            "type": "bitmap",
            "file": "minecraft:custom/menu/select/bot_left.png",
            "ascent": 7,
            "height": 9,
            "chars": ["\uE005"]
        },
        {
            "type": "bitmap",
            "file": "minecraft:custom/menu/select/bot_right.png",
            "ascent": 7,
            "height": 9,
            "chars": ["\uE006"]
        },
        {
            "type": "bitmap",
            "file": "minecraft:custom/menu/select/style_blank.png",
            "ascent": 7,
            "height": 9,
            "chars": ["\uE007"]
        },
        {
            "type": "bitmap",
            "file": "minecraft:custom/menu/select/style_bubble.png",
            "ascent": 7,
            "height": 9,
            "chars": ["\uE008"]
        },
        {
            "type": "bitmap",
            "file": "minecraft:custom/menu/select/style_mob.png",
            "ascent": 7,
            "height": 9,
            "chars": ["\uE009"]
        },
        {
            "type": "bitmap",
            "file": "minecraft:custom/menu/select/color_default.png",
            "ascent": 7,
            "height": 9,
            "chars": ["\uE010"]
        },
        {
            "type": "bitmap",
            "file": "minecraft:custom/menu/select/color_01.png",
            "ascent": 7,
            "height": 9,
            "chars": ["\uE011"]
        },
        {
            "type": "bitmap",
            "file": "minecraft:custom/menu/select/color_02.png",
            "ascent": 7,
            "height": 9,
            "chars": ["\uE012"]
        },
        {
            "type": "bitmap",
            "file": "minecraft:custom/menu/select/color_03.png",
            "ascent": 7,
            "height": 9,
            "chars": ["\uE013"]
        },
        {
            "type": "bitmap",
            "file": "minecraft:custom/menu/select/color_04.png",
            "ascent": 7,
            "height": 9,
            "chars": ["\uE014"]
        },
        {
            "type": "bitmap",
            "file": "minecraft:custom/menu/select/color_05.png",
            "ascent": 7,
            "height": 9,
            "chars": ["\uE015"]
        },
        {
            "type": "bitmap",
            "file": "minecraft:custom/menu/select/color_06.png",
            "ascent": 7,
            "height": 9,
            "chars": ["\uE016"]
        },
        {
            "type": "bitmap",
            "file": "minecraft:custom/menu/select/color_07.png",
            "ascent": 7,
            "height": 9,
            "chars": ["\uE017"]
        },
        {
            "type": "bitmap",
            "file": "minecraft:custom/menu/select/color_08.png",
            "ascent": 7,
            "height": 9,
            "chars": ["\uE018"]
        },
        {
            "type": "bitmap",
            "file": "minecraft:custom/menu/select/color_09.png",
            "ascent": 7,
            "height": 9,
            "chars": ["\uE019"]
        },
        {
            "type": "bitmap",
            "file": "minecraft:custom/menu/select/color_10.png",
            "ascent": 7,
            "height": 9,
            "chars": ["\uE020"]
        },
        {
            "type": "bitmap",
            "file": "minecraft:custom/menu/select/color_11.png",
            "ascent": 7,
            "height": 9,
            "chars": ["\uE021"]
        },
        {
            "type": "bitmap",
            "file": "minecraft:custom/menu/select/color_12.png",
            "ascent": 7,
            "height": 9,
            "chars": ["\uE022"]
        },
        {
            "type": "bitmap",
            "file": "minecraft:custom/menu/select/color_13.png",
            "ascent": 7,
            "height": 9,
            "chars": ["\uE023"]
        },
        {
            "type": "bitmap",
            "file": "minecraft:custom/menu/select/color_14.png",
            "ascent": 7,
            "height": 9,
            "chars": ["\uE024"]
        },
        {
            "type": "bitmap",
            "file": "minecraft:custom/menu/select/color_15.png",
            "ascent": 7,
            "height": 9,
            "chars": ["\uE025"]
        },
        {
            "type": "bitmap",
            "file": "minecraft:custom/menu/select/color_16.png",
            "ascent": 7,
            "height": 9,
            "chars": ["\uE026"]
        },
        {
            "type": "bitmap",
            "file": "minecraft:custom/menu/start/logo_0.png",
            "ascent": 7,
            "height": 9,
            "chars": ["\uE100"]
        },
        {
            "type": "bitmap",
            "file": "minecraft:custom/menu/start/logo_1.png",
            "ascent": 7,
            "height": 9,
            "chars": ["\uE101"]
        },
        {
            "type": "bitmap",
            "file": "minecraft:custom/menu/start/logo_2.png",
            "ascent": 7,
            "height": 9,
            "chars": ["\uE102"]
        },
        {
            "type": "bitmap",
            "file": "minecraft:custom/menu/start/logo_3.png",
            "ascent": 7,
            "height": 9,
            "chars": ["\uE103"]
        }
    ]
}