{
   "providers": [
      {
         "type": "bitmap",
         "file": "minecraft:custom/teamscripted1.png",
         "ascent": 27.5,
         "height": 50,
         "chars": ["\uE000"]
      },

{
         "type": "bitmap",
         "file": "minecraft:custom/teamscripted2.png",
         "ascent": 50,
         "height": 100,
         "chars": ["\uE001"]
      },

{
         "type": "bitmap",
         "file": "minecraft:custom/teamscripted3.png",
         "ascent": 12.5,
         "height": 25,
         "chars": ["\uE002"]
      },
{
         "type": "bitmap",
         "file": "minecraft:custom/blindness.png",
         "ascent": 22,
         "height": 22,
         "chars": ["\uE003"]
      },
{
         "type": "bitmap",
         "file": "minecraft:custom/boost.png",
         "ascent": 22,
         "height": 22,
         "chars": ["\uE004"]
      },
{
         "type": "bitmap",
         "file": "minecraft:custom/break_wand.png",
         "ascent": 22,
         "height": 22,
         "chars": ["\uE005"]
      },
{
         "type": "bitmap",
         "file": "minecraft:custom/instant_ko.png",
         "ascent": 22,
         "height": 22,
         "chars": ["\uE006"]
      },
{
         "type": "bitmap",
         "file": "minecraft:custom/absorption.png",
         "ascent": 22,
         "height": 22,
         "chars": ["\uE007"]
      },
{
         "type": "bitmap",
         "file": "minecraft:custom/invulnerability.png",
         "ascent": 22,
         "height": 22,
         "chars": ["\uE008"]
      },
{
         "type": "bitmap",
         "file": "minecraft:custom/launch.png",
         "ascent": 22,
         "height": 22,
         "chars": ["\uE009"]
      },
{
         "type": "bitmap",
         "file": "minecraft:custom/nausea.png",
         "ascent": 22,
         "height": 22,
         "chars": ["\uE010"]
      },
{
         "type": "bitmap",
         "file": "minecraft:custom/no_cooldown.png",
         "ascent": 22,
         "height": 22,
         "chars": ["\uE011"]
      },
{
         "type": "bitmap",
         "file": "minecraft:custom/powerups.png",
         "ascent": 57.5,
         "height": 115,
         "chars": ["\uE012"]
      },
{
         "type": "bitmap",
         "file": "minecraft:custom/regeneration.png",
         "ascent": 22,
         "height": 22,
         "chars": ["\uE013"]
      },
{
         "type": "bitmap",
         "file": "minecraft:custom/spin.png",
         "ascent": 22,
         "height": 22,
         "chars": ["\uE014"]
      },
{
         "type": "bitmap",
         "file": "minecraft:custom/blindness.png",
         "ascent": 66,
         "height": 88,
         "chars": ["\uE015"]
      },
{
         "type": "bitmap",
         "file": "minecraft:custom/boost.png",
         "ascent": 66,
         "height": 88,
         "chars": ["\uE016"]
      },
{
         "type": "bitmap",
         "file": "minecraft:custom/break_wand.png",
         "ascent": 66,
         "height": 88,
         "chars": ["\uE017"]
      },
{
         "type": "bitmap",
         "file": "minecraft:custom/instant_ko.png",
         "ascent": 66,
         "height": 88,
         "chars": ["\uE018"]
      },
{
         "type": "bitmap",
         "file": "minecraft:custom/absorption.png",
         "ascent": 66,
         "height": 88,
         "chars": ["\uE019"]
      },
{
         "type": "bitmap",
         "file": "minecraft:custom/invulnerability.png",
         "ascent": 66,
         "height": 88,
         "chars": ["\uE020"]
      },
{
         "type": "bitmap",
         "file": "minecraft:custom/launch.png",
         "ascent": 66,
         "height": 88,
         "chars": ["\uE021"]
      },
{
         "type": "bitmap",
         "file": "minecraft:custom/nausea.png",
         "ascent": 66,
         "height": 88,
         "chars": ["\uE022"]
      },
{
         "type": "bitmap",
         "file": "minecraft:custom/no_cooldown.png",
         "ascent": 66,
         "height": 88,
         "chars": ["\uE023"]
      },
{
         "type": "bitmap",
         "file": "minecraft:custom/regeneration.png",
         "ascent": 66,
         "height": 88,
         "chars": ["\uE024"]
      },
{
         "type": "bitmap",
         "file": "minecraft:custom/spin.png",
         "ascent": 66,
         "height": 88,
         "chars": ["\uE025"]
      },
{
         "type": "bitmap",
         "file": "minecraft:item/paper.png",
         "ascent": 32,
         "height": 32,
         "chars": ["\uE026"]
      }
	]
}