{
	"credit": "Made with Blockbench",
	"textures": {
		"0": "block/magic_wand",
		"particle": "block/magic_wand"
	},
	"elements": [
		{
			"from": [7, 11.02082, 8.12132],
			"to": [9, 20.02082, 10.12132],
			"rotation": {"angle": 45, "axis": "x", "origin": [8, 11.02082, 9.12132]},
			"faces": {
				"north": {"uv": [2, 0, 4, 9], "texture": "#0"},
				"east": {"uv": [2, 0, 4, 9], "texture": "#0"},
				"south": {"uv": [2, 0, 4, 9], "texture": "#0"},
				"west": {"uv": [2, 0, 4, 9], "texture": "#0"},
				"up": {"uv": [4, 11, 6, 13], "texture": "#0"},
				"down": {"uv": [2, 0, 4, 9], "texture": "#0"}
			}
		},
		{
			"from": [7, 2.02082, 8.12132],
			"to": [9, 11.02082, 10.12132],
			"rotation": {"angle": 45, "axis": "x", "origin": [8, 11.02082, 9.12132]},
			"faces": {
				"north": {"uv": [6, 0, 8, 9], "texture": "#0"},
				"east": {"uv": [6, 0, 8, 9], "texture": "#0"},
				"south": {"uv": [6, 0, 8, 9], "texture": "#0"},
				"west": {"uv": [6, 0, 8, 9], "texture": "#0"},
				"up": {"uv": [6, 0, 8, 9], "texture": "#0"},
				"down": {"uv": [6, 11, 8, 13], "texture": "#0"}
			}
		}
	]
}