{
	"credit": "Made with Blockbench by dragonmaster95",
	"texture_size": [64, 32],
	"textures": {
		"0": "entity/spider/cave_spider",
		"1": "entity/spider_eyes",
		"particle": "entity/spider_eyes"
	},
	"elements": [
		{
			"name": "Head",
			"from": [1, 17, -16],
			"to": [15, 31, -2],
			"rotation": {"angle": 45, "axis": "z", "origin": [8, 8, 8]},
			"faces": {
				"north": {"uv": [10, 6, 12, 10], "texture": "#0"},
				"east": {"uv": [8, 6, 10, 10], "texture": "#0"},
				"south": {"uv": [14, 6, 16, 10], "texture": "#0"},
				"west": {"uv": [12, 6, 14, 10], "texture": "#0"},
				"up": {"uv": [10, 2, 12, 6], "texture": "#0"},
				"down": {"uv": [12, 2, 14, 6], "texture": "#0"}
			}
		},
		{
			"name": "Head",
			"from": [1, 17, -16],
			"to": [15, 31, -2],
			"rotation": {"angle": 45, "axis": "z", "origin": [8, 8, 8]},
			"faces": {
				"north": {"uv": [10, 6, 12, 10], "texture": "#1"},
				"east": {"uv": [8, 6, 10, 10], "texture": "#1"},
				"west": {"uv": [12, 6, 14, 10], "texture": "#1"}
			}
		},
		{
			"name": "Middle",
			"from": [2.5, 18.5, -2],
			"to": [13.5, 29.5, 9],
			"rotation": {"angle": 45, "axis": "z", "origin": [8, 8, 8]},
			"faces": {
				"north": {"uv": [1.5, 3, 3, 6], "texture": "#0"},
				"east": {"uv": [0, 3, 1.5, 6], "texture": "#0"},
				"south": {"uv": [4.5, 3, 6, 6], "texture": "#0"},
				"west": {"uv": [3, 3, 4.5, 6], "texture": "#0"},
				"up": {"uv": [1.5, 0, 3, 3], "texture": "#0"},
				"down": {"uv": [3, 0, 4.5, 3], "texture": "#0"}
			}
		},
		{
			"name": "Back",
			"from": [-1, 17, 8],
			"to": [17, 31, 32],
			"rotation": {"angle": 45, "axis": "z", "origin": [8, 8, 8]},
			"faces": {
				"north": {"uv": [3, 12, 5.5, 16], "texture": "#0"},
				"east": {"uv": [0, 12, 3, 16], "texture": "#0"},
				"south": {"uv": [8.5, 12, 11.5, 16], "texture": "#0"},
				"west": {"uv": [6, 12, 9, 16], "texture": "#0"},
				"up": {"uv": [3, 6, 5.5, 12], "rotation": 180, "texture": "#0"},
				"down": {"uv": [5.5, 6, 8, 12], "texture": "#0"}
			}
		},
		{
			"name": "Leg1",
			"from": [0, 21, 0],
			"to": [23, 25, 4],
			"faces": {
				"north": {"uv": [6.5, 1, 9, 2], "texture": "#0"},
				"east": {"uv": [9, 1, 9.5, 2], "texture": "#0"},
				"south": {"uv": [10.5, 1, 13, 2], "texture": "#0"},
				"west": {"uv": [6, 12, 9, 16], "texture": "#0"},
				"up": {"uv": [6.5, 0, 9, 1], "texture": "#0"},
				"down": {"uv": [10.5, 0, 13, 1], "texture": "#0"}
			}
		},
		{
			"name": "Leg2",
			"from": [0, 20.9, 0],
			"to": [25, 24.9, 4],
			"rotation": {"angle": -22.5, "axis": "y", "origin": [-6, 22, 2]},
			"faces": {
				"north": {"uv": [6, 1, 9, 2], "texture": "#0"},
				"east": {"uv": [9, 1, 9.5, 2], "texture": "#0"},
				"south": {"uv": [10, 1, 13, 2], "texture": "#0"},
				"west": {"uv": [6, 12, 9, 16], "texture": "#0"},
				"up": {"uv": [6, 0, 9, 1], "texture": "#0"},
				"down": {"uv": [10, 0, 13, 1], "texture": "#0"}
			}
		},
		{
			"name": "Leg3",
			"from": [0, 21.1, 0],
			"to": [32, 25.1, 4],
			"rotation": {"angle": -45, "axis": "y", "origin": [-6, 22, 2]},
			"faces": {
				"north": {"uv": [5.5, 1, 9, 2], "texture": "#0"},
				"east": {"uv": [9, 1, 9.5, 2], "texture": "#0"},
				"south": {"uv": [9.5, 1, 13, 2], "texture": "#0"},
				"west": {"uv": [6, 12, 9, 16], "texture": "#0"},
				"up": {"uv": [5.5, 0, 9, 1], "texture": "#0"},
				"down": {"uv": [9.5, 0, 13, 1], "texture": "#0"}
			}
		},
		{
			"name": "Leg4",
			"from": [0, 21.1, 0],
			"to": [24, 25.1, 4],
			"rotation": {"angle": 22.5, "axis": "y", "origin": [-6, 22, 2]},
			"faces": {
				"north": {"uv": [5.5, 1, 9, 2], "texture": "#0"},
				"east": {"uv": [9, 1, 9.5, 2], "texture": "#0"},
				"south": {"uv": [9.5, 1, 13, 2], "texture": "#0"},
				"west": {"uv": [6, 12, 9, 16], "texture": "#0"},
				"up": {"uv": [5.5, 0, 9, 1], "texture": "#0"},
				"down": {"uv": [11.5, 0, 13, 1], "texture": "#0"}
			}
		},
		{
			"name": "Leg5",
			"from": [-9, -7, 0],
			"to": [-5, 16, 4],
			"faces": {
				"north": {"uv": [5.5, 1, 8.5, 2], "rotation": 270, "texture": "#0"},
				"east": {"uv": [10, 0, 13, 1], "rotation": 90, "texture": "#0"},
				"south": {"uv": [10, 1, 13, 2], "rotation": 90, "texture": "#0"},
				"west": {"uv": [6, 0, 9, 1], "rotation": 90, "texture": "#0"},
				"up": {"uv": [6.5, 0, 9, 1], "texture": "#0"},
				"down": {"uv": [5.5, 0, 6, 1], "texture": "#0"}
			}
		},
		{
			"name": "Leg6",
			"from": [-9, -9, 0],
			"to": [-5, 16, 4],
			"rotation": {"angle": -22.5, "axis": "x", "origin": [-6, 22, 2]},
			"faces": {
				"north": {"uv": [5.5, 1, 8.5, 2], "rotation": 270, "texture": "#0"},
				"east": {"uv": [10, 0, 13, 1], "rotation": 90, "texture": "#0"},
				"south": {"uv": [10.5, 1, 13, 2], "rotation": 90, "texture": "#0"},
				"west": {"uv": [6, 0, 9, 1], "rotation": 90, "texture": "#0"},
				"up": {"uv": [6.5, 0, 9, 1], "texture": "#0"},
				"down": {"uv": [5.5, 0, 6, 1], "texture": "#0"}
			}
		},
		{
			"name": "Leg7",
			"from": [-9, -16, 0],
			"to": [-5, 16, 4],
			"rotation": {"angle": -45, "axis": "x", "origin": [-6, 22, 2]},
			"faces": {
				"north": {"uv": [5.5, 1, 8.5, 2], "rotation": 270, "texture": "#0"},
				"east": {"uv": [10, 0, 13, 1], "rotation": 90, "texture": "#0"},
				"south": {"uv": [10.5, 1, 13, 2], "rotation": 90, "texture": "#0"},
				"west": {"uv": [6, 0, 9, 1], "rotation": 90, "texture": "#0"},
				"up": {"uv": [6.5, 0, 9, 1], "texture": "#0"},
				"down": {"uv": [5.5, 0, 6, 1], "texture": "#0"}
			}
		},
		{
			"name": "Cube",
			"from": [-9, -8, 0],
			"to": [-5, 16, 4],
			"rotation": {"angle": 22.5, "axis": "x", "origin": [-6, 22, 2]},
			"faces": {
				"north": {"uv": [5.5, 1, 8.5, 2], "rotation": 270, "texture": "#0"},
				"east": {"uv": [10, 0, 13, 1], "rotation": 90, "texture": "#0"},
				"south": {"uv": [10.5, 1, 13, 2], "rotation": 90, "texture": "#0"},
				"west": {"uv": [6, 0, 9, 1], "rotation": 90, "texture": "#0"},
				"up": {"uv": [6.5, 0, 9, 1], "texture": "#0"},
				"down": {"uv": [5.5, 0, 6, 1], "texture": "#0"}
			}
		}
	],
	"display": {
		"thirdperson_righthand": {
			"rotation": [90, 0, -45],
			"translation": [-6, 0, -10],
			"scale": [3, 3, 3]
		},
		"ground": {
			"rotation": [0, 0, -45]
		},
		"gui": {
			"rotation": [30, 135, -45],
			"translation": [0, -3, 0],
			"scale": [0.34, 0.34, 0.34]
		},
		"head": {
			"rotation": [0, 0, -45],
			"translation": [0, -40, 0],
			"scale": [3, 3, 3]
		},
		"fixed": {
			"rotation": [-90, 0, -45],
			"translation": [0, -0.25, 0.25],
			"scale": [0.55, 0.55, 0.55]
		}
	}
}