{
	"parent": "item/handheld_rod",
	"textures": {
		"layer0": "item/carrot_on_a_stick"
	},
	"overrides": [
	    {"predicate": {"custom_model_data": 1}, "model": "custom/wd_up_triangle"},
	    {"predicate": {"custom_model_data": 2}, "model": "custom/wd_left_circle"},
	    {"predicate": {"custom_model_data": 3}, "model": "custom/wd_down_square"},
        {"predicate": {"custom_model_data": 4}, "model": "custom/wd_right_star"},
        {"predicate": {"custom_model_data": 5}, "model": "custom/tp_to_cauldron"}
	]
}