{
	"credit": "Made with Blockbench by dragonmaster95",
	"parent": "item/orange_carpet",
	"textures": {
		"0": "block/planks_painting",
		"1": "item/painting_test"
	},
	"elements": [
		{
			"name": "45",
			"from": [1, 0, 7],
			"to": [3, 2, 9],
			"rotation": {"angle": 45, "axis": "z", "origin": [1, 0, 8]},
			"faces": {
				"north": {"uv": [0, 0, 5, 5], "rotation": 90, "texture": "#0"},
				"east": {"uv": [0, 5, 5, 6], "texture": "#0"},
				"south": {"uv": [0, 0, 5, 5], "rotation": 90, "texture": "#0"},
				"west": {"uv": [0, 5, 5, 6], "texture": "#0"},
				"up": {"uv": [0, 5, 5, 6], "rotation": 90, "texture": "#0"},
				"down": {"uv": [0, 5, 5, 6], "rotation": 90, "texture": "#0"}
			}
		},
		{
			"name": "Cube",
			"from": [0, 1, 7.3],
			"to": [1.5, 15, 8.7],
			"faces": {
				"north": {"uv": [0.5, 10, 7.5, 11], "texture": "#0"},
				"east": {"uv": [0.5, 10, 7.5, 11], "texture": "#0"},
				"south": {"uv": [0.5, 10, 7.5, 11], "texture": "#0"},
				"west": {"uv": [0.5, 10, 7.5, 11], "texture": "#0"}
			}
		},
		{
			"name": "Cube",
			"from": [1, 0.5, 7.3],
			"to": [15.5, 2, 8.7],
			"faces": {
				"north": {"uv": [0.5, 10, 7.5, 11], "rotation": 90, "texture": "#0"},
				"south": {"uv": [0.5, 10, 7.5, 11], "rotation": 90, "texture": "#0"},
				"up": {"uv": [0.5, 10, 7.5, 11], "rotation": 90, "texture": "#0"},
				"down": {"uv": [0.5, 10, 7.5, 11], "rotation": 90, "texture": "#0"}
			}
		},
		{
			"name": "45",
			"from": [1, 14, 7],
			"to": [3, 16, 9],
			"rotation": {"angle": 45, "axis": "z", "origin": [1, 14, 8]},
			"faces": {
				"north": {"uv": [0, 0, 5, 5], "rotation": 270, "texture": "#0"},
				"east": {"uv": [0, 5, 5, 6], "texture": "#0"},
				"south": {"uv": [0, 0, 5, 5], "rotation": 270, "texture": "#0"},
				"west": {"uv": [0, 5, 5, 6], "texture": "#0"},
				"up": {"uv": [0, 5, 5, 6], "rotation": 90, "texture": "#0"},
				"down": {"uv": [0, 5, 5, 6], "rotation": 90, "texture": "#0"}
			}
		},
		{
			"name": "45",
			"from": [15.5, 14, 7],
			"to": [17.5, 16, 9],
			"rotation": {"angle": 45, "axis": "z", "origin": [15.5, 14, 8]},
			"faces": {
				"north": {"uv": [0, 0, 5, 5], "rotation": 270, "texture": "#0"},
				"east": {"uv": [0, 5, 5, 6], "texture": "#0"},
				"south": {"uv": [0, 0, 5, 5], "rotation": 270, "texture": "#0"},
				"west": {"uv": [0, 5, 5, 6], "texture": "#0"},
				"up": {"uv": [0, 5, 5, 6], "rotation": 90, "texture": "#0"},
				"down": {"uv": [0, 5, 5, 6], "rotation": 90, "texture": "#0"}
			}
		},
		{
			"name": "45",
			"from": [15.5, 0, 7],
			"to": [17.5, 2, 9],
			"rotation": {"angle": 45, "axis": "z", "origin": [15.5, 0, 8]},
			"faces": {
				"north": {"uv": [0, 0, 5, 5], "rotation": 90, "texture": "#0"},
				"east": {"uv": [0, 5, 5, 6], "texture": "#0"},
				"south": {"uv": [0, 0, 5, 5], "rotation": 90, "texture": "#0"},
				"west": {"uv": [0, 5, 5, 6], "texture": "#0"},
				"up": {"uv": [0, 5, 5, 6], "rotation": 90, "texture": "#0"},
				"down": {"uv": [0, 5, 5, 6], "rotation": 90, "texture": "#0"}
			}
		},
		{
			"name": "Cube",
			"from": [15, 1, 7.3],
			"to": [16.5, 15, 8.7],
			"faces": {
				"north": {"uv": [0.5, 10, 7.5, 11], "texture": "#0"},
				"east": {"uv": [0.5, 10, 7.5, 11], "texture": "#0"},
				"south": {"uv": [0.5, 10, 7.5, 11], "texture": "#0"},
				"west": {"uv": [0.5, 10, 7.5, 11], "texture": "#0"}
			}
		},
		{
			"name": "Cube",
			"from": [1, 15, 7.3],
			"to": [15.5, 16.5, 8.7],
			"faces": {
				"north": {"uv": [0.5, 10, 7.5, 11], "rotation": 90, "texture": "#0"},
				"south": {"uv": [0.5, 10, 7.5, 11], "rotation": 90, "texture": "#0"},
				"up": {"uv": [0.5, 10, 7.5, 11], "rotation": 90, "texture": "#0"},
				"down": {"uv": [0.5, 10, 7.5, 11], "rotation": 90, "texture": "#0"}
			}
		},
		{
			"name": "Painting",
			"from": [1.5, 2, 8],
			"to": [15, 15.5, 8],
			"faces": {
				"south": {"uv": [0, 0, 16, 16], "texture": "#1"}
			}
		},
		{
			"name": "Big 45",
			"from": [6.5, 15.12132, 7],
			"to": [9.5, 18.12132, 9],
			"rotation": {"angle": 45, "axis": "z", "origin": [8, 16.62132, 8]},
			"faces": {
				"north": {"uv": [5, 0, 12, 7], "texture": "#0"},
				"east": {"uv": [0, 5, 5, 6], "texture": "#0"},
				"south": {"uv": [5, 0, 12, 7], "rotation": 90, "texture": "#0"},
				"west": {"uv": [0, 5, 5, 6], "texture": "#0"},
				"up": {"uv": [0, 5, 5, 6], "rotation": 90, "texture": "#0"},
				"down": {"uv": [0, 5, 5, 6], "rotation": 90, "texture": "#0"}
			}
		}
	],
	"gui_light": "front"
}