{
    "parent": "item/generated",
    "textures": {
        "layer0": "item/echo_shard"
    },
	"overrides": [
	    {"predicate": {"custom_model_data": 1}, "model": "objmc/warden_idle"},
	    {"predicate": {"custom_model_data": 2}, "model": "objmc/warden_up"},
	    {"predicate": {"custom_model_data": 3}, "model": "objmc/warden_down"},
	    {"predicate": {"custom_model_data": 4}, "model": "objmc/warden_left"},
	    {"predicate": {"custom_model_data": 5}, "model": "objmc/warden_right"},
	    {"predicate": {"custom_model_data": 6}, "model": "objmc/warden_clap"}
	]
}
