{
	"parent": "item/generated",
	"textures": {
		"layer0": "item/iron_nugget"
	},
	"overrides": [
		    {"predicate": {"custom_model_data": 2}, "model": "item/creeper_head"},
		    {"predicate": {"custom_model_data": 5}, "model": "costumes/enderman"},
		    {"predicate": {"custom_model_data": 7}, "model": "item/shulker_box"},
           {"predicate": {"custom_model_data": 13}, "model": "costumes/strider"},
           {"predicate": {"custom_model_data": 14}, "model": "costumes/wither"},
           {"predicate": {"custom_model_data": 15}, "model": "costumes/ghast"},
		   {"predicate": {"custom_model_data": 16}, "model": "costumes/blaze"},
           {"predicate": {"custom_model_data": 19}, "model": "costumes/warden"},
		   {"predicate": {"custom_model_data": 22}, "model": "costumes/pufferfish_middle"},
    	   {"predicate": {"custom_model_data": 25}, "model": "costumes/goat"},
    	   {"predicate": {"custom_model_data": 26}, "model": "costumes/arch_illager"},
           {"predicate": {"custom_model_data": 32}, "model": "costumes/bee"},
         

		  
         {"predicate": {"custom_model_data": 1004}, "model": "costumes/spider"},
         {"predicate": {"custom_model_data": 1009}, "model": "costumes/slime"},
         {"predicate": {"custom_model_data": 1011}, "model": "costumes/ghost"},
         {"predicate": {"custom_model_data": 1012}, "model": "costumes/allay"},
         {"predicate": {"custom_model_data": 1018}, "model": "costumes/hoglin"},
         {"predicate": {"custom_model_data": 1023}, "model": "costumes/guardian"},
		 
         {"predicate": {"custom_model_data": 1104}, "model": "costumes/cave_spider"},
         {"predicate": {"custom_model_data": 1109}, "model": "costumes/magma_cube"},
         {"predicate": {"custom_model_data": 1111}, "model": "costumes/gold_ghost"},
         {"predicate": {"custom_model_data": 1112}, "model": "costumes/vex"},
         {"predicate": {"custom_model_data": 1118}, "model": "costumes/zoglin"},
         {"predicate": {"custom_model_data": 1123}, "model": "costumes/elder_guardian"},
		 
		 
         {"predicate": {"custom_model_data": 2006}, "model": "costumes/bat"},
         {"predicate": {"custom_model_data": 2010}, "model": "block/jack_o_lantern"},
         {"predicate": {"custom_model_data": 2020}, "model": "costumes/frog_orange"},
         {"predicate": {"custom_model_data": 2024}, "model": "costumes/squid"},
         {"predicate": {"custom_model_data": 2029}, "model": "costumes/wolf"},
		 
         {"predicate": {"custom_model_data": 2106}, "model": "costumes/phantom"},
         {"predicate": {"custom_model_data": 2110}, "model": "costumes/headless_horseman"},
         {"predicate": {"custom_model_data": 2120}, "model": "costumes/frog_white"},
         {"predicate": {"custom_model_data": 2124}, "model": "costumes/glow_squid"},
         {"predicate": {"custom_model_data": 2129}, "model": "costumes/fox"},
		 
         {"predicate": {"custom_model_data": 2206}, "model": "costumes/ender_dragon"},
         {"predicate": {"custom_model_data": 2210}, "model": "costumes/white_pumpkin"},
         {"predicate": {"custom_model_data": 2220}, "model": "costumes/frog_green"},
         {"predicate": {"custom_model_data": 2224}, "model": "costumes/turtle"},
         {"predicate": {"custom_model_data": 2229}, "model": "costumes/snow_fox"},
		 
		 
         {"predicate": {"custom_model_data": 3001}, "model": "item/skeleton_skull"},
         {"predicate": {"custom_model_data": 3003}, "model": "costumes/zombie"},
         {"predicate": {"custom_model_data": 3017}, "model": "costumes/piglin"},
         {"predicate": {"custom_model_data": 3028}, "model": "costumes/llama_brown"},
		 
         {"predicate": {"custom_model_data": 3101}, "model": "costumes/stray"},
         {"predicate": {"custom_model_data": 3103}, "model": "costumes/husk"},
         {"predicate": {"custom_model_data": 3117}, "model": "costumes/piglin_brute"},
		 {"predicate": {"custom_model_data": 3128}, "model": "costumes/trader_llama_beige"},

		 {"predicate": {"custom_model_data": 3201}, "model": "item/wither_skeleton_skull"},
         {"predicate": {"custom_model_data": 3203}, "model": "costumes/drowned"},
         {"predicate": {"custom_model_data": 3217}, "model": "costumes/piglin_chan"},   
		 {"predicate": {"custom_model_data": 3228}, "model": "costumes/llama_gray_bandito"},
		 
		 {"predicate": {"custom_model_data": 3301}, "model": "costumes/sans"},
		 {"predicate": {"custom_model_data": 3303}, "model": "costumes/zombie_villager"},
         {"predicate": {"custom_model_data": 3317}, "model": "costumes/zombified_piglin"},
		 {"predicate": {"custom_model_data": 3328}, "model": "costumes/llama_white_decorated"},

		 
         {"predicate": {"custom_model_data": 5021}, "model": "costumes/axolotl_lucy"},
         {"predicate": {"custom_model_data": 5121}, "model": "costumes/axolotl_cyan"},
         {"predicate": {"custom_model_data": 5221}, "model": "costumes/axolotl_gold"},
         {"predicate": {"custom_model_data": 5321}, "model": "costumes/axolotl_wild"},
         {"predicate": {"custom_model_data": 5421}, "model": "costumes/axolotl_blue"},
         {"predicate": {"custom_model_data": 5521}, "model": "costumes/axolotl_green"},
		 
		 
         {"predicate": {"custom_model_data": 6008}, "model": "costumes/witch"},
         {"predicate": {"custom_model_data": 6030}, "model": "costumes/horse_brown"},
         {"predicate": {"custom_model_data": 6031}, "model": "costumes/horse_brown_back"},
		 
		 {"predicate": {"custom_model_data": 6108}, "model": "costumes/vindicator"},
         {"predicate": {"custom_model_data": 6130}, "model": "costumes/horse_white"},
         {"predicate": {"custom_model_data": 6131}, "model": "costumes/horse_white_back"},
		 
		 {"predicate": {"custom_model_data": 6208}, "model": "costumes/pillager"},
         {"predicate": {"custom_model_data": 6230}, "model": "costumes/horse_gray"},
         {"predicate": {"custom_model_data": 6231}, "model": "costumes/horse_gray_back"},
		 
		 {"predicate": {"custom_model_data": 6308}, "model": "costumes/evoker"},
         {"predicate": {"custom_model_data": 6330}, "model": "costumes/horse_black"},
         {"predicate": {"custom_model_data": 6331}, "model": "costumes/horse_black_back"},
		 
         {"predicate": {"custom_model_data": 6408}, "model": "costumes/evocation_fang"},         
         {"predicate": {"custom_model_data": 6430}, "model": "costumes/donkey"},
         {"predicate": {"custom_model_data": 6431}, "model": "costumes/donkey_back"},

         {"predicate": {"custom_model_data": 6508}, "model": "costumes/illusioner"},
         {"predicate": {"custom_model_data": 6530}, "model": "costumes/mule"},
         {"predicate": {"custom_model_data": 6531}, "model": "costumes/mule_back"},
		 
         {"predicate": {"custom_model_data": 6608}, "model": "costumes/ravager"},
         {"predicate": {"custom_model_data": 6630}, "model": "costumes/zombie_horse"},
         {"predicate": {"custom_model_data": 6631}, "model": "costumes/zombie_horse_back"},
		 
		 
         {"predicate": {"custom_model_data": 7027}, "model": "costumes/villager_plains_farmer"},
		 {"predicate": {"custom_model_data": 7127}, "model": "costumes/wandering_trader"},
		 {"predicate": {"custom_model_data": 7227}, "model": "costumes/villager_jungle_fletcher"},
		 {"predicate": {"custom_model_data": 7327}, "model": "costumes/villager_taiga_armorer"},
		 {"predicate": {"custom_model_data": 7427}, "model": "costumes/villager_desert_librarian"},
		 {"predicate": {"custom_model_data": 7527}, "model": "costumes/villager_swamp_nitwit"},
		 {"predicate": {"custom_model_data": 7627}, "model": "costumes/villager_snowy_cartographer"},
		 {"predicate": {"custom_model_data": 7727}, "model": "costumes/villager_savanna_weaponsmith"},
        
         
		{"predicate": {"custom_model_data": 10005}, "model": "costumes/enderman_angry"},
        {"predicate": {"custom_model_data": 10007}, "model": "costumes/shulker_open"},
        {"predicate": {"custom_model_data": 10013}, "model": "costumes/strider_cold"},
        {"predicate": {"custom_model_data": 10014}, "model": "costumes/wither_skull"},
		{"predicate": {"custom_model_data": 10015}, "model": "costumes/ghast_angry"},
        {"predicate": {"custom_model_data": 10022}, "model": "costumes/pufferfish_big"},
        {"predicate": {"custom_model_data": 10032}, "model": "costumes/bee_angry"},
        {"predicate": {"custom_model_data": 11009}, "model": "costumes/slime_big"},
        {"predicate": {"custom_model_data": 11109}, "model": "costumes/magma_cube_big"},
        {"predicate": {"custom_model_data": 11112}, "model": "costumes/vex_charging"},
        {"predicate": {"custom_model_data": 12020}, "model": "costumes/frog_orange_open"},
        {"predicate": {"custom_model_data": 12029}, "model": "costumes/wolf_angry"},
        {"predicate": {"custom_model_data": 12120}, "model": "costumes/frog_white_open"},
        {"predicate": {"custom_model_data": 12129}, "model": "costumes/fox_sleeping"},
        {"predicate": {"custom_model_data": 12206}, "model": "costumes/ender_dragon_open"},
        {"predicate": {"custom_model_data": 12220}, "model": "costumes/frog_green_open"},
        {"predicate": {"custom_model_data": 12229}, "model": "costumes/snow_fox_sleeping"},
        {"predicate": {"custom_model_data": 13301}, "model": "costumes/sans_eye"},
		{"predicate": {"custom_model_data": 16408}, "model": "costumes/evocation_fang_closed"},
        {"predicate": {"custom_model_data": 16608}, "model": "costumes/ravager_roar"},
        
		{"predicate": {"custom_model_data": 20000}, "model": "costumes/error"}	
	]
}