{
    "textures": {
	    "particle": "block/water_red",
        "0": "block/water_red"
    },
	"display": {
		"head": {
			"scale": [1.6,1.6,1.6],
			"translation": [0,-9.1,0]
		},
		"gui": {
			"rotation": [ 90.0, 0.0, 0.0 ],
			"scale": [ 0.33, 0.33, 0.33 ] 
		}
	},
	"elements": [
        {
            "name": "Block",
            "from": [ 0.0, -16.0, 0.0 ], 
            "to": [ 16.0, 16.0, 16.0 ], 
            "faces": {
                "up": { "texture": "#0", "uv": [ 0.0, 0.0, 16.0, 16.0 ] }
            }
        },
		{
            "name": "Block",
            "from": [ -16.0, -16.0, 0.0 ], 
            "to": [ 0.0, 16.0, 16.0 ], 
            "faces": {
                "up": { "texture": "#0", "uv": [ 0.0, 0.0, 16.0, 16.0 ] }
            }
        },
		{
            "name": "Block",
            "from": [ -16.0, -16.0, -16.0 ], 
            "to": [ 0.0, 16.0, 0.0 ], 
            "faces": {
                "up": { "texture": "#0", "uv": [ 0.0, 0.0, 16.0, 16.0 ] }
            }
        },
		{
            "name": "Block",
            "from": [ 0.0, -16.0, -16.0 ], 
            "to": [ 16.0, 16.0, 0.0 ], 
            "faces": {
                "up": { "texture": "#0", "uv": [ 0.0, 0.0, 16.0, 16.0 ] }
            }
        },
				{
            "name": "Block",
            "from": [ 16.0, -16.0, -16.0 ], 
            "to": [ 32.0, 16.0, 0.0 ], 
            "faces": {
                "up": { "texture": "#0", "uv": [ 0.0, 0.0, 16.0, 16.0 ] }
            }
        },
				{
            "name": "Block",
            "from": [ -16.0, -16.0, 16.0 ], 
            "to": [ 0.0, 16.0, 32.0 ], 
            "faces": {
                "up": { "texture": "#0", "uv": [ 0.0, 0.0, 16.0, 16.0 ] }
            }
        },		
				{
            "name": "Block",
            "from": [ 0.0, -16.0, 16.0 ], 
            "to": [ 16.0, 16.0, 32.0 ], 
            "faces": {
                "up": { "texture": "#0", "uv": [ 0.0, 0.0, 16.0, 16.0 ] }
            }
        },
		{
            "name": "Block",
            "from": [ 16.0, -16.0, 16.0 ], 
            "to": [ 32.0, 16.0, 32.0 ], 
            "faces": {
                "up": { "texture": "#0", "uv": [ 0.0, 0.0, 16.0, 16.0 ] }
            }
        },
		{
            "name": "Block",
            "from": [ 16.0, -16.0, 0.0 ], 
            "to": [ 32.0, 16.0, 16.0 ], 
            "faces": {
                "up": { "texture": "#0", "uv": [ 0.0, 0.0, 16.0, 16.0 ] }
            }
        }
	]
}
