{
	"credit": "Made with Blockbench by dragonmaster95",
	"textures": {
		"0": "block/planks_painting",
		"1": "item/painting_tot"
	},
	"elements": [
		{
			"name": "45",
			"from": [-2.02126, 8.67833, 7],
			"to": [-0.02126, 10.67833, 9],
			"rotation": {"angle": 45, "axis": "z", "origin": [8.02938, 8.43438, 7.68182]},
			"faces": {
				"north": {"uv": [0, 0, 5, 5], "rotation": 90, "texture": "#0"},
				"east": {"uv": [0, 5, 5, 6], "texture": "#0"},
				"south": {"uv": [0, 0, 5, 5], "rotation": 90, "texture": "#0"},
				"west": {"uv": [0, 5, 5, 6], "texture": "#0"},
				"up": {"uv": [0, 5, 5, 6], "rotation": 90, "texture": "#0"},
				"down": {"uv": [0, 5, 5, 6], "rotation": 90, "texture": "#0"}
			}
		},
		{
			"name": "Cube",
			"from": [-0.25, 2.5, 7.3],
			"to": [1.25, 12.5, 8.7],
			"rotation": {"angle": 0, "axis": "y", "origin": [8.02938, 8.43438, 7.68182]},
			"faces": {
				"north": {"uv": [0.5, 10, 7.5, 11], "texture": "#0"},
				"east": {"uv": [0.5, 10, 7.5, 11], "texture": "#0"},
				"south": {"uv": [0.5, 10, 7.5, 11], "texture": "#0"},
				"west": {"uv": [0.5, 10, 7.5, 11], "texture": "#0"}
			}
		},
		{
			"name": "Cube",
			"from": [0.75, 2, 7.3],
			"to": [15.25, 3.5, 8.7],
			"rotation": {"angle": 0, "axis": "y", "origin": [8.02938, 8.43438, 7.68182]},
			"faces": {
				"north": {"uv": [0.5, 10, 7.5, 11], "rotation": 90, "texture": "#0"},
				"south": {"uv": [0.5, 10, 7.5, 11], "rotation": 90, "texture": "#0"},
				"up": {"uv": [0.5, 10, 7.5, 11], "rotation": 90, "texture": "#0"},
				"down": {"uv": [0.5, 10, 7.5, 11], "rotation": 90, "texture": "#0"}
			}
		},
		{
			"name": "45",
			"from": [5.0498, 15.7494, 7],
			"to": [7.0498, 17.7494, 9],
			"rotation": {"angle": 45, "axis": "z", "origin": [8.02938, 8.43438, 7.68182]},
			"faces": {
				"north": {"uv": [0, 0, 5, 5], "rotation": 270, "texture": "#0"},
				"east": {"uv": [0, 5, 5, 6], "texture": "#0"},
				"south": {"uv": [0, 0, 5, 5], "rotation": 270, "texture": "#0"},
				"west": {"uv": [0, 5, 5, 6], "texture": "#0"},
				"up": {"uv": [0, 5, 5, 6], "rotation": 90, "texture": "#0"},
				"down": {"uv": [0, 5, 5, 6], "rotation": 90, "texture": "#0"}
			}
		},
		{
			"name": "45",
			"from": [15.30285, 5.49635, 7],
			"to": [17.30285, 7.49635, 9],
			"rotation": {"angle": 45, "axis": "z", "origin": [8.02938, 8.43438, 7.68182]},
			"faces": {
				"north": {"uv": [0, 0, 5, 5], "rotation": 270, "texture": "#0"},
				"east": {"uv": [0, 5, 5, 6], "texture": "#0"},
				"south": {"uv": [0, 0, 5, 5], "rotation": 270, "texture": "#0"},
				"west": {"uv": [0, 5, 5, 6], "texture": "#0"},
				"up": {"uv": [0, 5, 5, 6], "rotation": 90, "texture": "#0"},
				"down": {"uv": [0, 5, 5, 6], "rotation": 90, "texture": "#0"}
			}
		},
		{
			"name": "45",
			"from": [8.23178, -1.57471, 7],
			"to": [10.23178, 0.42529, 9],
			"rotation": {"angle": 45, "axis": "z", "origin": [8.02938, 8.43438, 7.68182]},
			"faces": {
				"north": {"uv": [0, 0, 5, 5], "rotation": 90, "texture": "#0"},
				"east": {"uv": [0, 5, 5, 6], "texture": "#0"},
				"south": {"uv": [0, 0, 5, 5], "rotation": 90, "texture": "#0"},
				"west": {"uv": [0, 5, 5, 6], "texture": "#0"},
				"up": {"uv": [0, 5, 5, 6], "rotation": 90, "texture": "#0"},
				"down": {"uv": [0, 5, 5, 6], "rotation": 90, "texture": "#0"}
			}
		},
		{
			"name": "Cube",
			"from": [14.75, 2.5, 7.3],
			"to": [16.25, 12.5, 8.7],
			"rotation": {"angle": 0, "axis": "y", "origin": [8.02938, 8.43438, 7.68182]},
			"faces": {
				"north": {"uv": [0.5, 10, 7.5, 11], "texture": "#0"},
				"east": {"uv": [0.5, 10, 7.5, 11], "texture": "#0"},
				"south": {"uv": [0.5, 10, 7.5, 11], "texture": "#0"},
				"west": {"uv": [0.5, 10, 7.5, 11], "texture": "#0"}
			}
		},
		{
			"name": "Cube",
			"from": [0.75, 12.5, 7.3],
			"to": [15.25, 14, 8.7],
			"rotation": {"angle": 0, "axis": "y", "origin": [8.02938, 8.43438, 7.68182]},
			"faces": {
				"north": {"uv": [0.5, 10, 7.5, 11], "rotation": 90, "texture": "#0"},
				"south": {"uv": [0.5, 10, 7.5, 11], "rotation": 90, "texture": "#0"},
				"up": {"uv": [0.5, 10, 7.5, 11], "rotation": 90, "texture": "#0"},
				"down": {"uv": [0.5, 10, 7.5, 11], "rotation": 90, "texture": "#0"}
			}
		},
		{
			"name": "Painting",
			"from": [1.25, 3.5, 8],
			"to": [14.75, 12.5, 8],
			"rotation": {"angle": 0, "axis": "y", "origin": [8.02938, 8.43438, 7.68182]},
			"faces": {
				"south": {"uv": [0, 0.003, 16, 15.996], "texture": "#1"}
			}
		},
		{
			"name": "Big 45",
			"from": [6.5, 11.75, 7],
			"to": [9.5, 14.75, 9],
			"rotation": {"angle": 45, "axis": "z", "origin": [8, 13.25, 8]},
			"faces": {
				"north": {"uv": [5, 0, 12, 7], "texture": "#0"},
				"east": {"uv": [0, 5, 5, 6], "texture": "#0"},
				"south": {"uv": [5, 0, 12, 7], "rotation": 90, "texture": "#0"},
				"west": {"uv": [0, 5, 5, 6], "texture": "#0"},
				"up": {"uv": [0, 5, 5, 6], "rotation": 90, "texture": "#0"},
				"down": {"uv": [0, 5, 5, 6], "rotation": 90, "texture": "#0"}
			}
		}
	],
	"gui_light": "front",
	"display": {
		"thirdperson_righthand": {
			"rotation": [90, 0, 0],
			"translation": [-6, 3, 0],
			"scale": [3, 3, 3]
		},
		"firstperson_righthand": {
			"rotation": [-20, 0, 0],
			"translation": [-0.5, 5, 0],
			"scale": [0.5, 0.5, 0.5]
		},
		"head": {
			"scale": [4, 4, 4]
		},
		"fixed": {
			"rotation": [0, -180, 0],
			"translation": [0, 2, -4],
			"scale": [4, 4, 4]
		}
	}
}