{
	"credit": "Made with Blockbench by dragonmaster95",
	"textures": {
		"0": "block/pumpkin_side",
		"1": "block/carved_pumpkin",
		"2": "block/anvil",
		"3": "item/candy",
		"4": "block/orange_stained_glass",
		"particle": "block/orange_stained_glass"
	},
	"elements": [
		{
			"name": "East",
			"from": [12, 4, 5],
			"to": [13, 10, 11],
			"faces": {
				"north": {"uv": [10, 5, 11, 11], "texture": "#0"},
				"east": {"uv": [5, 5, 11, 11], "texture": "#0"},
				"south": {"uv": [5, 5, 6, 11], "texture": "#0"},
				"west": {"uv": [5, 5, 6, 6], "texture": "#1"},
				"up": {"uv": [5, 4, 11, 5], "rotation": 270, "texture": "#0"},
				"down": {"uv": [5, 10, 11, 11], "rotation": 90, "texture": "#0"}
			}
		},
		{
			"name": "West",
			"from": [3, 4, 5],
			"to": [4, 10, 11],
			"faces": {
				"north": {"uv": [5, 5, 6, 11], "texture": "#0"},
				"east": {"uv": [5, 5, 6, 6], "texture": "#1"},
				"south": {"uv": [10, 5, 11, 11], "texture": "#0"},
				"west": {"uv": [5, 5, 11, 11], "texture": "#0"},
				"up": {"uv": [5, 4, 11, 5], "rotation": 90, "texture": "#0"},
				"down": {"uv": [5, 10, 11, 11], "rotation": 270, "texture": "#0"}
			}
		},
		{
			"name": "South",
			"from": [5, 4, 12],
			"to": [11, 10, 13],
			"faces": {
				"north": {"uv": [5, 5, 6, 6], "texture": "#1"},
				"east": {"uv": [10, 5, 11, 11], "texture": "#0"},
				"south": {"uv": [5, 5, 11, 11], "texture": "#0"},
				"west": {"uv": [5, 5, 6, 11], "texture": "#0"},
				"up": {"uv": [5, 4, 11, 5], "texture": "#0"},
				"down": {"uv": [5, 10, 11, 11], "texture": "#0"}
			}
		},
		{
			"name": "SouthWest",
			"from": [4, 4, 11],
			"to": [5, 10, 12],
			"faces": {
				"north": {"uv": [5, 5, 6, 6], "texture": "#1"},
				"east": {"uv": [10, 5, 11, 6], "texture": "#1"},
				"south": {"uv": [4, 5, 5, 11], "texture": "#0"},
				"west": {"uv": [4, 5, 5, 11], "texture": "#0"},
				"up": {"uv": [4, 4, 5, 10], "texture": "#0"},
				"down": {"uv": [4, 5, 5, 10], "texture": "#0"}
			}
		},
		{
			"name": "SouthEast",
			"from": [11, 4, 11],
			"to": [12, 10, 12],
			"faces": {
				"north": {"uv": [5, 5, 6, 6], "texture": "#1"},
				"east": {"uv": [4, 5, 5, 11], "texture": "#0"},
				"south": {"uv": [4, 5, 5, 11], "texture": "#0"},
				"west": {"uv": [4, 5, 5, 6], "texture": "#1"},
				"up": {"uv": [4, 5, 5, 11], "texture": "#0"},
				"down": {"uv": [4, 5, 5, 11], "texture": "#0"}
			}
		},
		{
			"name": "SouthBottom",
			"from": [5, 3, 11],
			"to": [11, 4, 12],
			"faces": {
				"north": {"uv": [5, 5, 6, 6], "texture": "#1"},
				"east": {"uv": [7, 13, 8, 14], "texture": "#0"},
				"south": {"uv": [6, 4, 12, 5], "texture": "#0"},
				"west": {"uv": [5, 10, 6, 11], "texture": "#0"},
				"up": {"uv": [5, 11, 6, 12], "texture": "#1"},
				"down": {"uv": [6, 4, 12, 5], "texture": "#0"}
			}
		},
		{
			"name": "WestBottom",
			"from": [4, 3, 5],
			"to": [5, 4, 11],
			"faces": {
				"north": {"uv": [5, 10, 6, 11], "texture": "#0"},
				"east": {"uv": [5, 5, 6, 6], "texture": "#1"},
				"south": {"uv": [11, 7, 12, 8], "texture": "#0"},
				"west": {"uv": [6, 4, 12, 5], "texture": "#0"},
				"up": {"uv": [5, 11, 6, 12], "texture": "#1"},
				"down": {"uv": [6, 4, 12, 5], "rotation": 270, "texture": "#0"}
			}
		},
		{
			"name": "WestNorth",
			"from": [4, 4, 4],
			"to": [5, 10, 5],
			"faces": {
				"north": {"uv": [4, 5, 5, 11], "texture": "#0"},
				"east": {"uv": [10, 5, 11, 6], "texture": "#1"},
				"south": {"uv": [4, 5, 5, 6], "texture": "#1"},
				"west": {"uv": [4, 5, 5, 11], "texture": "#0"},
				"up": {"uv": [4, 4, 5, 10], "texture": "#0"},
				"down": {"uv": [4, 5, 5, 10], "texture": "#0"}
			}
		},
		{
			"name": "EastNorth",
			"from": [11, 4, 4],
			"to": [12, 10, 5],
			"faces": {
				"north": {"uv": [4, 5, 5, 11], "texture": "#0"},
				"east": {"uv": [4, 5, 5, 11], "texture": "#0"},
				"south": {"uv": [4, 5, 5, 6], "texture": "#1"},
				"west": {"uv": [4, 5, 5, 6], "texture": "#1"},
				"up": {"uv": [4, 4, 5, 10], "texture": "#0"},
				"down": {"uv": [4, 5, 5, 10], "texture": "#0"}
			}
		},
		{
			"name": "EastBottom",
			"from": [11, 3, 5],
			"to": [12, 4, 11],
			"faces": {
				"north": {"uv": [4, 11, 5, 12], "texture": "#0"},
				"east": {"uv": [6, 4, 12, 5], "texture": "#0"},
				"south": {"uv": [10, 6, 11, 7], "texture": "#0"},
				"west": {"uv": [5, 4, 6, 5], "texture": "#1"},
				"up": {"uv": [5, 11, 6, 12], "texture": "#1"},
				"down": {"uv": [6, 4, 12, 5], "rotation": 90, "texture": "#0"}
			}
		},
		{
			"name": "NorthBottom",
			"from": [5, 3, 4],
			"to": [11, 4, 5],
			"faces": {
				"north": {"uv": [6, 4, 12, 5], "texture": "#0"},
				"east": {"uv": [6, 4, 7, 5], "texture": "#0"},
				"south": {"uv": [5, 4, 6, 5], "texture": "#1"},
				"west": {"uv": [7, 10, 8, 11], "texture": "#0"},
				"up": {"uv": [6, 13, 7, 14], "rotation": 180, "texture": "#1"},
				"down": {"uv": [6, 4, 12, 5], "rotation": 180, "texture": "#0"}
			}
		},
		{
			"name": "Bottom",
			"from": [5, 2, 5],
			"to": [11, 3, 11],
			"faces": {
				"north": {"uv": [7, 6, 13, 7], "texture": "#0"},
				"east": {"uv": [7, 6, 8, 12], "rotation": 90, "texture": "#0"},
				"south": {"uv": [7, 11, 13, 12], "texture": "#0"},
				"west": {"uv": [12, 6, 13, 12], "rotation": 270, "texture": "#0"},
				"up": {"uv": [5, 11, 6, 12], "texture": "#1"},
				"down": {"uv": [7, 6, 13, 12], "rotation": 180, "texture": "#0"}
			}
		},
		{
			"name": "NorthTop",
			"from": [5, 10, 4],
			"to": [11, 11, 5],
			"faces": {
				"north": {"uv": [5, 3, 11, 4], "texture": "#0"},
				"east": {"uv": [5, 3, 6, 4], "texture": "#0"},
				"south": {"uv": [5, 3, 11, 4], "rotation": 180, "texture": "#0"},
				"west": {"uv": [6, 10, 7, 11], "texture": "#0"},
				"up": {"uv": [5, 3, 11, 4], "rotation": 180, "texture": "#0"},
				"down": {"uv": [5, 3, 6, 4], "rotation": 180, "texture": "#1"}
			}
		},
		{
			"name": "EastTop",
			"from": [11, 10, 5],
			"to": [12, 11, 11],
			"faces": {
				"north": {"uv": [6, 10, 7, 11], "texture": "#0"},
				"east": {"uv": [5, 3, 11, 4], "texture": "#0"},
				"south": {"uv": [5, 3, 6, 4], "texture": "#0"},
				"west": {"uv": [5, 3, 11, 4], "rotation": 180, "texture": "#0"},
				"up": {"uv": [5, 3, 11, 4], "rotation": 270, "texture": "#0"},
				"down": {"uv": [6, 4, 7, 5], "texture": "#1"}
			}
		},
		{
			"name": "WestTop",
			"from": [4, 10, 5],
			"to": [5, 11, 11],
			"faces": {
				"north": {"uv": [6, 10, 7, 11], "texture": "#0"},
				"east": {"uv": [5, 3, 11, 4], "rotation": 180, "texture": "#0"},
				"south": {"uv": [5, 3, 6, 4], "texture": "#0"},
				"west": {"uv": [5, 3, 11, 4], "texture": "#0"},
				"up": {"uv": [5, 3, 11, 4], "rotation": 90, "texture": "#0"},
				"down": {"uv": [6, 4, 7, 5], "texture": "#1"}
			}
		},
		{
			"name": "SouthTop",
			"from": [5, 10, 11],
			"to": [11, 11, 12],
			"faces": {
				"north": {"uv": [5, 3, 11, 4], "rotation": 180, "texture": "#0"},
				"east": {"uv": [5, 3, 6, 4], "texture": "#0"},
				"south": {"uv": [5, 3, 11, 4], "texture": "#0"},
				"west": {"uv": [6, 10, 7, 11], "texture": "#0"},
				"up": {"uv": [5, 3, 11, 4], "texture": "#0"},
				"down": {"uv": [5, 3, 6, 4], "texture": "#1"}
			}
		},
		{
			"name": "Corner",
			"from": [5, 10, 10],
			"to": [6, 11, 11],
			"faces": {
				"north": {"uv": [1, 0, 2, 1], "texture": "#0"},
				"east": {"uv": [0, 0, 1, 1], "texture": "#0"},
				"up": {"uv": [0, 0, 1, 1], "texture": "#0"},
				"down": {"uv": [5, 3, 6, 4], "texture": "#1"}
			}
		},
		{
			"name": "Corner",
			"from": [10, 10, 10],
			"to": [11, 11, 11],
			"faces": {
				"north": {"uv": [1, 0, 2, 1], "texture": "#0"},
				"west": {"uv": [0, 0, 1, 1], "texture": "#0"},
				"up": {"uv": [0, 0, 1, 1], "texture": "#0"},
				"down": {"uv": [5, 3, 6, 4], "texture": "#1"}
			}
		},
		{
			"name": "Corner",
			"from": [5, 10, 5],
			"to": [6, 11, 6],
			"faces": {
				"east": {"uv": [0, 0, 1, 1], "texture": "#0"},
				"south": {"uv": [0, 0, 1, 1], "texture": "#0"},
				"up": {"uv": [0, 0, 1, 1], "texture": "#0"},
				"down": {"uv": [5, 3, 6, 4], "texture": "#1"}
			}
		},
		{
			"name": "Corner",
			"from": [10, 10, 5],
			"to": [11, 11, 6],
			"faces": {
				"south": {"uv": [0, 0, 1, 1], "texture": "#0"},
				"west": {"uv": [0, 0, 1, 1], "texture": "#0"},
				"up": {"uv": [0, 0, 1, 1], "texture": "#0"},
				"down": {"uv": [5, 3, 6, 4], "texture": "#1"}
			}
		},
		{
			"name": "Face",
			"from": [5, 9.5, 3],
			"to": [11, 10, 4],
			"faces": {
				"north": {"uv": [5, 5, 11, 6], "texture": "#0"},
				"south": {"uv": [5, 5, 6, 6], "texture": "#1"},
				"up": {"uv": [5, 5, 11, 6], "rotation": 180, "texture": "#0"},
				"down": {"uv": [5, 4, 6, 5], "texture": "#1"}
			}
		},
		{
			"name": "Face",
			"from": [5, 4, 3],
			"to": [11, 4.5, 4],
			"faces": {
				"north": {"uv": [5, 10, 11, 11], "texture": "#0"},
				"south": {"uv": [5, 5, 6, 6], "texture": "#1"},
				"up": {"uv": [5, 5, 6, 6], "texture": "#1"},
				"down": {"uv": [5, 10, 11, 11], "rotation": 180, "texture": "#0"}
			}
		},
		{
			"name": "Face",
			"from": [5, 4, 3],
			"to": [5.5, 10, 4],
			"faces": {
				"north": {"uv": [10, 5, 11, 11], "texture": "#0"},
				"east": {"uv": [5, 5, 6, 6], "texture": "#1"},
				"south": {"uv": [5, 5, 6, 6], "texture": "#1"},
				"west": {"uv": [10, 5, 11, 11], "texture": "#0"}
			}
		},
		{
			"name": "Face",
			"from": [10.5, 4, 3],
			"to": [11, 10, 4],
			"faces": {
				"north": {"uv": [5, 5, 6, 11], "texture": "#0"},
				"east": {"uv": [5, 5, 6, 11], "texture": "#0"},
				"south": {"uv": [5, 5, 6, 6], "texture": "#1"},
				"west": {"uv": [5, 5, 6, 6], "texture": "#1"}
			}
		},
		{
			"name": "Face",
			"from": [9.8, 8.2, 3],
			"to": [10.3, 9.6, 4],
			"rotation": {"angle": 22.5, "axis": "z", "origin": [10, 10, 3]},
			"faces": {
				"north": {"uv": [5, 5, 6, 7], "texture": "#0"},
				"south": {"uv": [5, 5, 6, 6], "texture": "#1"},
				"west": {"uv": [5, 5, 6, 6], "texture": "#1"}
			}
		},
		{
			"name": "Face",
			"from": [8.5, 9, 3],
			"to": [9, 10.1, 4],
			"rotation": {"angle": -45, "axis": "z", "origin": [8.5, 9.5, 3]},
			"faces": {
				"north": {"uv": [7, 5, 8, 7], "texture": "#0"},
				"east": {"uv": [5, 5, 6, 6], "texture": "#1"},
				"south": {"uv": [5, 5, 6, 6], "texture": "#1"}
			}
		},
		{
			"name": "Face",
			"from": [7.45, 9.375, 3],
			"to": [8.15, 9.875, 4],
			"rotation": {"angle": -45, "axis": "z", "origin": [7.4, 10, 8]},
			"faces": {
				"north": {"uv": [8, 5, 9, 6], "texture": "#0"},
				"east": {"uv": [5, 5, 6, 6], "texture": "#1"},
				"south": {"uv": [5, 5, 6, 6], "texture": "#1"},
				"down": {"uv": [5, 5, 6, 6], "texture": "#1"}
			}
		},
		{
			"name": "Face",
			"from": [7.5, 5.99, 3],
			"to": [8.5, 9.99, 4],
			"faces": {
				"north": {"uv": [7, 5, 9, 9], "texture": "#0"},
				"east": {"uv": [5, 5, 6, 6], "texture": "#1"},
				"south": {"uv": [5, 5, 6, 6], "texture": "#1"},
				"west": {"uv": [5, 5, 6, 6], "texture": "#1"}
			}
		},
		{
			"name": "Face",
			"from": [5.84, 7.575, 3],
			"to": [6.27, 8.995, 4],
			"rotation": {"angle": -22.5, "axis": "z", "origin": [7.4, 10, 8]},
			"faces": {
				"north": {"uv": [10, 5, 11, 6], "texture": "#0"},
				"east": {"uv": [5, 5, 6, 6], "texture": "#1"},
				"south": {"uv": [5, 5, 6, 6], "texture": "#1"},
				"west": {"uv": [5, 5, 6, 6], "texture": "#1"}
			}
		},
		{
			"name": "Face",
			"from": [5, 5.99, 3],
			"to": [11, 6.99, 4],
			"faces": {
				"north": {"uv": [5, 8, 11, 9], "texture": "#0"},
				"south": {"uv": [5, 5, 6, 6], "texture": "#1"},
				"up": {"uv": [5, 5, 6, 6], "texture": "#1"},
				"down": {"uv": [5, 5, 6, 6], "texture": "#1"}
			}
		},
		{
			"name": "Face",
			"from": [8.18, 7.06, 3],
			"to": [8.64, 8.48, 4],
			"rotation": {"angle": -22.5, "axis": "z", "origin": [7.4, 10, 8]},
			"faces": {
				"north": {"uv": [8, 6, 9, 7], "texture": "#0"},
				"east": {"uv": [5, 5, 6, 6], "texture": "#1"},
				"south": {"uv": [5, 5, 6, 6], "texture": "#1"},
				"west": {"uv": [5, 5, 6, 6], "texture": "#1"}
			}
		},
		{
			"name": "Face",
			"from": [10.48, 6.36, 3],
			"to": [11.14, 7.28, 4],
			"rotation": {"angle": -22.5, "axis": "z", "origin": [7.4, 10, 8]},
			"faces": {
				"north": {"uv": [7, 4, 8, 5], "texture": "#0"},
				"east": {"uv": [5, 5, 6, 6], "texture": "#1"},
				"south": {"uv": [5, 5, 6, 6], "texture": "#1"},
				"west": {"uv": [5, 5, 6, 6], "texture": "#1"},
				"down": {"uv": [5, 5, 6, 6], "texture": "#1"}
			}
		},
		{
			"name": "Face",
			"from": [5.98, 4.16, 3],
			"to": [6.64, 5.08, 4],
			"rotation": {"angle": 22.5, "axis": "z", "origin": [7.4, 10, 8]},
			"faces": {
				"north": {"uv": [7, 11, 8, 12], "texture": "#0"},
				"east": {"uv": [5, 5, 6, 6], "texture": "#1"},
				"south": {"uv": [5, 5, 6, 6], "texture": "#1"},
				"west": {"uv": [5, 5, 6, 6], "texture": "#1"},
				"up": {"uv": [5, 5, 6, 6], "texture": "#1"}
			}
		},
		{
			"name": "Face",
			"from": [5.98, 4.16, 3],
			"to": [6.64, 5.08, 4],
			"faces": {
				"north": {"uv": [7, 4, 8, 5], "texture": "#0"},
				"east": {"uv": [5, 5, 6, 6], "texture": "#1"},
				"south": {"uv": [5, 5, 6, 6], "texture": "#1"},
				"west": {"uv": [5, 5, 6, 6], "texture": "#1"},
				"up": {"uv": [5, 5, 6, 6], "texture": "#1"}
			}
		},
		{
			"name": "Face",
			"from": [7.18, 5.36, 3],
			"to": [7.84, 6.28, 4],
			"faces": {
				"north": {"uv": [8, 4, 9, 5], "texture": "#0"},
				"east": {"uv": [5, 5, 6, 6], "texture": "#1"},
				"south": {"uv": [5, 5, 6, 6], "texture": "#1"},
				"west": {"uv": [5, 5, 6, 6], "texture": "#1"},
				"down": {"uv": [5, 5, 6, 6], "texture": "#1"}
			}
		},
		{
			"name": "Face",
			"from": [12.08, 5.86, 3],
			"to": [12.44, 6.78, 4],
			"rotation": {"angle": -22.5, "axis": "z", "origin": [7.4, 10, 8]},
			"faces": {
				"north": {"uv": [7, 8, 8, 9], "texture": "#0"},
				"south": {"uv": [5, 5, 6, 6], "texture": "#1"},
				"west": {"uv": [5, 5, 6, 6], "texture": "#1"},
				"up": {"uv": [5, 5, 6, 6], "texture": "#1"}
			}
		},
		{
			"name": "Face",
			"from": [7.18, 4.66, 3],
			"to": [7.54, 5.78, 4],
			"rotation": {"angle": -22.5, "axis": "z", "origin": [7.4, 10, 8]},
			"faces": {
				"north": {"uv": [6, 6, 7, 7], "texture": "#0"},
				"east": {"uv": [5, 5, 6, 6], "texture": "#1"},
				"south": {"uv": [5, 5, 6, 6], "texture": "#1"},
				"west": {"uv": [5, 5, 6, 6], "texture": "#1"}
			}
		},
		{
			"name": "Handle",
			"from": [4.3, 11, 7.5],
			"to": [4.7, 14, 8.5],
			"faces": {
				"north": {"uv": [0, 0, 0.4, 3], "texture": "#2"},
				"east": {"uv": [0, 0, 1, 3], "texture": "#2"},
				"south": {"uv": [0, 0, 0.4, 3], "texture": "#2"},
				"west": {"uv": [0, 0, 1, 3], "texture": "#2"}
			}
		},
		{
			"name": "Handle",
			"from": [11.3, 11, 7.5],
			"to": [11.7, 14, 8.5],
			"faces": {
				"north": {"uv": [0, 0, 0.4, 3], "texture": "#2"},
				"east": {"uv": [0, 0, 1, 3], "texture": "#2"},
				"south": {"uv": [0, 0, 0.4, 3], "texture": "#2"},
				"west": {"uv": [0, 0, 1, 3], "texture": "#2"}
			}
		},
		{
			"name": "Handle",
			"from": [3.9723, 10.78878, 7.5],
			"to": [4.3723, 12.28878, 8.5],
			"rotation": {"angle": -45, "axis": "z", "origin": [9.97227, 11.99878, 8]},
			"faces": {
				"north": {"uv": [0, 0, 0.4, 1.5], "texture": "#2"},
				"east": {"uv": [0, 0, 1, 1.5], "texture": "#2"},
				"south": {"uv": [0, 0, 0.4, 1.5], "texture": "#2"},
				"west": {"uv": [0, 0, 1, 1.5], "texture": "#2"},
				"up": {"uv": [0, 0, 0.4, 1], "texture": "#2"}
			}
		},
		{
			"name": "Cube",
			"from": [3.96574, 11.67954, 7.5],
			"to": [4.36574, 13.17954, 8.5],
			"rotation": {"angle": -22.5, "axis": "z", "origin": [9.96574, 11.99954, 8.01]},
			"faces": {
				"north": {"uv": [0, 0, 0.4, 1.5], "texture": "#2"},
				"east": {"uv": [0, 0, 1, 1.5], "texture": "#2"},
				"south": {"uv": [0, 0, 0.4, 1.5], "texture": "#2"},
				"west": {"uv": [0, 0, 1, 1.5], "texture": "#2"},
				"up": {"uv": [0, 0, 0.4, 1], "texture": "#2"}
			}
		},
		{
			"name": "Cube",
			"from": [5.93471, 16.04645, 7.5],
			"to": [10.06531, 16.44645, 8.5],
			"faces": {
				"north": {"uv": [0, 0, 4, 0.4], "texture": "#2"},
				"south": {"uv": [0, 0, 4, 0.4], "texture": "#2"},
				"up": {"uv": [0, 0, 4, 1], "texture": "#2"},
				"down": {"uv": [0, 0, 4, 1], "texture": "#2"}
			}
		},
		{
			"name": "Cube",
			"from": [11.92664, 13.20965, 7.5],
			"to": [12.32664, 14.70965, 8.5],
			"rotation": {"angle": 22.5, "axis": "z", "origin": [10.02664, 12.02965, 8.01]},
			"faces": {
				"north": {"uv": [0, 0, 0.4, 1.5], "texture": "#2"},
				"east": {"uv": [0, 0, 1, 1.5], "texture": "#2"},
				"south": {"uv": [0, 0, 0.4, 1.5], "texture": "#2"},
				"west": {"uv": [0, 0, 1, 1.5], "texture": "#2"}
			}
		},
		{
			"name": "Cube",
			"from": [12.77996, 13.62706, 7.5],
			"to": [13.17996, 15.12706, 8.5],
			"rotation": {"angle": 45, "axis": "z", "origin": [10.02996, 12.02706, 8]},
			"faces": {
				"north": {"uv": [0, 0, 0.4, 1.58], "texture": "#2"},
				"east": {"uv": [0, 0, 1, 1.58], "texture": "#2"},
				"south": {"uv": [0, 0, 0.4, 1.58], "texture": "#2"},
				"west": {"uv": [0, 0, 1, 1.58], "texture": "#2"},
				"up": {"uv": [0, 0, 0.4, 1], "texture": "#2"}
			}
		},
		{
			"name": "Cube",
			"from": [5.1, 4.1, 4.1],
			"to": [10.9, 10.1, 11.9],
			"faces": {
				"north": {"uv": [0, 0, 7.8, 6], "texture": "#3"},
				"east": {"uv": [0, 0, 5.8, 6], "texture": "#3"},
				"south": {"uv": [0, 0, 7.8, 6], "texture": "#3"},
				"west": {"uv": [0, 0, 5.8, 6], "texture": "#3"},
				"up": {"uv": [0.1, 0.1, 5.9, 7.9], "texture": "#3"},
				"down": {"uv": [0, 0, 7.8, 5.8], "texture": "#3"}
			}
		},
		{
			"name": "Cube",
			"from": [5.9, 9.8, 6.1],
			"to": [6.9, 10.8, 8.1],
			"rotation": {"angle": 22.5, "axis": "x", "origin": [6.4, 10.3, 7.6]},
			"faces": {
				"north": {"uv": [0, 2, 1, 3], "texture": "#3"},
				"east": {"uv": [0, 2, 1, 4], "rotation": 90, "texture": "#3"},
				"south": {"uv": [0, 3, 1, 4], "texture": "#3"},
				"west": {"uv": [0, 2, 1, 4], "rotation": 270, "texture": "#3"},
				"up": {"uv": [0, 2, 1, 4], "texture": "#3"}
			}
		},
		{
			"name": "Cube",
			"from": [8.1, 9.45, 5.475],
			"to": [9.1, 11.45, 6.475],
			"rotation": {"angle": -22.5, "axis": "x", "origin": [8.6, 9.95, 5.975]},
			"faces": {
				"north": {"uv": [3, 3, 4, 5], "rotation": 180, "texture": "#3"},
				"east": {"uv": [3, 3, 4, 5], "rotation": 180, "texture": "#3"},
				"south": {"uv": [3, 3, 4, 5], "rotation": 180, "texture": "#3"},
				"west": {"uv": [3, 3, 4, 5], "rotation": 180, "texture": "#3"},
				"up": {"uv": [3, 4, 4, 5], "rotation": 180, "texture": "#3"}
			}
		},
		{
			"name": "Cube",
			"from": [6.1, 9.35, 6.1],
			"to": [8.1, 10.35, 7.1],
			"rotation": {"angle": 22.5, "axis": "z", "origin": [6.6, 9.85, 6.6]},
			"faces": {
				"north": {"uv": [2, 2, 3, 4], "rotation": 90, "texture": "#3"},
				"east": {"uv": [2, 3, 3, 4], "texture": "#3"},
				"south": {"uv": [2, 2, 3, 4], "rotation": 270, "texture": "#3"},
				"up": {"uv": [2, 2, 3, 4], "rotation": 270, "texture": "#3"}
			}
		},
		{
			"name": "Cube",
			"from": [9.1, 9.35, 9.1],
			"to": [11.1, 10.35, 10.1],
			"rotation": {"angle": 22.5, "axis": "z", "origin": [9.6, 9.85, 9.6]},
			"faces": {
				"north": {"uv": [0, 4, 1, 6], "rotation": 90, "texture": "#3"},
				"east": {"uv": [0, 5, 1, 6], "texture": "#3"},
				"south": {"uv": [0, 4, 1, 6], "rotation": 270, "texture": "#3"},
				"up": {"uv": [0, 4, 1, 6], "rotation": 270, "texture": "#3"}
			}
		},
		{
			"name": "Cube",
			"from": [8.1, 10.35, 8.1],
			"to": [10.1, 11.35, 9.1],
			"rotation": {"angle": -22.5, "axis": "z", "origin": [8.6, 10.85, 8.6]},
			"faces": {
				"north": {"uv": [14, 10, 15, 12], "rotation": 90, "texture": "#3"},
				"east": {"uv": [14, 11, 15, 12], "texture": "#3"},
				"south": {"uv": [14, 10, 15, 12], "rotation": 270, "texture": "#3"},
				"west": {"uv": [14, 10, 15, 11], "texture": "#3"},
				"up": {"uv": [14, 10, 15, 12], "rotation": 270, "texture": "#3"},
				"down": {"uv": [14, 10, 15, 12], "rotation": 270, "texture": "#3"}
			}
		},
		{
			"name": "Cube",
			"from": [5.1, 10.25, 8.1],
			"to": [7.1, 11.25, 9.1],
			"rotation": {"angle": -45, "axis": "z", "origin": [5.6, 10.75, 8.6]},
			"faces": {
				"north": {"uv": [12, 8, 13, 10], "rotation": 270, "texture": "#3"},
				"south": {"uv": [12, 8, 13, 10], "rotation": 90, "texture": "#3"},
				"west": {"uv": [12, 9, 13, 10], "texture": "#3"},
				"up": {"uv": [12, 8, 13, 10], "rotation": 90, "texture": "#3"},
				"down": {"uv": [12, 8, 13, 10], "rotation": 90, "texture": "#3"}
			}
		},
		{
			"name": "Cube",
			"from": [7.1, 9.35, 8.1],
			"to": [9.1, 10.35, 9.1],
			"rotation": {"angle": 45, "axis": "y", "origin": [7.6, 9.85, 8.6]},
			"faces": {
				"north": {"uv": [2, 0, 3, 2], "rotation": 90, "texture": "#3"},
				"east": {"uv": [2, 1, 3, 2], "texture": "#3"},
				"south": {"uv": [2, 0, 3, 2], "rotation": 270, "texture": "#3"},
				"west": {"uv": [2, 0, 3, 1], "texture": "#3"},
				"up": {"uv": [2, 0, 3, 2], "rotation": 270, "texture": "#3"},
				"down": {"uv": [2, 0, 3, 2], "texture": "#3"}
			}
		},
		{
			"name": "Cube",
			"from": [7.1, 9.35, 9.35],
			"to": [9.1, 10.35, 10.35],
			"rotation": {"angle": -22.5, "axis": "y", "origin": [7.6, 9.85, 9.85]},
			"faces": {
				"north": {"uv": [5, 13, 6, 15], "rotation": 270, "texture": "#3"},
				"east": {"uv": [5, 13, 6, 14], "texture": "#3"},
				"south": {"uv": [5, 13, 6, 15], "rotation": 90, "texture": "#3"},
				"west": {"uv": [5, 14, 6, 15], "texture": "#3"},
				"up": {"uv": [5, 13, 6, 15], "rotation": 90, "texture": "#3"},
				"down": {"uv": [5, 13, 6, 15], "texture": "#3"}
			}
		},
		{
			"name": "Cube",
			"from": [9.1, 9.35, 6.35],
			"to": [10.1, 10.35, 8.35],
			"rotation": {"angle": 22.5, "axis": "y", "origin": [9.6, 9.85, 6.85]},
			"faces": {
				"north": {"uv": [11, 11, 12, 12], "rotation": 90, "texture": "#3"},
				"east": {"uv": [11, 10, 12, 12], "rotation": 270, "texture": "#3"},
				"south": {"uv": [11, 10, 12, 11], "rotation": 90, "texture": "#3"},
				"west": {"uv": [11, 10, 12, 12], "rotation": 90, "texture": "#3"},
				"up": {"uv": [11, 10, 12, 12], "rotation": 180, "texture": "#3"},
				"down": {"uv": [11, 10, 12, 12], "rotation": 90, "texture": "#3"}
			}
		},
		{
			"from": [5.5, 4.5, 3.5],
			"to": [10.5, 9.5, 3.5],
			"rotation": {"angle": 0, "axis": "y", "origin": [13, 12.5, 11]},
			"faces": {
				"north": {"uv": [1, 1, 15, 15], "texture": "#4"},
				"south": {"uv": [15, 1, 1, 15], "texture": "#4"}
			}
		}
	],
	"display": {
		"thirdperson_righthand": {
			"rotation": [90, 0, 0],
			"translation": [0, 0, -5.5]
		},
		"firstperson_righthand": {
			"translation": [0, -3, 0]
		},
		"gui": {
			"rotation": [0, 150, 30],
			"translation": [0.5, 1.25, -80],
			"scale": [1.21, 1.21, 1.21]
		}
	}
}