{
    "__comment": "Model generated using MrCrayfish's Model Creator (http://mrcrayfish.com/modelcreator/)",
    "textures": {
        "0": "entity/spider/cave_spider_model"
    },
	"display": {
		"head": {
			"scale": [3,3,3],
			"translation": [0,-40,0],
			"rotation": [0, 0, -45]
		},
		"thirdperson_righthand": {
			"scale": [3,3,3],
			"rotation": [90, 0, -45],
			"translation": [-6, 0, -10]
		}
	},
    "elements": [
        {
            "name": "Head",
            "from": [ 1.0, 17.0, -16.0 ], 
            "to": [ 15.0, 31.0, -2.0 ], 
            "rotation": { "origin": [ 8.0, 8.0, 8.0 ], "axis": "z", "angle": 45.0 },
            "faces": {
                "north": { "texture": "#0", "uv": [ 10.0, 3.0, 12.0, 5.0 ] },
                "east": { "texture": "#0", "uv": [ 8.0, 3.0, 10.0, 5.0 ] },
                "south": { "texture": "#0", "uv": [ 14.0, 3.0, 16.0, 5.0 ] },
                "west": { "texture": "#0", "uv": [ 12.0, 3.0, 14.0, 5.0 ] },
                "up": { "texture": "#0", "uv": [ 10.0, 1.0, 12.0, 3.0 ] },
                "down": { "texture": "#0", "uv": [ 12.0, 1.0, 14.0, 3.0 ] }
            }
        },
        {
            "name": "Middle",
            "from": [ 2.5000000074505806, 18.5, -2.0 ], 
            "to": [ 13.50000000745058, 29.5, 9.0 ], 
            "rotation": { "origin": [ 8.0, 8.0, 8.0 ], "axis": "z", "angle": 45.0 },
            "faces": {
                "north": { "texture": "#0", "uv": [ 1.5000000000000004, 1.5000000000000004, 3.0, 3.000000000000001 ] },
                "east": { "texture": "#0", "uv": [ 8.881784197001252E-16, 1.5000000000000004, 1.5000000000000018, 3.0 ] },
                "south": { "texture": "#0", "uv": [ 4.500000000000002, 1.5000000000000004, 6.0000000000000036, 3.0 ] },
                "west": { "texture": "#0", "uv": [ 3.0, 1.5000000000000004, 4.5, 3.0 ] },
                "up": { "texture": "#0", "uv": [ 1.5, 0.0, 3.0, 1.5 ] },
                "down": { "texture": "#0", "uv": [ 3.0, 0.0, 4.499999999999998, 1.4999999999999996 ] }
            }
        },
        {
            "name": "Back",
            "from": [ -1.0, 17.0, 8.0 ], 
            "to": [ 17.0, 31.0, 32.0 ], 
            "rotation": { "origin": [ 8.0, 8.0, 8.0 ], "axis": "z", "angle": 45.0 },
            "faces": {
                "north": { "texture": "#0", "uv": [ 3.5000000000000004, 5.500000000000002, 5.500000000000002, 8.0 ], "rotation": 90 },
                "east": { "texture": "#0", "uv": [ 0.0, 6.0, 3.000000000000001, 8.0 ] },
                "south": { "texture": "#0", "uv": [ 8.499999999999998, 6.0, 11.0, 8.0 ] },
                "west": { "texture": "#0", "uv": [ 6.0, 6.0, 9.0, 8.0 ] },
                "up": { "texture": "#0", "uv": [ 3.0, 3.0, 5.499999999999998, 5.9999999999999964 ], "rotation": 180 },
                "down": { "texture": "#0", "uv": [ 6.0, 3.0, 8.0, 6.0 ] }
            }
        },
        {
            "name": "Leg1",
            "from": [ 0.0, 21.0, 0.0 ], 
            "to": [ 23.0, 25.0, 4.0 ], 
            "faces": {
                "north": { "texture": "#0", "uv": [ 6.4999999999999964, 0.5000000000000018, 9.000000000000004, 1.0 ] },
                "east": { "texture": "#0", "uv": [ 9.0, 0.5, 9.5, 1.0 ] },
                "south": { "texture": "#0", "uv": [ 10.500000000000002, 0.5, 13.0, 0.9999999999999999 ] },
                "west": { "texture": "#0", "uv": [ 6.0, 6.0, 9.0, 8.0 ] },
                "up": { "texture": "#0", "uv": [ 6.499999999999998, 0.0, 9.0, 0.49999999999999656 ] },
                "down": { "texture": "#0", "uv": [ 10.499999999999998, 0.0, 13.0, 0.5000000000000001 ] }
            }
        },
        {
            "name": "Leg2",
            "from": [ 0.0, 20.899999998509884, 0.0 ], 
            "to": [ 25.0, 24.899999998509884, 4.0 ], 
            "rotation": { "origin": [ -6.0, 22.0, 2.0 ], "axis": "y", "angle": -22.5 },
            "faces": {
                "north": { "texture": "#0", "uv": [ 5.999999999999998, 0.5000000000000018, 9.000000000000004, 1.0 ] },
                "east": { "texture": "#0", "uv": [ 9.0, 0.5, 9.5, 1.0 ] },
                "south": { "texture": "#0", "uv": [ 10.000000000000004, 0.5, 13.0, 0.9999999999999999 ] },
                "west": { "texture": "#0", "uv": [ 6.0, 6.0, 9.0, 8.0 ] },
                "up": { "texture": "#0", "uv": [ 5.9999999999999964, 0.0, 9.0, 0.49999999999999656 ] },
                "down": { "texture": "#0", "uv": [ 9.999999999999996, 0.0, 13.0, 0.5000000000000001 ] }
            }
        },
        {
            "name": "Leg3",
            "from": [ 0.0, 21.100000001490116, 0.0 ], 
            "to": [ 32.0, 25.100000001490116, 4.0 ], 
            "rotation": { "origin": [ -6.0, 22.0, 2.0 ], "axis": "y", "angle": -45.0 },
            "faces": {
                "north": { "texture": "#0", "uv": [ 5.4999999999999964, 0.5000000000000018, 9.000000000000004, 1.0 ] },
                "east": { "texture": "#0", "uv": [ 9.0, 0.5, 9.5, 1.0 ] },
                "south": { "texture": "#0", "uv": [ 9.500000000000002, 0.5, 13.0, 0.9999999999999999 ] },
                "west": { "texture": "#0", "uv": [ 6.0, 6.0, 9.0, 8.0 ] },
                "up": { "texture": "#0", "uv": [ 5.499999999999998, 0.0, 9.0, 0.49999999999999656 ] },
                "down": { "texture": "#0", "uv": [ 9.499999999999998, 0.0, 13.0, 0.5000000000000001 ] }
            }
        },
        {
            "name": "Leg4",
            "from": [ 0.0, 21.100000001490116, 0.0 ], 
            "to": [ 24.0, 25.100000001490116, 4.0 ], 
            "rotation": { "origin": [ -6.0, 22.0, 2.0 ], "axis": "y", "angle": 22.5 },
            "faces": {
                "north": { "texture": "#0", "uv": [ 5.4999999999999964, 0.5000000000000018, 9.000000000000004, 1.0 ] },
                "east": { "texture": "#0", "uv": [ 9.0, 0.5, 9.5, 1.0 ] },
                "south": { "texture": "#0", "uv": [ 9.500000000000002, 0.5, 13.0, 0.9999999999999999 ] },
                "west": { "texture": "#0", "uv": [ 6.0, 6.0, 9.0, 8.0 ] },
                "up": { "texture": "#0", "uv": [ 5.499999999999998, 0.0, 9.0, 0.49999999999999656 ] },
                "down": { "texture": "#0", "uv": [ 11.499999999999998, 0.0, 13.0, 0.5000000000000001 ] }
            }
        },
        {
            "name": "Leg5",
            "from": [ -9.0, -7.0, 0.0 ], 
            "to": [ -5.0, 16.0, 4.0 ], 
            "faces": {
                "north": { "texture": "#0", "uv": [ 5.4999999999999964, 0.5000000000000018, 8.500000000000002, 1.0 ], "rotation": 270 },
                "east": { "texture": "#0", "uv": [ 10.000000000000004, 2.7755575615628914E-17, 13.000000000000002, 0.5000000000000001 ], "rotation": 90 },
                "south": { "texture": "#0", "uv": [ 10.000000000000004, 0.5, 13.0, 0.9999999999999999 ], "rotation": 90 },
                "west": { "texture": "#0", "uv": [ 6.0, 2.7755575615628914E-17, 9.0, 0.5000000000000001 ], "rotation": 90 },
                "up": { "texture": "#0", "uv": [ 6.499999999999998, 0.0, 9.0, 0.49999999999999656 ] },
                "down": { "texture": "#0", "uv": [ 5.499999999999998, 0.0, 6.0, 0.5000000000000001 ] }
            }
        },
        {
            "name": "Leg6",
            "from": [ -9.0, -9.0, 0.0 ], 
            "to": [ -5.0, 16.0, 4.0 ], 
            "rotation": { "origin": [ -6.0, 22.0, 2.0 ], "axis": "x", "angle": -22.5 },
            "faces": {
                "north": { "texture": "#0", "uv": [ 5.4999999999999964, 0.5000000000000018, 8.500000000000002, 1.0 ], "rotation": 270 },
                "east": { "texture": "#0", "uv": [ 10.000000000000004, 2.7755575615628914E-17, 13.000000000000002, 0.5000000000000001 ], "rotation": 90 },
                "south": { "texture": "#0", "uv": [ 10.500000000000002, 0.5, 13.0, 0.9999999999999999 ], "rotation": 90 },
                "west": { "texture": "#0", "uv": [ 6.0, 2.7755575615628914E-17, 9.0, 0.5000000000000001 ], "rotation": 90 },
                "up": { "texture": "#0", "uv": [ 6.499999999999998, 0.0, 9.0, 0.49999999999999656 ] },
                "down": { "texture": "#0", "uv": [ 5.499999999999998, 0.0, 6.0, 0.5000000000000001 ] }
            }
        },
        {
            "name": "Leg7",
            "from": [ -9.0, -16.0, 0.0 ], 
            "to": [ -5.0, 16.0, 4.0 ], 
            "rotation": { "origin": [ -6.0, 22.0, 2.0 ], "axis": "x", "angle": -45.0 },
            "faces": {
                "north": { "texture": "#0", "uv": [ 5.4999999999999964, 0.5000000000000018, 8.500000000000002, 1.0 ], "rotation": 270 },
                "east": { "texture": "#0", "uv": [ 10.000000000000004, 2.7755575615628914E-17, 13.000000000000002, 0.5000000000000001 ], "rotation": 90 },
                "south": { "texture": "#0", "uv": [ 10.500000000000002, 0.5, 13.0, 0.9999999999999999 ], "rotation": 90 },
                "west": { "texture": "#0", "uv": [ 6.0, 2.7755575615628914E-17, 9.0, 0.5000000000000001 ], "rotation": 90 },
                "up": { "texture": "#0", "uv": [ 6.499999999999998, 0.0, 9.0, 0.49999999999999656 ] },
                "down": { "texture": "#0", "uv": [ 5.499999999999998, 0.0, 6.0, 0.5000000000000001 ] }
            }
        },
        {
            "name": "Cube",
            "from": [ -9.0, -8.0, 0.0 ], 
            "to": [ -5.0, 16.0, 4.0 ], 
            "rotation": { "origin": [ -6.0, 22.0, 2.0 ], "axis": "x", "angle": 22.5 },
            "faces": {
                "north": { "texture": "#0", "uv": [ 5.4999999999999964, 0.5000000000000018, 8.500000000000002, 1.0 ], "rotation": 270 },
                "east": { "texture": "#0", "uv": [ 10.000000000000004, 2.7755575615628914E-17, 13.000000000000002, 0.5000000000000001 ], "rotation": 90 },
                "south": { "texture": "#0", "uv": [ 10.500000000000002, 0.5, 13.0, 0.9999999999999999 ], "rotation": 90 },
                "west": { "texture": "#0", "uv": [ 6.0, 2.7755575615628914E-17, 9.0, 0.5000000000000001 ], "rotation": 90 },
                "up": { "texture": "#0", "uv": [ 6.499999999999998, 0.0, 9.0, 0.49999999999999656 ] },
                "down": { "texture": "#0", "uv": [ 5.499999999999998, 0.0, 6.0, 0.5000000000000001 ] }
            }
        }
    ]
}