{
    "parent": "item/handheld_rod",
    "textures": {
        "layer0": "item/carrot_on_a_stick"
    },
    "overrides": [
        {
            "predicate": {
                "damaged": 0,
                "damage": 0.25
            },
            "model": "item/carrot_on_a_stick/carrot_on_a_stick_02"
        },
        {
            "predicate": {
                "damaged": 0,
                "damage": 0.5
            },
            "model": "item/carrot_on_a_stick/carrot_on_a_stick_03"
        },
        {
            "predicate": {
                "damaged": 0,
                "damage": 0.75
            },
            "model": "item/carrot_on_a_stick/carrot_on_a_stick_04"
        }
    ]
}