{
	"credit": "Made with Blockbench",
	"textures": {
		"0": "item/lazoh",
		"particle": "item/lazoh"
	},
	"elements": [
		{
			"name": "head",
			"from": [4, 23.5, 4],
			"to": [12, 31, 12],
			"faces": {
				"north": {"uv": [2, 2, 4, 4], "texture": "#0"},
				"east": {"uv": [0, 2, 2, 4], "texture": "#0"},
				"south": {"uv": [6, 2, 8, 4], "texture": "#0"},
				"west": {"uv": [4, 2, 6, 4], "texture": "#0"},
				"up": {"uv": [4, 2, 2, 0], "texture": "#0"},
				"down": {"uv": [6, 0, 4, 2], "texture": "#0"}
			}
		},
		{
			"name": "head_2nd_layer",
			"from": [3.75, 23.25, 3.75],
			"to": [12.25, 31.25, 12.25],
			"faces": {
				"north": {"uv": [10, 2, 12, 4], "texture": "#0"},
				"east": {"uv": [8, 2, 10, 4], "texture": "#0"},
				"south": {"uv": [14, 2, 16, 4], "texture": "#0"},
				"west": {"uv": [12, 2, 14, 4], "texture": "#0"},
				"up": {"uv": [12, 2, 10, 0], "texture": "#0"},
				"down": {"uv": [14, 0, 12, 2], "texture": "#0"}
			}
		},
		{
			"name": "body",
			"from": [4, 11.5, 6],
			"to": [12, 23.5, 10],
			"faces": {
				"north": {"uv": [5, 5, 7, 7.98], "texture": "#0"},
				"east": {"uv": [4, 5, 5, 8], "texture": "#0"},
				"south": {"uv": [8, 5, 10, 8], "texture": "#0"},
				"west": {"uv": [7, 5, 8, 7.98], "texture": "#0"},
				"up": {"uv": [7, 5, 5, 4], "texture": "#0"},
				"down": {"uv": [9, 4, 7, 5], "texture": "#0"}
			}
		},
		{
			"name": "body_2nd_layer",
			"from": [3.75, 11.25, 5.75],
			"to": [12.25, 23.75, 10.25],
			"faces": {
				"north": {"uv": [5, 9, 7, 11.98], "texture": "#0"},
				"east": {"uv": [4, 9, 5, 12], "texture": "#0"},
				"south": {"uv": [8, 9, 10, 12], "texture": "#0"},
				"west": {"uv": [7, 9, 8, 11.98], "texture": "#0"},
				"up": {"uv": [7, 9, 5, 8], "texture": "#0"},
				"down": {"uv": [9, 8, 7, 9], "texture": "#0"}
			}
		},
		{
			"name": "right_arm",
			"from": [12, 16.5, 6],
			"to": [16, 23.5, 10],
			"rotation": {"angle": 22.5, "axis": "z", "origin": [12, 23, 6]},
			"faces": {
				"north": {"uv": [11, 5, 12, 6.75], "texture": "#0"},
				"east": {"uv": [10, 5, 11, 6.75], "texture": "#0"},
				"south": {"uv": [13, 5, 14, 6.75], "texture": "#0"},
				"west": {"uv": [12, 5, 13, 6.75], "texture": "#0"},
				"up": {"uv": [12, 5, 11, 4], "texture": "#0"},
				"down": {"uv": [13, 4, 12, 5], "texture": "#0"}
			}
		},
		{
			"name": "right_arm_2nd_layer",
			"from": [11.75, 16.25, 5.75],
			"to": [16.25, 23.75, 10.25],
			"rotation": {"angle": 22.5, "axis": "z", "origin": [12, 23, 6]},
			"faces": {
				"north": {"uv": [11, 9, 12, 10.75], "texture": "#0"},
				"east": {"uv": [10, 9, 11, 10.75], "texture": "#0"},
				"south": {"uv": [13, 9, 14, 10.75], "texture": "#0"},
				"west": {"uv": [12, 9, 13, 10.75], "texture": "#0"},
				"up": {"uv": [12, 9, 11, 8], "texture": "#0"},
				"down": {"uv": [13, 8, 12, 9], "texture": "#0"}
			}
		},
		{
			"name": "right_arm",
			"from": [11.5, 14, 6.001],
			"to": [18.5, 18, 10.001],
			"rotation": {"angle": 22.5, "axis": "z", "origin": [15, 17, 6]},
			"faces": {
				"north": {"uv": [11, 6.25, 12, 8], "rotation": 270, "texture": "#0"},
				"east": {"uv": [12, 5, 11, 4], "rotation": 90, "texture": "#0"},
				"south": {"uv": [13, 6.25, 14, 8], "rotation": 90, "texture": "#0"},
				"west": {"uv": [13, 4, 12, 5], "rotation": 90, "texture": "#0"},
				"up": {"uv": [12, 6.25, 13, 8], "rotation": 90, "texture": "#0"},
				"down": {"uv": [10, 6.25, 11, 8], "rotation": 90, "texture": "#0"}
			}
		},
		{
			"name": "right_arm_2nd_layer",
			"from": [11.25, 13.75, 5.7505],
			"to": [18.75, 18.25, 10.2505],
			"rotation": {"angle": 22.5, "axis": "z", "origin": [15, 17, 6]},
			"faces": {
				"north": {"uv": [11, 10.25, 12, 12], "rotation": 270, "texture": "#0"},
				"east": {"uv": [12, 9, 11, 8], "rotation": 90, "texture": "#0"},
				"south": {"uv": [13, 10.25, 14, 12], "rotation": 90, "texture": "#0"},
				"west": {"uv": [13, 8, 12, 9], "rotation": 90, "texture": "#0"},
				"up": {"uv": [12, 10.25, 13, 12], "rotation": 90, "texture": "#0"},
				"down": {"uv": [10, 10.25, 11, 12], "rotation": 90, "texture": "#0"}
			}
		},
		{
			"name": "left_arm",
			"from": [2.25, 18.75, 6.001],
			"to": [6.25, 21.75, 10.001],
			"rotation": {"angle": 0, "axis": "z", "origin": [4, 24, 6]},
			"faces": {
				"north": {"uv": [9, 13.75, 10, 13], "texture": "#0"},
				"east": {"uv": [8, 13.75, 9, 13], "texture": "#0"},
				"south": {"uv": [11, 13.75, 12, 13], "texture": "#0"},
				"west": {"uv": [10, 13.75, 11, 13], "texture": "#0"},
				"up": {"uv": [11, 13, 10, 12], "texture": "#0"},
				"down": {"uv": [10, 12, 9, 13], "texture": "#0"}
			}
		},
		{
			"name": "left_arm_2nd_layer",
			"from": [1.75, 18.25, 5.75],
			"to": [6.25, 21.75, 10.25],
			"rotation": {"angle": 0, "axis": "y", "origin": [4, 24, 6]},
			"faces": {
				"north": {"uv": [13, 13.75, 14, 13], "texture": "#0"},
				"east": {"uv": [12, 13.75, 13, 13], "texture": "#0"},
				"south": {"uv": [15, 13.75, 16, 13], "texture": "#0"},
				"west": {"uv": [14, 13.75, 15, 13], "texture": "#0"},
				"up": {"uv": [15, 13, 14, 12], "texture": "#0"},
				"down": {"uv": [14, 12, 13, 13], "texture": "#0"}
			}
		},
		{
			"name": "left_arm",
			"from": [-5.5, 19, 6.002],
			"to": [6.5, 23, 10.002],
			"rotation": {"angle": -45, "axis": "z", "origin": [4, 24, 6]},
			"faces": {
				"north": {"uv": [9, 13, 10, 16], "rotation": 270, "texture": "#0"},
				"east": {"uv": [10, 13, 9, 12], "rotation": 90, "texture": "#0"},
				"south": {"uv": [11, 13, 12, 16], "rotation": 90, "texture": "#0"},
				"west": {"uv": [11, 12, 10, 13], "rotation": 90, "texture": "#0"},
				"up": {"uv": [10, 13, 11, 16], "rotation": 90, "texture": "#0"},
				"down": {"uv": [8, 13, 9, 16], "rotation": 90, "texture": "#0"}
			}
		},
		{
			"name": "left_arm_2nd_layer",
			"from": [-5.75, 18.75, 5.75],
			"to": [6.75, 23.25, 10.25],
			"rotation": {"angle": -45, "axis": "z", "origin": [4, 24, 6]},
			"faces": {
				"north": {"uv": [13, 13, 14, 16], "rotation": 270, "texture": "#0"},
				"east": {"uv": [14, 13, 13, 12], "rotation": 90, "texture": "#0"},
				"south": {"uv": [15, 13, 16, 16], "rotation": 90, "texture": "#0"},
				"west": {"uv": [15, 12, 14, 13], "rotation": 90, "texture": "#0"},
				"up": {"uv": [14, 13, 15, 16], "rotation": 90, "texture": "#0"},
				"down": {"uv": [12, 13, 13, 16], "rotation": 90, "texture": "#0"}
			}
		},
		{
			"name": "right_leg",
			"from": [8, -0.5, 6],
			"to": [12, 11.5, 10],
			"faces": {
				"north": {"uv": [1, 5, 2, 8], "texture": "#0"},
				"east": {"uv": [0, 5, 1, 8], "texture": "#0"},
				"south": {"uv": [3, 5, 4, 8], "texture": "#0"},
				"west": {"uv": [2, 5, 3, 8], "texture": "#0"},
				"up": {"uv": [2, 5, 1, 4], "texture": "#0"},
				"down": {"uv": [3, 4, 2, 5], "texture": "#0"}
			}
		},
		{
			"name": "right_leg_2nd_layer",
			"from": [7.75, -0.75, 5.75],
			"to": [12.25, 11.75, 10.25],
			"faces": {
				"north": {"uv": [1, 9, 2, 12], "texture": "#0"},
				"east": {"uv": [0, 9, 1, 12], "texture": "#0"},
				"south": {"uv": [3, 9, 4, 12], "texture": "#0"},
				"west": {"uv": [2, 9, 3, 12], "texture": "#0"},
				"up": {"uv": [2, 9, 1, 8], "texture": "#0"},
				"down": {"uv": [3, 8, 2, 9], "texture": "#0"}
			}
		},
		{
			"name": "left_leg",
			"from": [4, -0.5, 6],
			"to": [8, 11.5, 10],
			"faces": {
				"north": {"uv": [5, 13, 6, 16], "texture": "#0"},
				"east": {"uv": [4, 13, 5, 16], "texture": "#0"},
				"south": {"uv": [7, 13, 8, 16], "texture": "#0"},
				"west": {"uv": [6, 13, 7, 16], "texture": "#0"},
				"up": {"uv": [6, 13, 5, 12], "texture": "#0"},
				"down": {"uv": [7, 12, 6, 13], "texture": "#0"}
			}
		},
		{
			"name": "left_leg_2nd_layer",
			"from": [4, -0.5, 6],
			"to": [8, 11.5, 10],
			"faces": {
				"north": {"uv": [1, 13, 2, 16], "texture": "#0"},
				"east": {"uv": [0, 13, 1, 16], "texture": "#0"},
				"south": {"uv": [3, 13, 4, 16], "texture": "#0"},
				"west": {"uv": [2, 13, 3, 16], "texture": "#0"},
				"up": {"uv": [2, 13, 1, 12], "texture": "#0"},
				"down": {"uv": [3, 12, 2, 13], "texture": "#0"}
			}
		}
	],
	"display": {
		"head": {
			"translation": [0, -30.5, 0],
			"scale": [1.5, 1.5, 1.5]
		}
	},
	"groups": [
		{
			"name": "steve",
			"origin": [8, 8, 8],
			"color": 0,
			"nbt": "{}",
			"armAnimationEnabled": false,
			"children": [0, 1, 2, 3, 4, 5, 6, 7, 8, 9, 10, 11, 12, 13, 14, 15]
		}
	]
}