{
	"credit": "Made with Blockbench",
	"textures": {
		"0": "item/thayus",
		"particle": "item/thayus"
	},
	"elements": [
		{
			"name": "head",
			"from": [4, 23.5, 4],
			"to": [12, 31.5, 12],
			"faces": {
				"north": {"uv": [2, 2, 4, 4], "texture": "#0"},
				"east": {"uv": [0, 2, 2, 4], "texture": "#0"},
				"south": {"uv": [6, 2, 8, 4], "texture": "#0"},
				"west": {"uv": [4, 2, 6, 4], "texture": "#0"},
				"up": {"uv": [4, 2, 2, 0], "texture": "#0"},
				"down": {"uv": [6, 0, 4, 2], "texture": "#0"}
			}
		},
		{
			"name": "head",
			"from": [3.875, 23.375, 3.875],
			"to": [12.125, 31.625, 12.125],
			"faces": {
				"north": {"uv": [10, 2, 12, 4], "texture": "#0"},
				"east": {"uv": [8, 2, 10, 4], "texture": "#0"},
				"south": {"uv": [14, 2, 16, 4], "texture": "#0"},
				"west": {"uv": [12, 2, 14, 4], "texture": "#0"},
				"up": {"uv": [12, 2, 10, 0], "texture": "#0"},
				"down": {"uv": [14, 0, 12, 2], "texture": "#0"}
			}
		},
		{
			"name": "body",
			"from": [4, 11.5, 6],
			"to": [12, 23.5, 10],
			"faces": {
				"north": {"uv": [5, 5, 7, 7.98], "texture": "#0"},
				"east": {"uv": [4, 5, 5, 8], "texture": "#0"},
				"south": {"uv": [8, 5, 10, 8], "texture": "#0"},
				"west": {"uv": [7, 5, 8, 7.98], "texture": "#0"},
				"up": {"uv": [7, 5, 5, 4], "texture": "#0"},
				"down": {"uv": [9, 4, 7, 5], "texture": "#0"}
			}
		},
		{
			"name": "body",
			"from": [3.875, 11.375, 5.875],
			"to": [12.125, 23.625, 10.125],
			"faces": {
				"north": {"uv": [5, 9, 7, 11.98], "texture": "#0"},
				"east": {"uv": [4, 9, 5, 12], "texture": "#0"},
				"south": {"uv": [8, 9, 10, 12], "texture": "#0"},
				"west": {"uv": [7, 9, 8, 11.98], "texture": "#0"},
				"up": {"uv": [7, 9, 5, 8], "texture": "#0"},
				"down": {"uv": [9, 8, 7, 9], "texture": "#0"}
			}
		},
		{
			"name": "right_arm",
			"from": [10.94729, 15.21299, 5.5],
			"to": [18.94729, 19.21299, 9.5],
			"rotation": {"angle": 22.5, "axis": "z", "origin": [16.44729, 17.21299, 4.5]},
			"faces": {
				"north": {"uv": [11, 6, 12, 8], "rotation": 270, "texture": "#0"},
				"east": {"uv": [12, 5, 11, 4], "rotation": 90, "texture": "#0"},
				"south": {"uv": [13, 6, 14, 8], "rotation": 90, "texture": "#0"},
				"west": {"uv": [13, 4, 12, 5], "rotation": 90, "texture": "#0"},
				"up": {"uv": [12, 6, 13, 8], "rotation": 90, "texture": "#0"},
				"down": {"uv": [10, 6, 11, 8], "rotation": 90, "texture": "#0"}
			}
		},
		{
			"name": "right_arm",
			"from": [10.44729, 14.71299, 5],
			"to": [19.44729, 19.71299, 10],
			"rotation": {"angle": 22.5, "axis": "z", "origin": [16.44729, 17.21299, 4.5]},
			"faces": {
				"north": {"uv": [11, 10, 12, 12], "rotation": 270, "texture": "#0"},
				"east": {"uv": [12, 9, 11, 8], "rotation": 90, "texture": "#0"},
				"south": {"uv": [13, 10, 14, 12], "rotation": 90, "texture": "#0"},
				"west": {"uv": [13, 8, 12, 9], "rotation": 90, "texture": "#0"},
				"up": {"uv": [12, 10, 13, 12], "rotation": 90, "texture": "#0"},
				"down": {"uv": [10, 10, 11, 12], "rotation": 90, "texture": "#0"}
			}
		},
		{
			"name": "right_leg",
			"from": [8, -0.5, 6],
			"to": [12, 11.5, 10],
			"faces": {
				"north": {"uv": [1, 5, 2, 8], "texture": "#0"},
				"east": {"uv": [0, 5, 1, 8], "texture": "#0"},
				"south": {"uv": [3, 5, 4, 8], "texture": "#0"},
				"west": {"uv": [2, 5, 3, 8], "texture": "#0"},
				"up": {"uv": [2, 5, 1, 4], "texture": "#0"},
				"down": {"uv": [3, 4, 2, 5], "texture": "#0"}
			}
		},
		{
			"name": "right_leg",
			"from": [7.875, -0.625, 5.875],
			"to": [12.125, 11.625, 10.125],
			"faces": {
				"north": {"uv": [1, 9, 2, 12], "texture": "#0"},
				"east": {"uv": [0, 9, 1, 12], "texture": "#0"},
				"south": {"uv": [3, 9, 4, 12], "texture": "#0"},
				"west": {"uv": [2, 9, 3, 12], "texture": "#0"},
				"up": {"uv": [2, 9, 1, 8], "texture": "#0"},
				"down": {"uv": [3, 8, 2, 9], "texture": "#0"}
			}
		},
		{
			"name": "left_leg",
			"from": [4, -0.5, 6],
			"to": [8, 11.5, 10],
			"faces": {
				"north": {"uv": [5, 13, 6, 16], "texture": "#0"},
				"east": {"uv": [4, 13, 5, 16], "texture": "#0"},
				"south": {"uv": [7, 13, 8, 16], "texture": "#0"},
				"west": {"uv": [6, 13, 7, 16], "texture": "#0"},
				"up": {"uv": [6, 13, 5, 12], "texture": "#0"},
				"down": {"uv": [7, 12, 6, 13], "texture": "#0"}
			}
		},
		{
			"name": "left_leg",
			"from": [3.875, -0.625, 5.875],
			"to": [8.125, 11.625, 10.125],
			"faces": {
				"north": {"uv": [1, 13, 2, 16], "texture": "#0"},
				"east": {"uv": [0, 13, 1, 16], "texture": "#0"},
				"south": {"uv": [3, 13, 4, 16], "texture": "#0"},
				"west": {"uv": [2, 13, 3, 16], "texture": "#0"},
				"up": {"uv": [2, 13, 1, 12], "texture": "#0"},
				"down": {"uv": [3, 12, 2, 13], "texture": "#0"}
			}
		},
		{
			"name": "right_arm",
			"from": [11.11941, 17.45702, 5.5],
			"to": [15.11941, 23.45702, 9.5],
			"rotation": {"angle": 22.5, "axis": "z", "origin": [10.11941, 25.95702, 4.5]},
			"faces": {
				"north": {"uv": [11, 5, 12, 6.5], "texture": "#0"},
				"east": {"uv": [10, 5, 11, 6.5], "texture": "#0"},
				"south": {"uv": [13, 5, 14, 6.5], "texture": "#0"},
				"west": {"uv": [12, 5, 13, 6.5], "texture": "#0"},
				"up": {"uv": [12, 5, 11, 4], "texture": "#0"},
				"down": {"uv": [13, 4, 12, 5], "texture": "#0"}
			}
		},
		{
			"name": "right_arm",
			"from": [10.99441, 17.33202, 5.375],
			"to": [15.24441, 23.58202, 9.625],
			"rotation": {"angle": 22.5, "axis": "z", "origin": [10.11941, 25.95702, 4.5]},
			"faces": {
				"north": {"uv": [11, 9, 12, 10.5], "texture": "#0"},
				"east": {"uv": [10, 9, 11, 10.5], "texture": "#0"},
				"south": {"uv": [13, 9, 14, 10.5], "texture": "#0"},
				"west": {"uv": [12, 9, 13, 10.5], "texture": "#0"},
				"up": {"uv": [12, 9, 11, 8], "texture": "#0"},
				"down": {"uv": [13, 8, 12, 9], "texture": "#0"}
			}
		},
		{
			"name": "left_arm",
			"from": [6.40678, 13.69828, 5.875],
			"to": [10.40678, 25.69828, 9.875],
			"rotation": {"angle": -22.5, "axis": "z", "origin": [1.89611, 38.59639, 3.75]},
			"faces": {
				"north": {"uv": [9, 13, 10, 16], "texture": "#0"},
				"east": {"uv": [8, 13, 9, 16], "texture": "#0"},
				"south": {"uv": [11, 13, 12, 16], "texture": "#0"},
				"west": {"uv": [10, 13, 11, 16], "texture": "#0"},
				"up": {"uv": [10, 13, 9, 12], "texture": "#0"},
				"down": {"uv": [11, 12, 10, 13], "texture": "#0"}
			}
		},
		{
			"name": "left_arm",
			"from": [-0.68891, 12.40361, 5.75],
			"to": [3.56109, 20.65361, 10],
			"rotation": {"angle": -22.5, "axis": "z", "origin": [1.35092, 20.48953, 4.75]},
			"faces": {
				"north": {"uv": [13, 14, 14, 16], "texture": "#0"},
				"east": {"uv": [12, 14, 13, 16], "texture": "#0"},
				"south": {"uv": [15, 14, 16, 16], "texture": "#0"},
				"west": {"uv": [14, 14, 15, 16], "texture": "#0"},
				"up": {"uv": [14, 13, 13, 12], "texture": "#0"},
				"down": {"uv": [15, 12, 14, 13], "texture": "#0"}
			}
		}
	],
	"display": {
		"thirdperson_righthand": {
			"translation": [0, -30.5, 0],
			"scale": [1.5, 1.5, 1.5]
		},
		"head": {
			"translation": [0, -31, 0],
			"scale": [1.5, 1.5, 1.5]
		}
	},
	"groups": [
		{
			"name": "steve",
			"origin": [8, 8, 8],
			"color": 0,
			"children": [
				0,
				1,
				2,
				3,
				{
					"name": "bottom right arm",
					"origin": [8, 8, 8],
					"color": 0,
					"children": [4, 5]
				},
				6,
				7,
				8,
				9
			]
		},
		{
			"name": "upper right arm",
			"origin": [8, 8, 8],
			"color": 0,
			"children": [10, 11]
		},
		{
			"name": "upper left arm",
			"origin": [8, 8, 8],
			"color": 0,
			"children": []
		},
		{
			"name": "bottom left arm",
			"origin": [-2.92695, 15.17319, -2.125],
			"color": 0,
			"children": [12, 13]
		}
	]
}